NPC 行 ID,Paramdex 名称,角色模型,新版原版有此 NPC 行,官方处决配对数,Ascended 覆盖动画,v0.8 恢复官方动画,处决参数,说明
0,,0,是,0,否,否,官方 1.17.1,原版存在；未定义官方处决配对
1,Human,0,是,0,否,否,官方 1.17.1,原版存在；配对已恢复
2,,0,否,0,否,否,官方 1.17.1,同模型新增变体；沿用官方处决配对
100,,0,是,0,否,否,官方 1.17.1,原版存在；配对已恢复
540,,0,是,0,否,否,官方 1.17.1,原版存在；配对已恢复
541,,0,是,0,否,否,官方 1.17.1,原版存在；配对已恢复
542,,0,是,0,否,否,官方 1.17.1,原版存在；配对已恢复
1000,,0,是,0,否,否,官方 1.17.1,原版存在；配对已恢复
9999,,0,是,0,否,否,官方 1.17.1,原版存在；配对已恢复
1000000,BuddyStone,100,是,0,否,否,官方 1.17.1,原版存在；未定义官方处决配对
1002000,Patrol Dummy,100,是,0,否,否,官方 1.17.1,原版存在；配对已恢复
1100000,Caravan Dummy,110,是,0,否,否,官方 1.17.1,原版存在；未定义官方处决配对
1200000,Bullet Dummy,120,是,0,否,否,官方 1.17.1,原版存在；未定义官方处决配对
1200020,Bullet Dummy,120,是,0,否,否,官方 1.17.1,原版存在；配对已恢复
1200030,Bullet Dummy,120,是,0,否,否,官方 1.17.1,原版存在；配对已恢复
1200041,Bullet Dummy,120,是,0,否,否,官方 1.17.1,原版存在；配对已恢复
1200090,,120,是,0,否,否,官方 1.17.1,原版存在；配对已恢复
1200100,Bullet Dummy,120,是,0,否,否,官方 1.17.1,原版存在；配对已恢复
1300000,Balloon Dummy,130,是,0,否,否,官方 1.17.1,原版存在；未定义官方处决配对
10000000,Bonfire,1000,是,0,否,否,官方 1.17.1,原版存在；未定义官方处决配对
10000100,Talk Dummy,1000,是,0,否,否,官方 1.17.1,原版存在；配对已恢复
10001000,BuddyStone,1000,是,0,否,否,官方 1.17.1,原版存在；配对已恢复
10003000,Talk Dummy,1000,是,0,否,否,官方 1.17.1,原版存在；配对已恢复
10003100,Talk Dummy,1000,是,0,否,否,官方 1.17.1,原版存在；配对已恢复
10004000,,1000,是,0,否,否,官方 1.17.1,原版存在；配对已恢复
10005000,Talk Dummy,1000,是,0,否,否,官方 1.17.1,原版存在；配对已恢复
10006000,,1000,是,0,否,否,官方 1.17.1,原版存在；配对已恢复
10006050,Talk Dummy,1000,是,0,否,否,官方 1.17.1,原版存在；配对已恢复
10100000,Talk Dummy,1010,是,0,否,否,官方 1.17.1,原版存在；未定义官方处决配对
20100000,Blaidd the Half-Wolf,2010,是,5,是,否,官方 1.17.1,原版存在；配对已恢复
20101000,Blaidd the Half-Wolf,2010,是,5,是,否,官方 1.17.1,原版存在；配对已恢复
20107500,Blaidd the Half-Wolf,2010,是,5,是,否,官方 1.17.1,原版存在；配对已恢复
20108000,Blaidd the Half-Wolf,2010,是,5,是,否,官方 1.17.1,原版存在；配对已恢复
20108500,Baleful Shadow,2010,是,5,是,否,官方 1.17.1,原版存在；配对已恢复
20108562,Baleful Shadow,2010,是,5,是,否,官方 1.17.1,原版存在；配对已恢复
20109000,Blaidd the Half-Wolf,2010,是,5,是,否,官方 1.17.1,原版存在；配对已恢复
20109010,Blaidd the Half-Wolf,2010,是,5,是,否,官方 1.17.1,原版存在；配对已恢复
20109020,Blaidd the Half-Wolf,2010,是,5,是,否,官方 1.17.1,原版存在；配对已恢复
20109040,Blaidd the Half-Wolf,2010,是,5,是,否,官方 1.17.1,原版存在；配对已恢复
20109064,Blaidd the Half-Wolf,2010,是,5,是,否,官方 1.17.1,原版存在；配对已恢复
20109110,Blaidd the Half-Wolf,2010,是,5,是,否,官方 1.17.1,原版存在；配对已恢复
20109120,Blaidd the Half-Wolf,2010,是,5,是,否,官方 1.17.1,原版存在；配对已恢复
20109140,Blaidd the Half-Wolf,2010,是,5,是,否,官方 1.17.1,原版存在；配对已恢复
20109210,Blaidd the Half-Wolf,2010,是,5,是,否,官方 1.17.1,原版存在；配对已恢复
20109240,Blaidd the Half-Wolf,2010,是,5,是,否,官方 1.17.1,原版存在；配对已恢复
20109310,Blaidd the Half-Wolf,2010,是,5,是,否,官方 1.17.1,原版存在；配对已恢复
20109410,Blaidd the Half-Wolf,2010,是,5,是,否,官方 1.17.1,原版存在；配对已恢复
20300000,"Rennala, Queen of the Full Moon",2030,是,0,否,否,官方 1.17.1,原版存在；未定义官方处决配对
20300001,,2030,否,0,否,否,官方 1.17.1,同模型新增变体；沿用官方处决配对
20300003,,2030,否,0,否,否,官方 1.17.1,同模型新增变体；沿用官方处决配对
20300024,"Rennala, Queen of the Full Moon",2030,是,0,否,否,官方 1.17.1,原版存在；配对已恢复
20300100,"Rennala, Queen of the Full Moon",2030,是,0,否,否,官方 1.17.1,原版存在；配对已恢复
20300124,"Rennala, Queen of the Full Moon",2030,是,0,否,否,官方 1.17.1,原版存在；配对已恢复
20310000,"Rennala, Queen of the Full Moon",2031,是,2,是,否,官方 1.17.1,原版存在；配对已恢复
20310024,"Rennala, Queen of the Full Moon",2031,是,2,是,否,官方 1.17.1,原版存在；配对已恢复
20310100,"Rennala, Queen of the Full Moon",2031,是,2,是,否,官方 1.17.1,原版存在；配对已恢复
20310124,"Rennala, Queen of the Full Moon",2031,是,2,是,否,官方 1.17.1,原版存在；配对已恢复
20400000,Juvenile Scholar,2040,是,0,否,否,官方 1.17.1,原版存在；未定义官方处决配对
20400024,Juvenile Scholar,2040,是,0,否,否,官方 1.17.1,原版存在；配对已恢复
20401000,Juvenile Scholar,2040,是,0,否,否,官方 1.17.1,原版存在；配对已恢复
20401024,Juvenile Scholar,2040,是,0,否,否,官方 1.17.1,原版存在；配对已恢复
20402000,Juvenile Scholar,2040,是,0,否,否,官方 1.17.1,原版存在；配对已恢复
20402024,Juvenile Scholar,2040,是,0,否,否,官方 1.17.1,原版存在；配对已恢复
20402100,Juvenile Scholar,2040,是,0,否,否,官方 1.17.1,原版存在；配对已恢复
20402124,Juvenile Scholar,2040,是,0,否,否,官方 1.17.1,原版存在；配对已恢复
20402200,Juvenile Scholar,2040,是,0,否,否,官方 1.17.1,原版存在；配对已恢复
20402224,Juvenile Scholar,2040,是,0,否,否,官方 1.17.1,原版存在；配对已恢复
20403000,Juvenile Scholar,2040,是,0,否,否,官方 1.17.1,原版存在；配对已恢复
20403024,Juvenile Scholar,2040,是,0,否,否,官方 1.17.1,原版存在；配对已恢复
20404000,Juvenile Scholar,2040,是,0,否,否,官方 1.17.1,原版存在；配对已恢复
20404024,Juvenile Scholar,2040,是,0,否,否,官方 1.17.1,原版存在；配对已恢复
20410000,Kindred of Rot Larva,2041,是,0,否,否,官方 1.17.1,原版存在；未定义官方处决配对
20410040,Kindred of Rot Larva,2041,是,0,否,否,官方 1.17.1,原版存在；配对已恢复
20410056,Kindred of Rot Larva,2041,是,0,否,否,官方 1.17.1,原版存在；配对已恢复
20500000,Ranni the Witch,2050,是,0,否,否,官方 1.17.1,原版存在；未定义官方处决配对
20500010,Renna the Witch,2050,是,0,否,否,官方 1.17.1,原版存在；配对已恢复
20500020,Ranni the Witch,2050,是,0,否,否,官方 1.17.1,原版存在；配对已恢复
20500100,Ranni the Witch,2050,是,0,否,否,官方 1.17.1,原版存在；配对已恢复
20500122,Ranni the Witch,2050,是,0,否,否,官方 1.17.1,原版存在；配对已恢复
20500178,Ranni the Witch,2050,是,0,否,否,官方 1.17.1,原版存在；配对已恢复
20501000,Ranni the Witch,2050,是,0,否,否,官方 1.17.1,原版存在；配对已恢复
20501022,Ranni the Witch,2050,是,0,否,否,官方 1.17.1,原版存在；配对已恢复
20501100,Ranni the Witch,2050,是,0,否,否,官方 1.17.1,原版存在；配对已恢复
20501122,Ranni the Witch,2050,是,0,否,否,官方 1.17.1,原版存在；配对已恢复
20510000,Ranni the Witch,2051,是,0,否,否,官方 1.17.1,原版存在；未定义官方处决配对
20600000,The Two Fingers,2060,是,0,否,否,官方 1.17.1,原版存在；未定义官方处决配对
20600079,The Two Fingers,2060,是,0,否,否,官方 1.17.1,原版存在；配对已恢复
21000000,Black Knife Assassin (Unscaled),2100,是,6,是,否,官方 1.17.1,原版存在；配对已恢复
21000001,,2100,否,6,是,否,官方 1.17.1,同模型新增变体；沿用官方处决配对
21000034,Black Knife Assassin (Leyndell),2100,是,6,是,否,官方 1.17.1,原版存在；配对已恢复
21000052,Black Knife Assassin (Ordina),2100,是,6,是,否,官方 1.17.1,原版存在；配对已恢复
21000735,Black Knife Assassin (Boss),2100,是,6,是,否,官方 1.17.1,原版存在；配对已恢复
21000820,Black Knife Assassin (Boss),2100,是,6,是,否,官方 1.17.1,原版存在；配对已恢复
21000830,Black Knife Assassin (Boss),2100,是,6,是,否,官方 1.17.1,原版存在；配对已恢复
21000930,Black Knife Assassin (Boss),2100,是,6,是,否,官方 1.17.1,原版存在；配对已恢复
21001000,Black Knife Assassin (Unscaled),2100,是,6,是,否,官方 1.17.1,原版存在；配对已恢复
21001010,Black Knife Assassin (Limgrave Catacombs Boss),2100,是,6,是,否,官方 1.17.1,原版存在；配对已恢复
21002000,Black Knife Assassin (Unscaled),2100,是,6,是,否,官方 1.17.1,原版存在；配对已恢复
21002922,"Alecto, Black Knife Ringleader",2100,是,6,是,否,官方 1.17.1,原版存在；配对已恢复
21009000,Black Knife Assassin (Unscaled),2100,是,6,是,否,官方 1.17.1,原版存在；配对已恢复
21009020,Black Knife Assassin (Liurnia Catacombs Boss),2100,是,6,是,否,官方 1.17.1,原版存在；配对已恢复
21100000,Beast Clergyman,2110,是,1,是,否,官方 1.17.1,原版存在；配对已恢复
21100072,Beast Clergyman (Farum Azula),2110,是,1,是,否,官方 1.17.1,原版存在；配对已恢复
21101000,Maliketh,2110,是,1,是,否,官方 1.17.1,原版存在；配对已恢复
21101072,Maliketh (Farum Azula),2110,是,1,是,否,官方 1.17.1,原版存在；配对已恢复
21102000,Beast Clergyman,2110,是,1,是,否,官方 1.17.1,原版存在；配对已恢复
21109000,"Gurranq, Beast Clergyman",2110,是,1,是,否,官方 1.17.1,原版存在；配对已恢复
21109042,"Gurranq, Beast Clergyman",2110,是,1,是,否,官方 1.17.1,原版存在；配对已恢复
21200000,"Malenia, Blade of Miquella",2120,是,3,是,否,官方 1.17.1,原版存在；配对已恢复
21200056,"Malenia, Blade of Miquella",2120,是,3,是,否,官方 1.17.1,原版存在；配对已恢复
21201000,"Malenia, Blade of Miquella",2120,是,3,是,否,官方 1.17.1,原版存在；配对已恢复
21201100,"Malenia, Blade of Miquella",2120,是,3,是,否,官方 1.17.1,原版存在；配对已恢复
21201102,,2120,否,3,是,否,官方 1.17.1,同模型新增变体；沿用官方处决配对
21202000,"Malenia, Blade of Miquella",2120,是,3,是,否,官方 1.17.1,原版存在；配对已恢复
21202056,"Malenia, Blade of Miquella",2120,是,3,是,否,官方 1.17.1,原版存在；配对已恢复
21203000,"Malenia, Blade of Miquella",2120,是,3,是,否,官方 1.17.1,原版存在；配对已恢复
21203056,"Malenia, Blade of Miquella",2120,是,3,是,否,官方 1.17.1,原版存在；配对已恢复
21209000,"Malenia, Blade of Miquella",2120,是,3,是,否,官方 1.17.1,原版存在；配对已恢复
21300000,Margit,2130,是,3,是,否,官方 1.17.1,原版存在；配对已恢复
21300014,"Margit, the Fell Omen",2130,是,3,是,否,官方 1.17.1,原版存在；配对已恢复
21300033,Margit (Capital Outskirts),2130,是,3,是,否,官方 1.17.1,原版存在；配对已恢复
21300500,Morgott,2130,是,3,是,否,官方 1.17.1,原版存在；配对已恢复
21300534,"Morgott, the Omen King",2130,是,3,是,否,官方 1.17.1,原版存在；配对已恢复
21310000,Morgott - Dead,2131,是,0,否,否,官方 1.17.1,原版存在；未定义官方处决配对
21310034,Morgott - Dead (Leyndell),2131,是,0,否,否,官方 1.17.1,原版存在；配对已恢复
21400000,Omen,2140,是,5,是,否,官方 1.17.1,原版存在；配对已恢复
21400001,,2140,否,5,是,否,官方 1.17.1,同模型新增变体；沿用官方处决配对
21400012,Omen,2140,是,5,是,否,官方 1.17.1,原版存在；配对已恢复
21400030,Omen,2140,是,5,是,否,官方 1.17.1,原版存在；配对已恢复
21400034,Omen (Leyndell),2140,是,5,是,否,官方 1.17.1,原版存在；配对已恢复
21400035,Omen,2140,是,5,是,否,官方 1.17.1,原版存在；配对已恢复
21400090,Omen,2140,是,5,是,否,官方 1.17.1,原版存在；配对已恢复
21400100,Omen,2140,是,5,是,否,官方 1.17.1,原版存在；配对已恢复
21400114,Omen (Stormveil Castle),2140,是,5,是,否,官方 1.17.1,原版存在；配对已恢复
21400120,Omen,2140,是,5,是,否,官方 1.17.1,原版存在；配对已恢复
21400130,Omen,2140,是,5,是,否,官方 1.17.1,原版存在；配对已恢复
21400135,Omen,2140,是,5,是,否,官方 1.17.1,原版存在；配对已恢复
21400200,Omen (Accursed),2140,是,5,是,否,官方 1.17.1,原版存在；配对已恢复
21400235,Omen (Accursed),2140,是,5,是,否,官方 1.17.1,原版存在；配对已恢复
21400300,Omen,2140,是,5,是,否,官方 1.17.1,原版存在；配对已恢复
21400335,Omen,2140,是,5,是,否,官方 1.17.1,原版存在；配对已恢复
21400400,Omen (Horned),2140,是,5,是,否,官方 1.17.1,原版存在；配对已恢复
21400435,Omen (Horned),2140,是,5,是,否,官方 1.17.1,原版存在；配对已恢复
21400600,Omen (Death-serving),2140,是,5,是,否,官方 1.17.1,原版存在；配对已恢复
21400633,Omen (Death-serving),2140,是,5,是,否,官方 1.17.1,原版存在；配对已恢复
21400900,Omen,2140,是,5,是,否,官方 1.17.1,原版存在；配对已恢复
21400930,Omen,2140,是,5,是,否,官方 1.17.1,原版存在；配对已恢复
21401000,Omen,2140,是,5,是,否,官方 1.17.1,原版存在；配对已恢复
21401030,Omen,2140,是,5,是,否,官方 1.17.1,原版存在；配对已恢复
21401035,Omen,2140,是,5,是,否,官方 1.17.1,原版存在；配对已恢复
21401100,Omen,2140,是,5,是,否,官方 1.17.1,原版存在；配对已恢复
21401120,Omen,2140,是,5,是,否,官方 1.17.1,原版存在；配对已恢复
21401130,Omen,2140,是,5,是,否,官方 1.17.1,原版存在；配对已恢复
21401135,Omen,2140,是,5,是,否,官方 1.17.1,原版存在；配对已恢复
21401200,Omen,2140,是,5,是,否,官方 1.17.1,原版存在；配对已恢复
21401235,Omen,2140,是,5,是,否,官方 1.17.1,原版存在；配对已恢复
21401300,Omen,2140,是,5,是,否,官方 1.17.1,原版存在；配对已恢复
21401335,Omen,2140,是,5,是,否,官方 1.17.1,原版存在；配对已恢复
21401400,Omen,2140,是,5,是,否,官方 1.17.1,原版存在；配对已恢复
21401435,Omen,2140,是,5,是,否,官方 1.17.1,原版存在；配对已恢复
21401600,Omen,2140,是,5,是,否,官方 1.17.1,原版存在；配对已恢复
21401900,Omen,2140,是,5,是,否,官方 1.17.1,原版存在；配对已恢复
21401930,Omen,2140,是,5,是,否,官方 1.17.1,原版存在；配对已恢复
21403000,Omen,2140,是,5,是,否,官方 1.17.1,原版存在；配对已恢复
21403050,Fell Twin,2140,是,5,是,否,官方 1.17.1,原版存在；配对已恢复
21403051,,2140,否,5,是,否,官方 1.17.1,同模型新增变体；沿用官方处决配对
21403100,Omen,2140,是,5,是,否,官方 1.17.1,原版存在；配对已恢复
21403150,Fell Twin,2140,是,5,是,否,官方 1.17.1,原版存在；配对已恢复
21409000,Omen,2140,是,5,是,否,官方 1.17.1,原版存在；配对已恢复
21500000,,2150,是,0,否,否,官方 1.17.1,原版存在；未定义官方处决配对
21500052,Lightning Ball,2150,是,0,否,否,官方 1.17.1,原版存在；配对已恢复
21500064,Lightning Ball (Siofra River),2150,是,0,否,否,官方 1.17.1,原版存在；配对已恢复
21500300,,2150,是,0,否,否,官方 1.17.1,原版存在；配对已恢复
21500352,Lightning Ball,2150,是,0,否,否,官方 1.17.1,原版存在；配对已恢复
21500400,,2150,是,0,否,否,官方 1.17.1,原版存在；配对已恢复
21500452,Lightning Ball,2150,是,0,否,否,官方 1.17.1,原版存在；配对已恢复
21500500,,2150,是,0,否,否,官方 1.17.1,原版存在；配对已恢复
21500552,Lightning Ball,2150,是,0,否,否,官方 1.17.1,原版存在；配对已恢复
21500600,,2150,是,0,否,否,官方 1.17.1,原版存在；配对已恢复
21500652,Lightning Ball,2150,是,0,否,否,官方 1.17.1,原版存在；配对已恢复
21600000,Finger Reader Crone,2160,是,0,否,否,官方 1.17.1,原版存在；未定义官方处决配对
21601000,Finger Reader Crone,2160,是,0,否,否,官方 1.17.1,原版存在；配对已恢复
21601010,Finger Reader Crone,2160,是,0,否,否,官方 1.17.1,原版存在；配对已恢复
21601012,Finger Reader Crone,2160,是,0,否,否,官方 1.17.1,原版存在；配对已恢复
21601020,Finger Reader Crone,2160,是,0,否,否,官方 1.17.1,原版存在；配对已恢复
21601030,Finger Reader Crone,2160,是,0,否,否,官方 1.17.1,原版存在；配对已恢复
21601033,Finger Reader Crone,2160,是,0,否,否,官方 1.17.1,原版存在；配对已恢复
21601040,Finger Reader Crone,2160,是,0,否,否,官方 1.17.1,原版存在；配对已恢复
21601050,Keeper of Forbidden Lands,2160,是,0,否,否,官方 1.17.1,原版存在；配对已恢复
21601066,Godwyn's Wet Nurse,2160,是,0,否,否,官方 1.17.1,原版存在；配对已恢复
21700000,Finger Reader Enia,2170,是,0,否,否,官方 1.17.1,原版存在；未定义官方处决配对
21700079,Finger Reader Enia,2170,是,0,否,否,官方 1.17.1,原版存在；配对已恢复
21701000,Finger Reader Enia,2170,是,0,否,否,官方 1.17.1,原版存在；配对已恢复
21800000,Melina,2180,是,0,否,否,官方 1.17.1,原版存在；未定义官方处决配对
21801000,Melina,2180,是,0,否,否,官方 1.17.1,原版存在；配对已恢复
21801034,Melina,2180,是,0,否,否,官方 1.17.1,原版存在；配对已恢复
21803000,Melina,2180,是,0,否,否,官方 1.17.1,原版存在；配对已恢复
21809000,Melina,2180,是,0,否,否,官方 1.17.1,原版存在；配对已恢复
21900000,Radagon (Unscaled),2190,是,2,是,否,官方 1.17.1,原版存在；配对已恢复
21900001,,2190,否,2,是,否,官方 1.17.1,同模型新增变体；沿用官方处决配对
21900078,Radagon of the Golden Order,2190,是,2,是,否,官方 1.17.1,原版存在；配对已恢复
21910000,Radagon - Crucified (Unscaled),2191,是,0,否,否,官方 1.17.1,原版存在；未定义官方处决配对
22000000,Elden Beast,2200,是,1,是,否,官方 1.17.1,原版存在；配对已恢复
22000001,,2200,否,1,是,否,官方 1.17.1,同模型新增变体；沿用官方处决配对
22000078,Elden Beast,2200,是,1,是,否,官方 1.17.1,原版存在；配对已恢复
22700000,Giant Crab,2270,是,2,是,否,官方 1.17.1,原版存在；配对已恢复
22700010,Giant Crab,2270,是,2,是,否,官方 1.17.1,原版存在；配对已恢复
22700012,Giant Crab,2270,是,2,是,否,官方 1.17.1,原版存在；配对已恢复
22700013,Giant Crab (Limgrave),2270,是,2,是,否,官方 1.17.1,原版存在；配对已恢复
22700030,Giant Crab,2270,是,2,是,否,官方 1.17.1,原版存在；配对已恢复
22700032,Giant Crab,2270,是,2,是,否,官方 1.17.1,原版存在；配对已恢复
22700033,Giant Crab,2270,是,2,是,否,官方 1.17.1,原版存在；配对已恢复
22700064,Giant Crab (Siofra River),2270,是,2,是,否,官方 1.17.1,原版存在；配对已恢复
22700100,Giant Crab,2270,是,2,是,否,官方 1.17.1,原版存在；配对已恢复
22700210,Giant Crab,2270,是,2,是,否,官方 1.17.1,原版存在；配对已恢复
22710000,Crab,2271,是,0,否,否,官方 1.17.1,原版存在；未定义官方处决配对
22710010,Crab,2271,是,0,否,否,官方 1.17.1,原版存在；配对已恢复
22710012,Crab,2271,是,0,否,否,官方 1.17.1,原版存在；配对已恢复
22710013,Crab (Limgrave),2271,是,0,否,否,官方 1.17.1,原版存在；配对已恢复
22710030,Crab,2271,是,0,否,否,官方 1.17.1,原版存在；配对已恢复
22710032,Crab,2271,是,0,否,否,官方 1.17.1,原版存在；配对已恢复
22710033,Crab,2271,是,0,否,否,官方 1.17.1,原版存在；配对已恢复
22710040,Crab,2271,是,0,否,否,官方 1.17.1,原版存在；配对已恢复
22710060,Crab (Ainsel River),2271,是,0,否,否,官方 1.17.1,原版存在；配对已恢复
22710064,Crab (Siofra River),2271,是,0,否,否,官方 1.17.1,原版存在；配对已恢复
22710065,Crab,2271,是,0,否,否,官方 1.17.1,原版存在；配对已恢复
22720000,Giant Black Crab,2272,是,2,否,否,官方 1.17.1,原版存在；配对已恢复
22720020,Giant Black Crab,2272,是,2,否,否,官方 1.17.1,原版存在；配对已恢复
22720100,Giant Black Crab,2272,是,2,否,否,官方 1.17.1,原版存在；配对已恢复
22720112,Giant Black Crab,2272,是,2,否,否,官方 1.17.1,原版存在；配对已恢复
22730000,Giant Black Crab,2273,是,0,否,否,官方 1.17.1,原版存在；未定义官方处决配对
22730020,Black Crab,2273,是,0,否,否,官方 1.17.1,原版存在；配对已恢复
22740000,Giant Albinauric Crab,2274,是,2,否,否,官方 1.17.1,原版存在；配对已恢复
22740020,Giant Albinauric Crab,2274,是,2,否,否,官方 1.17.1,原版存在；配对已恢复
22740021,Giant Albinauric Crab,2274,是,2,否,否,官方 1.17.1,原版存在；配对已恢复
22740024,Giant Albinauric Crab,2274,是,2,否,否,官方 1.17.1,原版存在；配对已恢复
22740052,Giant Albinauric Crab,2274,是,2,否,否,官方 1.17.1,原版存在；配对已恢复
22740120,Giant Albinauric Crab,2274,是,2,否,否,官方 1.17.1,原版存在；配对已恢复
22750000,Albinauric Crab,2275,是,0,否,否,官方 1.17.1,原版存在；未定义官方处决配对
22750020,Albinauric Crab,2275,是,0,否,否,官方 1.17.1,原版存在；配对已恢复
22750024,Albinauric Crab,2275,是,0,否,否,官方 1.17.1,原版存在；配对已恢复
22750052,Albinauric Crab,2275,是,0,否,否,官方 1.17.1,原版存在；配对已恢复
22750120,Albinauric Crab,2275,是,0,否,否,官方 1.17.1,原版存在；配对已恢复
22751000,Albinauric Crab,2275,是,0,否,否,官方 1.17.1,原版存在；配对已恢复
22751024,Albinauric Crab,2275,是,0,否,否,官方 1.17.1,原版存在；配对已恢复
22760000,Giant Death Crab,2276,是,2,否,否,官方 1.17.1,原版存在；配对已恢复
22760002,,2276,否,2,否,否,官方 1.17.1,同模型新增变体；沿用官方处决配对
22760020,Giant Death Crab,2276,是,2,否,否,官方 1.17.1,原版存在；配对已恢复
22760033,Giant Death Crab,2276,是,2,否,否,官方 1.17.1,原版存在；配对已恢复
22760034,,2276,否,2,否,否,官方 1.17.1,同模型新增变体；沿用官方处决配对
22770000,Death Crab,2277,是,0,否,否,官方 1.17.1,原版存在；未定义官方处决配对
22770020,Death Crab,2277,是,0,否,否,官方 1.17.1,原版存在；配对已恢复
22770033,Death Crab,2277,是,0,否,否,官方 1.17.1,原版存在；配对已恢复
25000000,Crucible Knight (Unscaled),2500,是,4,是,否,官方 1.17.1,原版存在；配对已恢复
25000010,Crucible Knight (Limgrave Evergaol Boss),2500,是,4,是,否,官方 1.17.1,原版存在；配对已恢复
25000014,Crucible Knight,2500,是,4,是,否,官方 1.17.1,原版存在；配对已恢复
25000030,Crucible Knight,2500,是,4,是,否,官方 1.17.1,原版存在；配对已恢复
25000034,Crucible Knight (Leyndell),2500,是,4,是,否,官方 1.17.1,原版存在；配对已恢复
25000042,Crucible Knight (Boss),2500,是,4,是,否,官方 1.17.1,原版存在；配对已恢复
25000065,Crucible Knight,2500,是,4,是,否,官方 1.17.1,原版存在；配对已恢复
25000100,Crucible Knight (Unscaled),2500,是,4,是,否,官方 1.17.1,原版存在；配对已恢复
25000165,Crucible Knight,2500,是,4,是,否,官方 1.17.1,原版存在；配对已恢复
25000172,Crucible Knight (Farum Azula),2500,是,4,是,否,官方 1.17.1,原版存在；配对已恢复
25000865,Crucible Knight (Four Belfries),2500,是,4,是,否,官方 1.17.1,原版存在；配对已恢复
25000933,Crucible Knight Ordovis,2500,是,4,是,否,官方 1.17.1,原版存在；配对已恢复
25000941,Crucible Knight (Redmane Boss),2500,是,4,是,否,官方 1.17.1,原版存在；配对已恢复
25001000,Crucible Knight (Unscaled),2500,是,4,是,否,官方 1.17.1,原版存在；配对已恢复
25001034,Crucible Knight (Leyndell),2500,是,4,是,否,官方 1.17.1,原版存在；配对已恢复
25001065,Crucible Knight,2500,是,4,是,否,官方 1.17.1,原版存在；配对已恢复
25001066,Crucible Knight Siluria,2500,是,4,是,否,官方 1.17.1,原版存在；配对已恢复
25001100,Crucible Knight (Unscaled),2500,是,4,是,否,官方 1.17.1,原版存在；配对已恢复
25001134,Crucible Knight (Leyndell),2500,是,4,是,否,官方 1.17.1,原版存在；配对已恢复
25001165,Crucible Knight,2500,是,4,是,否,官方 1.17.1,原版存在；配对已恢复
25001933,Crucible Knight Ordovis (Auriza Boss),2500,是,4,是,否,官方 1.17.1,原版存在；配对已恢复
25006000,Crucible Knight (Unscaled),2500,是,4,是,否,官方 1.17.1,原版存在；配对已恢复
25006002,,2500,否,4,是,否,官方 1.17.1,同模型新增变体；沿用官方处决配对
25006020,Crucible Knight (Boss),2500,是,4,是,否,官方 1.17.1,原版存在；配对已恢复
25006100,Crucible Knight (Unscaled),2500,是,4,是,否,官方 1.17.1,原版存在；配对已恢复
25006120,Crucible Knight (Boss),2500,是,4,是,否,官方 1.17.1,原版存在；配对已恢复
25007000,Crucible Knight (Unscaled),2500,是,4,是,否,官方 1.17.1,原版存在；配对已恢复
25007020,Crucible Knight (Boss),2500,是,4,是,否,官方 1.17.1,原版存在；配对已恢复
25007100,Crucible Knight (Unscaled),2500,是,4,是,否,官方 1.17.1,原版存在；配对已恢复
25007120,Crucible Knight (Boss),2500,是,4,是,否,官方 1.17.1,原版存在；配对已恢复
25009000,Tanith's Knight,2500,是,4,是,否,官方 1.17.1,原版存在；配对已恢复
25009038,Tanith's Knight,2500,是,4,是,否,官方 1.17.1,原版存在；配对已恢复
25009138,Tanith's Knight,2500,是,4,是,否,官方 1.17.1,原版存在；配对已恢复
25009139,,2500,否,4,是,否,官方 1.17.1,同模型新增变体；沿用官方处决配对
30000000,Exile Soldier,3000,是,14,是,否,官方 1.17.1,原版存在；配对已恢复
30000006,Exile Soldier,3000,是,14,是,否,官方 1.17.1,原版存在；配对已恢复
30000014,Exile Soldier (Stormveil Castle),3000,是,14,是,否,官方 1.17.1,原版存在；配对已恢复
30000034,Exile Soldier (Leyndell),3000,是,14,是,否,官方 1.17.1,原版存在；配对已恢复
30000100,Exile Soldier,3000,是,14,是,否,官方 1.17.1,原版存在；配对已恢复
30000106,Exile Soldier,3000,是,14,是,否,官方 1.17.1,原版存在；配对已恢复
30000114,Exile Soldier (Stormveil Castle),3000,是,14,是,否,官方 1.17.1,原版存在；配对已恢复
30000134,Exile Soldier (Leyndell),3000,是,14,是,否,官方 1.17.1,原版存在；配对已恢复
30000200,Exile Soldier,3000,是,14,是,否,官方 1.17.1,原版存在；配对已恢复
30000214,Exile Soldier (Stormveil Castle),3000,是,14,是,否,官方 1.17.1,原版存在；配对已恢复
30000300,Exile Soldier,3000,是,14,是,否,官方 1.17.1,原版存在；配对已恢复
30000600,Exile Soldier,3000,是,14,是,否,官方 1.17.1,原版存在；配对已恢复
30000614,Exile Soldier (Stormveil Castle),3000,是,14,是,否,官方 1.17.1,原版存在；配对已恢复
30000700,Exile Soldier,3000,是,14,是,否,官方 1.17.1,原版存在；配对已恢复
30000714,Exile Soldier (Stormveil Castle),3000,是,14,是,否,官方 1.17.1,原版存在；配对已恢复
30000800,Exile Soldier,3000,是,14,是,否,官方 1.17.1,原版存在；配对已恢复
30000814,Exile Soldier (Stormveil Castle),3000,是,14,是,否,官方 1.17.1,原版存在；配对已恢复
30000834,Exile Soldier (Leyndell),3000,是,14,是,否,官方 1.17.1,原版存在；配对已恢复
30001000,Exile Soldier,3000,是,14,是,否,官方 1.17.1,原版存在；配对已恢复
30001014,Exile Soldier (Stormveil Castle),3000,是,14,是,否,官方 1.17.1,原版存在；配对已恢复
30001034,Exile Soldier (Leyndell),3000,是,14,是,否,官方 1.17.1,原版存在；配对已恢复
30001100,Exile Soldier,3000,是,14,是,否,官方 1.17.1,原版存在；配对已恢复
30001114,Exile Soldier (Stormveil Castle),3000,是,14,是,否,官方 1.17.1,原版存在；配对已恢复
30001200,Exile Soldier,3000,是,14,是,否,官方 1.17.1,原版存在；配对已恢复
30001214,Exile Soldier (Stormveil Castle),3000,是,14,是,否,官方 1.17.1,原版存在；配对已恢复
30001300,Exile Soldier,3000,是,14,是,否,官方 1.17.1,原版存在；配对已恢复
30001314,Exile Soldier (Stormveil Castle),3000,是,14,是,否,官方 1.17.1,原版存在；配对已恢复
30002000,Exile Soldier,3000,是,14,是,否,官方 1.17.1,原版存在；配对已恢复
30002014,Exile Soldier (Stormveil Castle),3000,是,14,是,否,官方 1.17.1,原版存在；配对已恢复
30002034,Exile Soldier (Leyndell),3000,是,14,是,否,官方 1.17.1,原版存在；配对已恢复
30003000,Exile Soldier,3000,是,14,是,否,官方 1.17.1,原版存在；配对已恢复
30003014,Exile Soldier (Stormveil Castle),3000,是,14,是,否,官方 1.17.1,原版存在；配对已恢复
30003034,Exile Soldier (Leyndell),3000,是,14,是,否,官方 1.17.1,原版存在；配对已恢复
30003200,Exile Soldier,3000,是,14,是,否,官方 1.17.1,原版存在；配对已恢复
30003214,Exile Soldier (Stormveil Castle),3000,是,14,是,否,官方 1.17.1,原版存在；配对已恢复
30003500,Exile Soldier,3000,是,14,是,否,官方 1.17.1,原版存在；配对已恢复
30003514,Exile Soldier (Stormveil Castle),3000,是,14,是,否,官方 1.17.1,原版存在；配对已恢复
30004000,Mausoleum Exile Soldier,3000,是,14,是,否,官方 1.17.1,原版存在；配对已恢复
30004007,Mausoleum Exile Soldier,3000,是,14,是,否,官方 1.17.1,原版存在；配对已恢复
30004051,Mausoleum Exile Soldier,3000,是,14,是,否,官方 1.17.1,原版存在；配对已恢复
30004100,Mausoleum Exile Soldier,3000,是,14,是,否,官方 1.17.1,原版存在；配对已恢复
30004107,Mausoleum Exile Soldier,3000,是,14,是,否,官方 1.17.1,原版存在；配对已恢复
30004151,Mausoleum Exile Soldier,3000,是,14,是,否,官方 1.17.1,原版存在；配对已恢复
30004200,Mausoleum Exile Soldier,3000,是,14,是,否,官方 1.17.1,原版存在；配对已恢复
30004251,Mausoleum Exile Soldier,3000,是,14,是,否,官方 1.17.1,原版存在；配对已恢复
30004300,Mausoleum Exile Soldier,3000,是,14,是,否,官方 1.17.1,原版存在；配对已恢复
30004351,Mausoleum Exile Soldier,3000,是,14,是,否,官方 1.17.1,原版存在；配对已恢复
30005000,Mausoleum Exile Soldier,3000,是,14,是,否,官方 1.17.1,原版存在；配对已恢复
30005007,Mausoleum Exile Soldier,3000,是,14,是,否,官方 1.17.1,原版存在；配对已恢复
30005051,Mausoleum Exile Soldier,3000,是,14,是,否,官方 1.17.1,原版存在；配对已恢复
30006000,Mausoleum Exile Soldier,3000,是,14,是,否,官方 1.17.1,原版存在；配对已恢复
30006051,Mausoleum Exile Soldier,3000,是,14,是,否,官方 1.17.1,原版存在；配对已恢复
30007000,Mausoleum Exile Soldier,3000,是,14,是,否,官方 1.17.1,原版存在；配对已恢复
30007051,Mausoleum Exile Soldier,3000,是,14,是,否,官方 1.17.1,原版存在；配对已恢复
30008000,Exile Soldier,3000,是,14,是,否,官方 1.17.1,原版存在；配对已恢复
30008040,Exile Soldier (Boss),3000,是,14,是,否,官方 1.17.1,原版存在；配对已恢复
30100000,Banished Knight,3010,是,6,是,是,官方 1.17.1,原版存在；配对已恢复
30100001,,3010,否,6,是,是,官方 1.17.1,同模型新增变体；沿用官方处决配对
30100014,Banished Knight (Stormveil Castle),3010,是,6,是,是,官方 1.17.1,原版存在；配对已恢复
30100034,Banished Knight (Leyndell),3010,是,6,是,是,官方 1.17.1,原版存在；配对已恢复
30100100,Banished Knight,3010,是,6,是,是,官方 1.17.1,原版存在；配对已恢复
30100114,Banished Knight (Stormveil Castle),3010,是,6,是,是,官方 1.17.1,原版存在；配对已恢复
30100134,Banished Knight (Leyndell),3010,是,6,是,是,官方 1.17.1,原版存在；配对已恢复
30100140,Banished Knight,3010,是,6,是,是,官方 1.17.1,原版存在；配对已恢复
30100172,Banished Knight,3010,是,6,是,是,官方 1.17.1,原版存在；配对已恢复
30100200,Banished Knight,3010,是,6,是,是,官方 1.17.1,原版存在；配对已恢复
30100214,Banished Knight,3010,是,6,是,是,官方 1.17.1,原版存在；配对已恢复
30100234,Banished Knight (Leyndell),3010,是,6,是,是,官方 1.17.1,原版存在；配对已恢复
30100400,Mausoleum Banished Knight,3010,是,6,是,是,官方 1.17.1,原版存在；配对已恢复
30100451,Mausoleum Banished Knight,3010,是,6,是,是,官方 1.17.1,原版存在；配对已恢复
30100500,Mausoleum Banished Knight,3010,是,6,是,是,官方 1.17.1,原版存在；配对已恢复
30100507,Mausoleum Banished Knight,3010,是,6,是,是,官方 1.17.1,原版存在；配对已恢复
30100600,Mausoleum Banished Knight,3010,是,6,是,是,官方 1.17.1,原版存在；配对已恢复
30100651,Mausoleum Banished Knight,3010,是,6,是,是,官方 1.17.1,原版存在；配对已恢复
30100800,Banished Knight,3010,是,6,是,是,官方 1.17.1,原版存在；配对已恢复
30100814,Banished Knight (Stormveil Castle),3010,是,6,是,是,官方 1.17.1,原版存在；配对已恢复
30101000,Banished Knight,3010,是,6,是,是,官方 1.17.1,原版存在；配对已恢复
30101034,Banished Knight (Leyndell),3010,是,6,是,是,官方 1.17.1,原版存在；配对已恢复
30101100,Banished Knight,3010,是,6,是,是,官方 1.17.1,原版存在；配对已恢复
30101134,Banished Knight (Leyndell),3010,是,6,是,是,官方 1.17.1,原版存在；配对已恢复
30101140,Banished Knight,3010,是,6,是,是,官方 1.17.1,原版存在；配对已恢复
30101172,Banished Knight,3010,是,6,是,是,官方 1.17.1,原版存在；配对已恢复
30101200,Banished Knight,3010,是,6,是,是,官方 1.17.1,原版存在；配对已恢复
30101234,Banished Knight (Leyndell),3010,是,6,是,是,官方 1.17.1,原版存在；配对已恢复
30101400,Mausoleum Banished Knight,3010,是,6,是,是,官方 1.17.1,原版存在；配对已恢复
30101451,Mausoleum Banished Knight,3010,是,6,是,是,官方 1.17.1,原版存在；配对已恢复
30101500,Mausoleum Banished Knight,3010,是,6,是,是,官方 1.17.1,原版存在；配对已恢复
30101600,Mausoleum Banished Knight,3010,是,6,是,是,官方 1.17.1,原版存在；配对已恢复
30101651,Mausoleum Banished Knight,3010,是,6,是,是,官方 1.17.1,原版存在；配对已恢复
30102000,Banished Knight,3010,是,6,是,是,官方 1.17.1,原版存在；配对已恢复
30102014,Banished Knight (Stormveil Castle),3010,是,6,是,是,官方 1.17.1,原版存在；配对已恢复
30102034,Banished Knight (Leyndell),3010,是,6,是,是,官方 1.17.1,原版存在；配对已恢复
30102100,Banished Knight,3010,是,6,是,是,官方 1.17.1,原版存在；配对已恢复
30102134,Banished Knight (Leyndell),3010,是,6,是,是,官方 1.17.1,原版存在；配对已恢复
30102172,Banished Knight,3010,是,6,是,是,官方 1.17.1,原版存在；配对已恢复
30102200,Banished Knight,3010,是,6,是,是,官方 1.17.1,原版存在；配对已恢复
30102234,Banished Knight (Leyndell),3010,是,6,是,是,官方 1.17.1,原版存在；配对已恢复
30102400,Mausoleum Banished Knight,3010,是,6,是,是,官方 1.17.1,原版存在；配对已恢复
30102451,Mausoleum Banished Knight,3010,是,6,是,是,官方 1.17.1,原版存在；配对已恢复
30102500,Mausoleum Banished Knight,3010,是,6,是,是,官方 1.17.1,原版存在；配对已恢复
30102507,Mausoleum Banished Knight,3010,是,6,是,是,官方 1.17.1,原版存在；配对已恢复
30102600,Mausoleum Banished Knight,3010,是,6,是,是,官方 1.17.1,原版存在；配对已恢复
30102651,Mausoleum Banished Knight,3010,是,6,是,是,官方 1.17.1,原版存在；配对已恢复
30106000,Banished Knight,3010,是,6,是,是,官方 1.17.1,原版存在；配对已恢复
30106051,Banished Knight (Niall Boss),3010,是,6,是,是,官方 1.17.1,原版存在；配对已恢复
30107000,Banished Knight,3010,是,6,是,是,官方 1.17.1,原版存在；配对已恢复
30107051,Banished Knight (Niall Boss),3010,是,6,是,是,官方 1.17.1,原版存在；配对已恢复
30108000,Banished Knight,3010,是,6,是,是,官方 1.17.1,原版存在；配对已恢复
30200000,Large Exile Soldier,3020,是,14,否,否,官方 1.17.1,原版存在；配对已恢复
30200014,Large Exile Soldier,3020,是,14,否,否,官方 1.17.1,原版存在；配对已恢复
30200034,Large Exile Soldier (Leyndell),3020,是,14,否,否,官方 1.17.1,原版存在；配对已恢复
30200100,Mausoleum Large Exile Soldier,3020,是,14,否,否,官方 1.17.1,原版存在；配对已恢复
30200151,Mausoleum Large Exile Soldier,3020,是,14,否,否,官方 1.17.1,原版存在；配对已恢复
30208000,Large Exile Soldier,3020,是,14,否,否,官方 1.17.1,原版存在；配对已恢复
30208040,Large Exile Soldier (Boss),3020,是,14,否,否,官方 1.17.1,原版存在；配对已恢复
30208041,,3020,否,14,否,否,官方 1.17.1,同模型新增变体；沿用官方处决配对
30500000,Commander,3050,是,3,是,否,官方 1.17.1,原版存在；配对已恢复
30500051,Commander Niall,3050,是,3,是,否,官方 1.17.1,原版存在；配对已恢复
30500052,,3050,否,3,是,否,官方 1.17.1,同模型新增变体；沿用官方处决配对
30500100,Commander,3050,是,3,是,否,官方 1.17.1,原版存在；配对已恢复
30500140,Commander O'Neil,3050,是,3,是,否,官方 1.17.1,原版存在；配对已恢复
30509999,Commander,3050,是,3,是,否,官方 1.17.1,原版存在；配对已恢复
30600000,Giant Skeleton,3060,是,5,是,否,官方 1.17.1,原版存在；配对已恢复
30600020,Giant Skeleton,3060,是,5,是,否,官方 1.17.1,原版存在；配对已恢复
30600030,Giant Skeleton,3060,是,5,是,否,官方 1.17.1,原版存在；配对已恢复
30600040,Giant Skeleton,3060,是,5,是,否,官方 1.17.1,原版存在；配对已恢复
30600050,Giant Skeleton,3060,是,5,是,否,官方 1.17.1,原版存在；配对已恢复
30601000,Giant Skeleton,3060,是,5,是,否,官方 1.17.1,原版存在；配对已恢复
30601020,Giant Skeleton,3060,是,5,是,否,官方 1.17.1,原版存在；配对已恢复
30601030,Giant Skeleton,3060,是,5,是,否,官方 1.17.1,原版存在；配对已恢复
30601040,Giant Skeleton,3060,是,5,是,否,官方 1.17.1,原版存在；配对已恢复
30601050,Giant Skeleton,3060,是,5,是,否,官方 1.17.1,原版存在；配对已恢复
30610000,Giant Beast Skeleton,3061,是,5,否,否,官方 1.17.1,原版存在；配对已恢复
30610072,Giant Beast Skeleton,3061,是,5,否,否,官方 1.17.1,原版存在；配对已恢复
30611000,Giant Beast Skeleton,3061,是,5,否,否,官方 1.17.1,原版存在；配对已恢复
30611072,Giant Beast Skeleton,3061,是,5,否,否,官方 1.17.1,原版存在；配对已恢复
30700000,Dominula Celebrant,3070,是,13,是,否,官方 1.17.1,原版存在；配对已恢复
30700030,Dominula Celebrant,3070,是,13,是,否,官方 1.17.1,原版存在；配对已恢复
30700032,Dominula Celebrant,3070,是,13,是,否,官方 1.17.1,原版存在；配对已恢复
30701000,Dominula Celebrant,3070,是,13,是,否,官方 1.17.1,原版存在；配对已恢复
30701030,Dominula Celebrant,3070,是,13,是,否,官方 1.17.1,原版存在；配对已恢复
30701032,Dominula Celebrant,3070,是,13,是,否,官方 1.17.1,原版存在；配对已恢复
30702000,Dominula Celebrant,3070,是,13,是,否,官方 1.17.1,原版存在；配对已恢复
30702030,Dominula Celebrant,3070,是,13,是,否,官方 1.17.1,原版存在；配对已恢复
30703000,Dominula Celebrant,3070,是,13,是,否,官方 1.17.1,原版存在；配对已恢复
30703030,Dominula Celebrant,3070,是,13,是,否,官方 1.17.1,原版存在；配对已恢复
30704000,Dominula Celebrant,3070,是,13,是,否,官方 1.17.1,原版存在；配对已恢复
30704030,Dominula Celebrant,3070,是,13,是,否,官方 1.17.1,原版存在；配对已恢复
30800000,Imp,3080,是,5,是,否,官方 1.17.1,原版存在；配对已恢复
30800007,Imp,3080,是,5,是,否,官方 1.17.1,原版存在；配对已恢复
30800010,Imp,3080,是,5,是,否,官方 1.17.1,原版存在；配对已恢复
30800012,Imp,3080,是,5,是,否,官方 1.17.1,原版存在；配对已恢复
30800020,Imp,3080,是,5,是,否,官方 1.17.1,原版存在；配对已恢复
30800030,Imp,3080,是,5,是,否,官方 1.17.1,原版存在；配对已恢复
30800032,Imp,3080,是,5,是,否,官方 1.17.1,原版存在；配对已恢复
30800033,Imp,3080,是,5,是,否,官方 1.17.1,原版存在；配对已恢复
30800034,Imp (Leyndell),3080,是,5,是,否,官方 1.17.1,原版存在；配对已恢复
30800035,Imp,3080,是,5,是,否,官方 1.17.1,原版存在；配对已恢复
30800040,Imp,3080,是,5,是,否,官方 1.17.1,原版存在；配对已恢复
30800042,Imp,3080,是,5,是,否,官方 1.17.1,原版存在；配对已恢复
30800050,Imp,3080,是,5,是,否,官方 1.17.1,原版存在；配对已恢复
30800052,Imp,3080,是,5,是,否,官方 1.17.1,原版存在；配对已恢复
30800100,Imp,3080,是,5,是,否,官方 1.17.1,原版存在；配对已恢复
30800110,Imp,3080,是,5,是,否,官方 1.17.1,原版存在；配对已恢复
30800830,Imp,3080,是,5,是,否,官方 1.17.1,原版存在；配对已恢复
30800852,Imp,3080,是,5,是,否,官方 1.17.1,原版存在；配对已恢复
30800912,Imp (Boss),3080,是,5,是,否,官方 1.17.1,原版存在；配对已恢复
30801000,Imp,3080,是,5,是,否,官方 1.17.1,原版存在；配对已恢复
30801010,Imp,3080,是,5,是,否,官方 1.17.1,原版存在；配对已恢复
30801012,Imp,3080,是,5,是,否,官方 1.17.1,原版存在；配对已恢复
30801020,Imp,3080,是,5,是,否,官方 1.17.1,原版存在；配对已恢复
30801032,Imp,3080,是,5,是,否,官方 1.17.1,原版存在；配对已恢复
30801033,Imp,3080,是,5,是,否,官方 1.17.1,原版存在；配对已恢复
30801034,Imp (Leyndell),3080,是,5,是,否,官方 1.17.1,原版存在；配对已恢复
30801035,Imp,3080,是,5,是,否,官方 1.17.1,原版存在；配对已恢复
30801040,Imp,3080,是,5,是,否,官方 1.17.1,原版存在；配对已恢复
30801042,Imp,3080,是,5,是,否,官方 1.17.1,原版存在；配对已恢复
30801100,Imp,3080,是,5,是,否,官方 1.17.1,原版存在；配对已恢复
30801120,Imp,3080,是,5,是,否,官方 1.17.1,原版存在；配对已恢复
30801133,Imp,3080,是,5,是,否,官方 1.17.1,原版存在；配对已恢复
30801150,Imp,3080,是,5,是,否,官方 1.17.1,原版存在；配对已恢复
30801200,Imp,3080,是,5,是,否,官方 1.17.1,原版存在；配对已恢复
30801232,Imp,3080,是,5,是,否,官方 1.17.1,原版存在；配对已恢复
30801233,Imp,3080,是,5,是,否,官方 1.17.1,原版存在；配对已恢复
30802000,Imp,3080,是,5,是,否,官方 1.17.1,原版存在；配对已恢复
30802010,Imp,3080,是,5,是,否,官方 1.17.1,原版存在；配对已恢复
30802012,Imp,3080,是,5,是,否,官方 1.17.1,原版存在；配对已恢复
30802030,Imp,3080,是,5,是,否,官方 1.17.1,原版存在；配对已恢复
30802032,Imp,3080,是,5,是,否,官方 1.17.1,原版存在；配对已恢复
30802033,Imp,3080,是,5,是,否,官方 1.17.1,原版存在；配对已恢复
30802034,Imp (Leyndell),3080,是,5,是,否,官方 1.17.1,原版存在；配对已恢复
30802035,Imp,3080,是,5,是,否,官方 1.17.1,原版存在；配对已恢复
30806000,Imp,3080,是,5,是,否,官方 1.17.1,原版存在；配对已恢复
30806007,Imp,3080,是,5,是,否,官方 1.17.1,原版存在；配对已恢复
30806012,Imp,3080,是,5,是,否,官方 1.17.1,原版存在；配对已恢复
30806020,Imp,3080,是,5,是,否,官方 1.17.1,原版存在；配对已恢复
30806030,Imp,3080,是,5,是,否,官方 1.17.1,原版存在；配对已恢复
30806032,Imp,3080,是,5,是,否,官方 1.17.1,原版存在；配对已恢复
30806033,Imp,3080,是,5,是,否,官方 1.17.1,原版存在；配对已恢复
30806034,Imp (Leyndell),3080,是,5,是,否,官方 1.17.1,原版存在；配对已恢复
30806035,Imp,3080,是,5,是,否,官方 1.17.1,原版存在；配对已恢复
30806040,Imp,3080,是,5,是,否,官方 1.17.1,原版存在；配对已恢复
30806042,Imp,3080,是,5,是,否,官方 1.17.1,原版存在；配对已恢复
30806050,Imp,3080,是,5,是,否,官方 1.17.1,原版存在；配对已恢复
30806052,Imp,3080,是,5,是,否,官方 1.17.1,原版存在；配对已恢复
30807000,Imp,3080,是,5,是,否,官方 1.17.1,原版存在；配对已恢复
30808000,Imp,3080,是,5,是,否,官方 1.17.1,原版存在；配对已恢复
31000000,Elemer of the Briar,3100,是,3,是,否,官方 1.17.1,原版存在；配对已恢复
31000001,,3100,否,3,是,否,官方 1.17.1,同模型新增变体；沿用官方处决配对
31000002,,3100,否,3,是,否,官方 1.17.1,同模型新增变体；沿用官方处决配对
31000010,Bell Bearing Hunter (Limgrave),3100,是,3,是,否,官方 1.17.1,原版存在；配对已恢复
31000020,Bell Bearing Hunter,3100,是,3,是,否,官方 1.17.1,原版存在；配对已恢复
31000033,Bell Bearing Hunter,3100,是,3,是,否,官方 1.17.1,原版存在；配对已恢复
31000042,Bell Bearing Hunter,3100,是,3,是,否,官方 1.17.1,原版存在；配对已恢复
31000931,Elemer of the Briar (Shaded Castle),3100,是,3,是,否,官方 1.17.1,原版存在；配对已恢复
31500000,Night's Cavalry,3150,是,13,是,否,官方 1.17.1,原版存在；配对已恢复
31500010,Night's Cavalry (Limgrave Boss),3150,是,13,是,否,官方 1.17.1,原版存在；配对已恢复
31500020,Night's Cavalry,3150,是,13,是,否,官方 1.17.1,原版存在；配对已恢复
31500032,Night's Cavalry,3150,是,13,是,否,官方 1.17.1,原版存在；配对已恢复
31500040,Night's Cavalry,3150,是,13,是,否,官方 1.17.1,原版存在；配对已恢复
31500042,Night's Cavalry,3150,是,13,是,否,官方 1.17.1,原版存在；配对已恢复
31500050,Night's Cavalry,3150,是,13,是,否,官方 1.17.1,原版存在；配对已恢复
31500052,Night's Cavalry (Glaive),3150,是,13,是,否,官方 1.17.1,原版存在；配对已恢复
31501000,Night's Cavalry,3150,是,13,是,否,官方 1.17.1,原版存在；配对已恢复
31501012,Night's Cavalry (Weeping Peninsula Boss),3150,是,13,是,否,官方 1.17.1,原版存在；配对已恢复
31501030,Night's Cavalry,3150,是,13,是,否,官方 1.17.1,原版存在；配对已恢复
31501040,Night's Cavalry,3150,是,13,是,否,官方 1.17.1,原版存在；配对已恢复
31501052,Night's Cavalry (Flail),3150,是,13,是,否,官方 1.17.1,原版存在；配对已恢复
31600000,Funeral Steed,3160,是,0,否,否,官方 1.17.1,原版存在；未定义官方处决配对
31600010,Funeral Steed (Limgrave),3160,是,0,否,否,官方 1.17.1,原版存在；配对已恢复
31600012,Funeral Steed (Weeping Peninsula),3160,是,0,否,否,官方 1.17.1,原版存在；配对已恢复
31600020,Funeral Steed,3160,是,0,否,否,官方 1.17.1,原版存在；配对已恢复
31600030,Funeral Steed,3160,是,0,否,否,官方 1.17.1,原版存在；配对已恢复
31600032,Funeral Steed,3160,是,0,否,否,官方 1.17.1,原版存在；配对已恢复
31600040,Funeral Steed,3160,是,0,否,否,官方 1.17.1,原版存在；配对已恢复
31600042,Funeral Steed,3160,是,0,否,否,官方 1.17.1,原版存在；配对已恢复
31600050,Funeral Steed,3160,是,0,否,否,官方 1.17.1,原版存在；配对已恢复
31600052,Funeral Steed,3160,是,0,否,否,官方 1.17.1,原版存在；配对已恢复
31700000,Albinauric Archer,3170,是,20,否,否,官方 1.17.1,原版存在；配对已恢复
31700052,Albinauric Archer,3170,是,20,否,否,官方 1.17.1,原版存在；配对已恢复
31701000,Albinauric Archer,3170,是,20,否,否,官方 1.17.1,原版存在；配对已恢复
31701052,Albinauric Archer,3170,是,20,否,否,官方 1.17.1,原版存在；配对已恢复
31709000,Latenna the Albinauric,3170,是,20,否,否,官方 1.17.1,原版存在；配对已恢复
31709020,Latenna the Albinauric,3170,是,20,否,否,官方 1.17.1,原版存在；配对已恢复
31709052,Latenna the Albinauric,3170,是,20,否,否,官方 1.17.1,原版存在；配对已恢复
31710000,"Phillia, Towering Little Sister",3171,是,0,否,否,官方 1.17.1,原版存在；未定义官方处决配对
31710052,"Phillia, Towering Little Sister",3171,是,0,否,否,官方 1.17.1,原版存在；配对已恢复
31800000,Albinauric Archer's Wolf,3180,是,9,是,否,官方 1.17.1,原版存在；配对已恢复
31800020,Albinauric Archer's Wolf,3180,是,9,是,否,官方 1.17.1,原版存在；配对已恢复
31800021,Albinauric Archer's Wolf,3180,是,9,是,否,官方 1.17.1,原版存在；配对已恢复
31800052,Albinauric Archer's Wolf,3180,是,9,是,否,官方 1.17.1,原版存在；配对已恢复
31809000,Albinauric Archer's Wolf,3180,是,9,是,否,官方 1.17.1,原版存在；配对已恢复
31809020,Albinauric Archer's Wolf,3180,是,9,是,否,官方 1.17.1,原版存在；配对已恢复
31810000,Red Wolf of Radagon,3181,是,2,是,否,官方 1.17.1,原版存在；配对已恢复
31810001,,3181,否,2,是,否,官方 1.17.1,同模型新增变体；沿用官方处决配对
31810002,,3181,否,2,是,否,官方 1.17.1,同模型新增变体；沿用官方处决配对
31810020,Red Wolf of Radagon,3181,是,2,是,否,官方 1.17.1,原版存在；配对已恢复
31810022,Red Wolf of Radagon,3181,是,2,是,否,官方 1.17.1,原版存在；配对已恢复
31810052,Red Wolf of Radagon,3181,是,2,是,否,官方 1.17.1,原版存在；配对已恢复
31810065,Red Wolf of Radagon,3181,是,2,是,否,官方 1.17.1,原版存在；配对已恢复
31811000,Red Wolf of Radagon Sword,3181,是,2,是,否,官方 1.17.1,原版存在；配对已恢复
31811024,Red Wolf of Radagon Sword (Archives),3181,是,2,是,否,官方 1.17.1,原版存在；配对已恢复
31811032,Red Wolf of the Champion,3181,是,2,是,否,官方 1.17.1,原版存在；配对已恢复
31811052,Red Wolf of Radagon Sword (Snowfields),3181,是,2,是,否,官方 1.17.1,原版存在；配对已恢复
32000000,Merchant Kalé,3200,是,14,否,否,官方 1.17.1,原版存在；配对已恢复
32000010,Merchant Kalé,3200,是,14,否,否,官方 1.17.1,原版存在；配对已恢复
32000012,Merchant Kalé,3200,是,14,否,否,官方 1.17.1,原版存在；配对已恢复
32000020,Merchant Kalé,3200,是,14,否,否,官方 1.17.1,原版存在；配对已恢复
32000030,Merchant Kalé,3200,是,14,否,否,官方 1.17.1,原版存在；配对已恢复
32000032,Merchant Kalé,3200,是,14,否,否,官方 1.17.1,原版存在；配对已恢复
32000034,Merchant Kalé,3200,是,14,否,否,官方 1.17.1,原版存在；配对已恢复
32000035,Merchant Kalé,3200,是,14,否,否,官方 1.17.1,原版存在；配对已恢复
32000110,Merchant Kalé,3200,是,14,否,否,官方 1.17.1,原版存在；配对已恢复
32000120,Merchant Kalé,3200,是,14,否,否,官方 1.17.1,原版存在；配对已恢复
32000134,Merchant Kalé,3200,是,14,否,否,官方 1.17.1,原版存在；配对已恢复
32000135,Merchant Kalé,3200,是,14,否,否,官方 1.17.1,原版存在；配对已恢复
32000210,Merchant Kalé,3200,是,14,否,否,官方 1.17.1,原版存在；配对已恢复
32000220,Merchant Kalé,3200,是,14,否,否,官方 1.17.1,原版存在；配对已恢复
32000234,Merchant Kalé,3200,是,14,否,否,官方 1.17.1,原版存在；配对已恢复
32001010,Merchant Kalé,3200,是,14,否,否,官方 1.17.1,原版存在；配对已恢复
32001110,Nomadic Merchant,3200,是,14,否,否,官方 1.17.1,原版存在；配对已恢复
32001210,Nomadic Merchant,3200,是,14,否,否,官方 1.17.1,原版存在；配对已恢复
32001310,Nomadic Merchant,3200,是,14,否,否,官方 1.17.1,原版存在；配对已恢复
32001412,Nomadic Merchant,3200,是,14,否,否,官方 1.17.1,原版存在；配对已恢复
32001520,Nomadic Merchant,3200,是,14,否,否,官方 1.17.1,原版存在；配对已恢复
32001612,Isolated Merchant,3200,是,14,否,否,官方 1.17.1,原版存在；配对已恢复
32001720,Isolated Merchant,3200,是,14,否,否,官方 1.17.1,原版存在；配对已恢复
32001820,Nomadic Merchant,3200,是,14,否,否,官方 1.17.1,原版存在；配对已恢复
32001933,Hermit Merchant,3200,是,14,否,否,官方 1.17.1,原版存在；配对已恢复
32002030,Nomadic Merchant,3200,是,14,否,否,官方 1.17.1,原版存在；配对已恢复
32002132,Nomadic Merchant,3200,是,14,否,否,官方 1.17.1,原版存在；配对已恢复
32002240,Nomadic Merchant,3200,是,14,否,否,官方 1.17.1,原版存在；配对已恢复
32002340,Nomadic Merchant,3200,是,14,否,否,官方 1.17.1,原版存在；配对已恢复
32002542,Isolated Merchant,3200,是,14,否,否,官方 1.17.1,原版存在；配对已恢复
32002650,Hermit Merchant,3200,是,14,否,否,官方 1.17.1,原版存在；配对已恢复
32002764,Abandoned Merchant,3200,是,14,否,否,官方 1.17.1,原版存在；配对已恢复
32002860,Hermit Merchant,3200,是,14,否,否,官方 1.17.1,原版存在；配对已恢复
32002968,Imprisoned Merchant,3200,是,14,否,否,官方 1.17.1,原版存在；配对已恢复
32003010,Nomadic Merchant,3200,是,14,否,否,官方 1.17.1,原版存在；配对已恢复
32008010,Nomadic Merchant,3200,是,14,否,否,官方 1.17.1,原版存在；配对已恢复
32008900,Nomadic Merchant,3200,是,14,否,否,官方 1.17.1,原版存在；配对已恢复
32009000,Merchant,3200,是,14,否,否,官方 1.17.1,原版存在；配对已恢复
32009100,Nomadic Merchant,3200,是,14,否,否,官方 1.17.1,原版存在；配对已恢复
32009200,Nomadic Merchant,3200,是,14,否,否,官方 1.17.1,原版存在；配对已恢复
32009210,Nomadic Merchant,3200,是,14,否,否,官方 1.17.1,原版存在；配对已恢复
32009300,Nomadic Merchant,3200,是,14,否,否,官方 1.17.1,原版存在；配对已恢复
32009400,Nomadic Merchant,3200,是,14,否,否,官方 1.17.1,原版存在；配对已恢复
32009500,Nomadic Merchant,3200,是,14,否,否,官方 1.17.1,原版存在；配对已恢复
32009600,Nomadic Merchant,3200,是,14,否,否,官方 1.17.1,原版存在；配对已恢复
32009700,Nomadic Merchant,3200,是,14,否,否,官方 1.17.1,原版存在；配对已恢复
32009800,Nomadic Merchant,3200,是,14,否,否,官方 1.17.1,原版存在；配对已恢复
32009900,Nomadic Merchant,3200,是,14,否,否,官方 1.17.1,原版存在；配对已恢复
32009910,Nomadic Merchant,3200,是,14,否,否,官方 1.17.1,原版存在；配对已恢复
32010000,Frenzied Nomad,3201,是,6,否,否,官方 1.17.1,原版存在；配对已恢复
32010035,Frenzied Nomad,3201,是,6,否,否,官方 1.17.1,原版存在；配对已恢复
32020000,Merchant Kalé,3202,是,0,否,否,官方 1.17.1,原版存在；未定义官方处决配对
32020035,Merchant Kalé,3202,是,0,否,否,官方 1.17.1,原版存在；配对已恢复
32100000,Nomadic Merchant's Donkey,3210,是,0,否,否,官方 1.17.1,原版存在；未定义官方处决配对
32100010,Nomadic Merchant's Donkey,3210,是,0,否,否,官方 1.17.1,原版存在；配对已恢复
32100012,Nomadic Merchant's Donkey,3210,是,0,否,否,官方 1.17.1,原版存在；配对已恢复
32100030,Nomadic Merchant's Donkey,3210,是,0,否,否,官方 1.17.1,原版存在；配对已恢复
32100032,Nomadic Merchant's Donkey,3210,是,0,否,否,官方 1.17.1,原版存在；配对已恢复
32100210,Nomadic Merchant's Donkey,3210,是,0,否,否,官方 1.17.1,原版存在；配对已恢复
32101010,Nomadic Merchant's Donkey,3210,是,0,否,否,官方 1.17.1,原版存在；配对已恢复
32101110,Nomadic Merchant's Donkey,3210,是,0,否,否,官方 1.17.1,原版存在；配对已恢复
32101210,Nomadic Merchant's Donkey,3210,是,0,否,否,官方 1.17.1,原版存在；配对已恢复
32101310,Nomadic Merchant's Donkey,3210,是,0,否,否,官方 1.17.1,原版存在；配对已恢复
32101412,Nomadic Merchant's Donkey,3210,是,0,否,否,官方 1.17.1,原版存在；配对已恢复
32101520,Nomadic Merchant's Donkey,3210,是,0,否,否,官方 1.17.1,原版存在；配对已恢复
32101612,Nomadic Merchant's Donkey,3210,是,0,否,否,官方 1.17.1,原版存在；配对已恢复
32101720,Nomadic Merchant's Donkey,3210,是,0,否,否,官方 1.17.1,原版存在；配对已恢复
32101820,Nomadic Merchant's Donkey,3210,是,0,否,否,官方 1.17.1,原版存在；配对已恢复
32101933,Nomadic Merchant's Donkey,3210,是,0,否,否,官方 1.17.1,原版存在；配对已恢复
32102030,Nomadic Merchant's Donkey,3210,是,0,否,否,官方 1.17.1,原版存在；配对已恢复
32102132,Nomadic Merchant's Donkey,3210,是,0,否,否,官方 1.17.1,原版存在；配对已恢复
32102240,Nomadic Merchant's Donkey,3210,是,0,否,否,官方 1.17.1,原版存在；配对已恢复
32102340,Nomadic Merchant's Donkey,3210,是,0,否,否,官方 1.17.1,原版存在；配对已恢复
32102542,Nomadic Merchant's Donkey,3210,是,0,否,否,官方 1.17.1,原版存在；配对已恢复
32102650,Nomadic Merchant's Donkey,3210,是,0,否,否,官方 1.17.1,原版存在；配对已恢复
32102764,Nomadic Merchant's Donkey (Siofra River),3210,是,0,否,否,官方 1.17.1,原版存在；配对已恢复
32102860,Nomadic Merchant's Donkey (Ainsel River),3210,是,0,否,否,官方 1.17.1,原版存在；配对已恢复
32102968,Nomadic Merchant's Donkey,3210,是,0,否,否,官方 1.17.1,原版存在；配对已恢复
32103010,Nomadic Merchant's Donkey,3210,是,0,否,否,官方 1.17.1,原版存在；配对已恢复
32108900,Nomadic Merchant's Donkey,3210,是,0,否,否,官方 1.17.1,原版存在；配对已恢复
32109000,Nomadic Merchant's Donkey,3210,是,0,否,否,官方 1.17.1,原版存在；配对已恢复
32109010,Nomadic Merchant's Donkey,3210,是,0,否,否,官方 1.17.1,原版存在；配对已恢复
32109100,Nomadic Merchant's Donkey,3210,是,0,否,否,官方 1.17.1,原版存在；配对已恢复
32109200,Nomadic Merchant's Donkey,3210,是,0,否,否,官方 1.17.1,原版存在；配对已恢复
32109300,Nomadic Merchant's Donkey,3210,是,0,否,否,官方 1.17.1,原版存在；配对已恢复
32109400,Nomadic Merchant's Donkey,3210,是,0,否,否,官方 1.17.1,原版存在；配对已恢复
32109500,Nomadic Merchant's Donkey,3210,是,0,否,否,官方 1.17.1,原版存在；配对已恢复
32109600,Nomadic Merchant's Donkey,3210,是,0,否,否,官方 1.17.1,原版存在；配对已恢复
32109700,Nomadic Merchant's Donkey,3210,是,0,否,否,官方 1.17.1,原版存在；配对已恢复
32109800,Nomadic Merchant's Donkey,3210,是,0,否,否,官方 1.17.1,原版存在；配对已恢复
32109810,Nomadic Merchant's Donkey,3210,是,0,否,否,官方 1.17.1,原版存在；配对已恢复
32109900,Nomadic Merchant's Donkey,3210,是,0,否,否,官方 1.17.1,原版存在；配对已恢复
32500000,Draconic Tree Sentinel (Unscaled),3250,是,0,是,否,官方 1.17.1,原版存在；未定义官方处决配对
32500001,,3250,否,0,是,否,官方 1.17.1,同模型新增变体；沿用官方处决配对
32500033,Draconic Tree Sentinel (Capital Outskirts),3250,是,0,是,否,官方 1.17.1,原版存在；配对已恢复
32500070,Draconic Tree Sentinel,3250,是,0,是,否,官方 1.17.1,原版存在；配对已恢复
32500072,Draconic Tree Sentinel (Farum Azula),3250,是,0,是,否,官方 1.17.1,原版存在；配对已恢复
32510000,Tree Sentinel (Unscaled),3251,是,0,是,否,官方 1.17.1,原版存在；未定义官方处决配对
32510001,,3251,否,0,是,否,官方 1.17.1,同模型新增变体；沿用官方处决配对
32510002,,3251,否,0,是,否,官方 1.17.1,同模型新增变体；沿用官方处决配对
32510010,Tree Sentinel (Limgrave),3251,是,0,是,否,官方 1.17.1,原版存在；配对已恢复
32510030,Tree Sentinel (Altus Plateau),3251,是,0,是,否,官方 1.17.1,原版存在；配对已恢复
32510034,Tree Sentinel  (Leyndell),3251,是,0,是,否,官方 1.17.1,原版存在；配对已恢复
32510070,Tree Sentinel,3251,是,0,是,否,官方 1.17.1,原版存在；配对已恢复
32511000,Tree Sentinel (Unscaled),3251,是,0,是,否,官方 1.17.1,原版存在；配对已恢复
32511030,Tree Sentinel - Torch (Altus Plateau),3251,是,0,是,否,官方 1.17.1,原版存在；配对已恢复
32520000,Loretta Tree Sentinel (Unscaled),3252,是,0,是,否,官方 1.17.1,原版存在；未定义官方处决配对
32520001,,3252,否,0,是,否,官方 1.17.1,同模型新增变体；沿用官方处决配对
32520054,"Loretta, Knight of the Haligtree",3252,是,0,是,否,官方 1.17.1,原版存在；配对已恢复
32520100,Loretta Tree Sentinel (Unscaled),3252,是,0,是,否,官方 1.17.1,原版存在；配对已恢复
32520921,Royal Knight Loretta,3252,是,0,是,否,官方 1.17.1,原版存在；配对已恢复
33000000,Nox Swordstress (Unscaled),3300,是,15,是,否,官方 1.17.1,原版存在；配对已恢复
33000062,Nox Swordstress,3300,是,15,是,否,官方 1.17.1,原版存在；配对已恢复
33000820,Nox Swordstress,3300,是,15,是,否,官方 1.17.1,原版存在；配对已恢复
33000900,Nox Swordstress,3300,是,15,是,否,官方 1.17.1,原版存在；配对已恢复
33000940,Nox Swordstress (Boss),3300,是,15,是,否,官方 1.17.1,原版存在；配对已恢复
33001000,Nox Monk (Unscaled),3300,是,15,是,否,官方 1.17.1,原版存在；配对已恢复
33001062,Nox Monk,3300,是,15,是,否,官方 1.17.1,原版存在；配对已恢复
33001065,Nox Monk,3300,是,15,是,否,官方 1.17.1,原版存在；配对已恢复
33001100,Nox Monk,3300,是,15,是,否,官方 1.17.1,原版存在；配对已恢复
33001101,,3300,否,15,是,否,官方 1.17.1,同模型新增变体；沿用官方处决配对
33001940,Nox Monk (Boss),3300,是,15,是,否,官方 1.17.1,原版存在；配对已恢复
33002000,Nox Nightmaiden,3300,是,15,是,否,官方 1.17.1,原版存在；配对已恢复
33002062,Nox Nightmaiden,3300,是,15,是,否,官方 1.17.1,原版存在；配对已恢复
33002065,Nox Nightmaiden,3300,是,15,是,否,官方 1.17.1,原版存在；配对已恢复
33200000,Silver Tear (Unscaled),3320,是,3,是,否,官方 1.17.1,原版存在；配对已恢复
33200062,Silver Tear,3320,是,3,是,否,官方 1.17.1,原版存在；配对已恢复
33200100,Silver Tear,3320,是,3,是,否,官方 1.17.1,原版存在；配对已恢复
33200162,Silver Tear,3320,是,3,是,否,官方 1.17.1,原版存在；配对已恢复
33200200,Silver Tear,3320,是,3,是,否,官方 1.17.1,原版存在；配对已恢复
33200262,Silver Tear,3320,是,3,是,否,官方 1.17.1,原版存在；配对已恢复
33200265,Silver Tear,3320,是,3,是,否,官方 1.17.1,原版存在；配对已恢复
33201000,Silver Tear (Unscaled),3320,是,3,是,否,官方 1.17.1,原版存在；配对已恢复
33201052,Silver Tear,3320,是,3,是,否,官方 1.17.1,原版存在；配对已恢复
33201062,Silver Tear,3320,是,3,是,否,官方 1.17.1,原版存在；配对已恢复
33201065,Silver Tear,3320,是,3,是,否,官方 1.17.1,原版存在；配对已恢复
33201100,Silver Tear,3320,是,3,是,否,官方 1.17.1,原版存在；配对已恢复
33201165,Silver Tear,3320,是,3,是,否,官方 1.17.1,原版存在；配对已恢复
33202000,Electrified Silver Tear (Unscaled),3320,是,3,是,否,官方 1.17.1,原版存在；配对已恢复
33202062,Electrified Silver Tear,3320,是,3,是,否,官方 1.17.1,原版存在；配对已恢复
33202100,Electrified Silver Tear,3320,是,3,是,否,官方 1.17.1,原版存在；配对已恢复
33202200,Electrified Silver Tear,3320,是,3,是,否,官方 1.17.1,原版存在；配对已恢复
33202262,Electrified Silver Tear,3320,是,3,是,否,官方 1.17.1,原版存在；配对已恢复
33209000,"Asimi, Silver Tear",3320,是,3,是,否,官方 1.17.1,原版存在；配对已恢复
33209010,"Asimi, Silver Tear",3320,是,3,是,否,官方 1.17.1,原版存在；配对已恢复
33300000,Giant Silver Tear (Unscaled),3330,是,0,是,否,官方 1.17.1,原版存在；未定义官方处决配对
33300040,Giant Silver Tear,3330,是,0,是,否,官方 1.17.1,原版存在；配对已恢复
33300042,Giant Silver Tear,3330,是,0,是,否,官方 1.17.1,原版存在；配对已恢复
33300062,Giant Silver Tear,3330,是,0,是,否,官方 1.17.1,原版存在；配对已恢复
33300065,Giant Silver Tear,3330,是,0,是,否,官方 1.17.1,原版存在；配对已恢复
33300100,Giant Silver Tear (Unscaled),3330,是,0,是,否,官方 1.17.1,原版存在；配对已恢复
33300162,Giant Silver Tear,3330,是,0,是,否,官方 1.17.1,原版存在；配对已恢复
33300262,Giant Silver Tear,3330,是,0,是,否,官方 1.17.1,原版存在；配对已恢复
33300600,Giant Silver Tear (Unscaled),3330,是,0,是,否,官方 1.17.1,原版存在；配对已恢复
33300662,Giant Silver Tear,3330,是,0,是,否,官方 1.17.1,原版存在；配对已恢复
33300665,Giant Silver Tear,3330,是,0,是,否,官方 1.17.1,原版存在；配对已恢复
33300700,Giant Silver Tear (Unscaled),3330,是,0,是,否,官方 1.17.1,原版存在；配对已恢复
33300762,Giant Silver Tear,3330,是,0,是,否,官方 1.17.1,原版存在；配对已恢复
33300800,Giant Silver Tear (Unscaled),3330,是,0,是,否,官方 1.17.1,原版存在；配对已恢复
33300862,Giant Silver Tear,3330,是,0,是,否,官方 1.17.1,原版存在；配对已恢复
33500000,Crystalian,3350,是,6,是,否,官方 1.17.1,原版存在；配对已恢复
33500022,Crystalian,3350,是,6,是,否,官方 1.17.1,原版存在；配对已恢复
33500154,Crystalian (Spirit),3350,是,6,是,否,官方 1.17.1,原版存在；配对已恢复
33500500,Putrid Crystalian,3350,是,6,是,否,官方 1.17.1,原版存在；配对已恢复
33500556,Putrid Crystalian,3350,是,6,是,否,官方 1.17.1,原版存在；配对已恢复
33500920,Crystalian (Boss),3350,是,6,是,否,官方 1.17.1,原版存在；配对已恢复
33500930,Crystalian (Ringblade),3350,是,6,是,否,官方 1.17.1,原版存在；配对已恢复
33500940,Putrid Crystalian (Ringblade),3350,是,6,是,否,官方 1.17.1,原版存在；配对已恢复
33501000,Crystalian,3350,是,6,是,否,官方 1.17.1,原版存在；配对已恢复
33501020,Crystalian,3350,是,6,是,否,官方 1.17.1,原版存在；配对已恢复
33501022,Crystalian,3350,是,6,是,否,官方 1.17.1,原版存在；配对已恢复
33501154,Crystalian,3350,是,6,是,否,官方 1.17.1,原版存在；配对已恢复
33501500,Putrid Crystalian,3350,是,6,是,否,官方 1.17.1,原版存在；配对已恢复
33501556,Putrid Crystalian,3350,是,6,是,否,官方 1.17.1,原版存在；配对已恢复
33501920,Crystalian (Spear),3350,是,6,是,否,官方 1.17.1,原版存在；配对已恢复
33501930,Crystalian (Spear),3350,是,6,是,否,官方 1.17.1,原版存在；配对已恢复
33501940,Putrid Crystalian (Spear),3350,是,6,是,否,官方 1.17.1,原版存在；配对已恢复
33502000,Crystalian,3350,是,6,是,否,官方 1.17.1,原版存在；配对已恢复
33502154,Crystalian,3350,是,6,是,否,官方 1.17.1,原版存在；配对已恢复
33502500,Putrid Crystalian,3350,是,6,是,否,官方 1.17.1,原版存在；配对已恢复
33502556,Putrid Crystalian,3350,是,6,是,否,官方 1.17.1,原版存在；配对已恢复
33502920,Crystalian (Staff),3350,是,6,是,否,官方 1.17.1,原版存在；配对已恢复
33502940,Putrid Crystalian (Staff),3350,是,6,是,否,官方 1.17.1,原版存在；配对已恢复
33507000,Crystalian,3350,是,6,是,否,官方 1.17.1,原版存在；配对已恢复
33507100,Crystalian,3350,是,6,是,否,官方 1.17.1,原版存在；配对已恢复
33507200,Crystalian,3350,是,6,是,否,官方 1.17.1,原版存在；配对已恢复
33507300,Crystalian,3350,是,6,是,否,官方 1.17.1,原版存在；配对已恢复
33509000,Crystalian,3350,是,6,是,否,官方 1.17.1,原版存在；配对已恢复
33509161,Crystalian,3350,是,6,是,否,官方 1.17.1,原版存在；配对已恢复
33509264,Crystalian,3350,是,6,是,否,官方 1.17.1,原版存在；配对已恢复
33600000,Ancestral Follower,3360,是,13,是,否,官方 1.17.1,原版存在；配对已恢复
33600020,Ancestral Follower,3360,是,13,是,否,官方 1.17.1,原版存在；配对已恢复
33600062,Ancestral Follower,3360,是,13,是,否,官方 1.17.1,原版存在；配对已恢复
33600064,Ancestral Follower (Siofra River),3360,是,13,是,否,官方 1.17.1,原版存在；配对已恢复
33600065,Ancestral Follower,3360,是,13,是,否,官方 1.17.1,原版存在；配对已恢复
33600100,Ancestral Follower,3360,是,13,是,否,官方 1.17.1,原版存在；配对已恢复
33600200,Ancestral Follower,3360,是,13,是,否,官方 1.17.1,原版存在；配对已恢复
33600264,Ancestral Follower (Siofra River),3360,是,13,是,否,官方 1.17.1,原版存在；配对已恢复
33600265,Ancestral Follower,3360,是,13,是,否,官方 1.17.1,原版存在；配对已恢复
33600300,Ancestral Follower,3360,是,13,是,否,官方 1.17.1,原版存在；配对已恢复
33600500,Ancestral Follower,3360,是,13,是,否,官方 1.17.1,原版存在；配对已恢复
33600520,Ancestral Follower,3360,是,13,是,否,官方 1.17.1,原版存在；配对已恢复
33600564,Ancestral Follower (Siofra River),3360,是,13,是,否,官方 1.17.1,原版存在；配对已恢复
33600565,Ancestral Follower,3360,是,13,是,否,官方 1.17.1,原版存在；配对已恢复
33600600,Ancestral Follower,3360,是,13,是,否,官方 1.17.1,原版存在；配对已恢复
33600700,Ancestral Follower,3360,是,13,是,否,官方 1.17.1,原版存在；配对已恢复
33600764,Ancestral Follower (Siofra River),3360,是,13,是,否,官方 1.17.1,原版存在；配对已恢复
33600765,Ancestral Follower,3360,是,13,是,否,官方 1.17.1,原版存在；配对已恢复
33601000,Ancestral Follower - Greathorn Hammer,3360,是,13,是,否,官方 1.17.1,原版存在；配对已恢复
33601064,Ancestral Follower (Siofra River),3360,是,13,是,否,官方 1.17.1,原版存在；配对已恢复
33601065,Ancestral Follower,3360,是,13,是,否,官方 1.17.1,原版存在；配对已恢复
33601100,Ancestral Follower,3360,是,13,是,否,官方 1.17.1,原版存在；配对已恢复
33601200,Ancestral Follower,3360,是,13,是,否,官方 1.17.1,原版存在；配对已恢复
33601264,Ancestral Follower (Siofra River),3360,是,13,是,否,官方 1.17.1,原版存在；配对已恢复
33601265,Ancestral Follower,3360,是,13,是,否,官方 1.17.1,原版存在；配对已恢复
33601300,Ancestral Follower,3360,是,13,是,否,官方 1.17.1,原版存在；配对已恢复
33601365,Ancestral Follower,3360,是,13,是,否,官方 1.17.1,原版存在；配对已恢复
33602000,Ancestral Follower - Winged Greatthorn,3360,是,13,是,否,官方 1.17.1,原版存在；配对已恢复
33602064,Ancestral Follower (Siofra River),3360,是,13,是,否,官方 1.17.1,原版存在；配对已恢复
33602065,Ancestral Follower,3360,是,13,是,否,官方 1.17.1,原版存在；配对已恢复
33602100,Ancestral Follower,3360,是,13,是,否,官方 1.17.1,原版存在；配对已恢复
33602200,Ancestral Follower,3360,是,13,是,否,官方 1.17.1,原版存在；配对已恢复
33602264,Ancestral Follower (Siofra River),3360,是,13,是,否,官方 1.17.1,原版存在；配对已恢复
33602265,Ancestral Follower,3360,是,13,是,否,官方 1.17.1,原版存在；配对已恢复
33602300,Ancestral Follower,3360,是,13,是,否,官方 1.17.1,原版存在；配对已恢复
33602352,Ancestral Follower,3360,是,13,是,否,官方 1.17.1,原版存在；配对已恢复
33602365,Ancestral Follower,3360,是,13,是,否,官方 1.17.1,原版存在；配对已恢复
33605000,Ancestral Follower,3360,是,13,是,否,官方 1.17.1,原版存在；配对已恢复
33605064,Ancestral Follower (Siofra River),3360,是,13,是,否,官方 1.17.1,原版存在；配对已恢复
33605200,Ancestral Follower,3360,是,13,是,否,官方 1.17.1,原版存在；配对已恢复
33605264,Ancestral Follower (Siofra River),3360,是,13,是,否,官方 1.17.1,原版存在；配对已恢复
33605500,Ancestral Follower,3360,是,13,是,否,官方 1.17.1,原版存在；配对已恢复
33605564,Ancestral Follower (Siofra River),3360,是,13,是,否,官方 1.17.1,原版存在；配对已恢复
33605700,Ancestral Follower,3360,是,13,是,否,官方 1.17.1,原版存在；配对已恢复
33605764,Ancestral Follower (Siofra River),3360,是,13,是,否,官方 1.17.1,原版存在；配对已恢复
33606000,Ancestral Follower,3360,是,13,是,否,官方 1.17.1,原版存在；配对已恢复
33606064,Ancestral Follower (Siofra River),3360,是,13,是,否,官方 1.17.1,原版存在；配对已恢复
33606200,Ancestral Follower,3360,是,13,是,否,官方 1.17.1,原版存在；配对已恢复
33606264,Ancestral Follower (Siofra River),3360,是,13,是,否,官方 1.17.1,原版存在；配对已恢复
33607000,Ancestral Follower,3360,是,13,是,否,官方 1.17.1,原版存在；配对已恢复
33607064,Ancestral Follower (Siofra River),3360,是,13,是,否,官方 1.17.1,原版存在；配对已恢复
33607200,Ancestral Follower,3360,是,13,是,否,官方 1.17.1,原版存在；配对已恢复
33607264,Ancestral Follower (Siofra River),3360,是,13,是,否,官方 1.17.1,原版存在；配对已恢复
33610000,Putrid Ancestral Follower,3361,是,13,否,否,官方 1.17.1,原版存在；配对已恢复
33610062,Putrid Ancestral Follower,3361,是,13,否,否,官方 1.17.1,原版存在；配对已恢复
33610200,Putrid Ancestral Follower,3361,是,13,否,否,官方 1.17.1,原版存在；配对已恢复
33610300,Putrid Ancestral Follower,3361,是,13,否,否,官方 1.17.1,原版存在；配对已恢复
33610500,Putrid Ancestral Follower,3361,是,13,否,否,官方 1.17.1,原版存在；配对已恢复
33610562,Putrid Ancestral Follower,3361,是,13,否,否,官方 1.17.1,原版存在；配对已恢复
33610700,Putrid Ancestral Follower,3361,是,13,否,否,官方 1.17.1,原版存在；配对已恢复
33611000,Putrid Ancestral Follower,3361,是,13,否,否,官方 1.17.1,原版存在；配对已恢复
33611062,Putrid Ancestral Follower,3361,是,13,否,否,官方 1.17.1,原版存在；配对已恢复
33611200,Putrid Ancestral Follower,3361,是,13,否,否,官方 1.17.1,原版存在；配对已恢复
33611300,Putrid Ancestral Follower,3361,是,13,否,否,官方 1.17.1,原版存在；配对已恢复
33612000,Putrid Ancestral Follower,3361,是,13,否,否,官方 1.17.1,原版存在；配对已恢复
33612062,Putrid Ancestral Follower,3361,是,13,否,否,官方 1.17.1,原版存在；配对已恢复
33612200,Putrid Ancestral Follower,3361,是,13,否,否,官方 1.17.1,原版存在；配对已恢复
33612300,Putrid Ancestral Follower,3361,是,13,否,否,官方 1.17.1,原版存在；配对已恢复
33700000,Ancestral Follower Shaman,3370,是,4,是,否,官方 1.17.1,原版存在；配对已恢复
33700052,Ancestral Follower Shaman,3370,是,4,是,否,官方 1.17.1,原版存在；配对已恢复
33700064,Ancestral Follower Shaman (Siofra River),3370,是,4,是,否,官方 1.17.1,原版存在；配对已恢复
33700065,Ancestral Follower Shaman,3370,是,4,是,否,官方 1.17.1,原版存在；配对已恢复
33700100,Ancestral Follower Shaman,3370,是,4,是,否,官方 1.17.1,原版存在；配对已恢复
33700200,Ancestral Follower Shaman,3370,是,4,是,否,官方 1.17.1,原版存在；配对已恢复
33700265,Ancestral Follower Shaman,3370,是,4,是,否,官方 1.17.1,原版存在；配对已恢复
33700865,Ancestral Follower Shaman,3370,是,4,是,否,官方 1.17.1,原版存在；配对已恢复
33710000,Putrid Ancestral Shaman,3371,是,4,否,否,官方 1.17.1,原版存在；配对已恢复
33710062,Putrid Ancestral Shaman,3371,是,4,否,否,官方 1.17.1,原版存在；配对已恢复
33710100,Putrid Ancestral Shaman,3371,是,4,否,否,官方 1.17.1,原版存在；配对已恢复
33710101,,3371,否,4,否,否,官方 1.17.1,同模型新增变体；沿用官方处决配对
34000000,Grave Warden Duelist,3400,是,6,是,否,官方 1.17.1,原版存在；配对已恢复
34000001,,3400,否,6,是,否,官方 1.17.1,同模型新增变体；沿用官方处决配对
34000002,,3400,否,6,是,否,官方 1.17.1,同模型新增变体；沿用官方处决配对
34000030,Grave Warden Duelist,3400,是,6,是,否,官方 1.17.1,原版存在；配对已恢复
34000034,Grave Warden Duelist (Leyndell),3400,是,6,是,否,官方 1.17.1,原版存在；配对已恢复
34000040,Grave Warden Duelist,3400,是,6,是,否,官方 1.17.1,原版存在；配对已恢复
34000100,Grave Warden Duelist,3400,是,6,是,否,官方 1.17.1,原版存在；配对已恢复
34000200,Grave Warden Duelist,3400,是,6,是,否,官方 1.17.1,原版存在；配对已恢复
34000252,Grave Warden Duelist,3400,是,6,是,否,官方 1.17.1,原版存在；配对已恢复
34000254,Grave Warden Duelist,3400,是,6,是,否,官方 1.17.1,原版存在；配对已恢复
34000256,Grave Warden Duelist,3400,是,6,是,否,官方 1.17.1,原版存在；配对已恢复
34000300,Grave Warden Duelist,3400,是,6,是,否,官方 1.17.1,原版存在；配对已恢复
34000800,Grave Warden Duelist,3400,是,6,是,否,官方 1.17.1,原版存在；配对已恢复
34000852,Grave Warden Duelist,3400,是,6,是,否,官方 1.17.1,原版存在；配对已恢复
34000900,Grave Warden Duelist,3400,是,6,是,否,官方 1.17.1,原版存在；配对已恢复
34000940,Frenzied Grave Warden Duelist (Boss),3400,是,6,是,否,官方 1.17.1,原版存在；配对已恢复
34000952,Putrid Grave Warden Duelist (Boss),3400,是,6,是,否,官方 1.17.1,原版存在；配对已恢复
34001000,Grave Warden Duelist,3400,是,6,是,否,官方 1.17.1,原版存在；配对已恢复
34001034,Grave Warden Duelist (Leyndell),3400,是,6,是,否,官方 1.17.1,原版存在；配对已恢复
34001100,Grave Warden Duelist,3400,是,6,是,否,官方 1.17.1,原版存在；配对已恢复
34001110,Grave Warden Duelist (Boss),3400,是,6,是,否,官方 1.17.1,原版存在；配对已恢复
34001133,Grave Warden Duelist (Auriza Boss),3400,是,6,是,否,官方 1.17.1,原版存在；配对已恢复
34001200,Grave Warden Duelist,3400,是,6,是,否,官方 1.17.1,原版存在；配对已恢复
34001252,Grave Warden Duelist,3400,是,6,是,否,官方 1.17.1,原版存在；配对已恢复
34001254,Grave Warden Duelist,3400,是,6,是,否,官方 1.17.1,原版存在；配对已恢复
34001256,Grave Warden Duelist,3400,是,6,是,否,官方 1.17.1,原版存在；配对已恢复
34001300,Grave Warden Duelist,3400,是,6,是,否,官方 1.17.1,原版存在；配对已恢复
34001800,Grave Warden Duelist,3400,是,6,是,否,官方 1.17.1,原版存在；配对已恢复
34001852,Grave Warden Duelist,3400,是,6,是,否,官方 1.17.1,原版存在；配对已恢复
34500000,Misbegotten,3450,是,14,是,否,官方 1.17.1,原版存在；配对已恢复
34500012,Misbegotten,3450,是,14,是,否,官方 1.17.1,原版存在；配对已恢复
34500013,Misbegotten,3450,是,14,是,否,官方 1.17.1,原版存在；配对已恢复
34500030,Misbegotten,3450,是,14,是,否,官方 1.17.1,原版存在；配对已恢复
34500034,Misbegotten (Leyndell),3450,是,14,是,否,官方 1.17.1,原版存在；配对已恢复
34500054,Misbegotten,3450,是,14,是,否,官方 1.17.1,原版存在；配对已恢复
34500100,Misbegotten,3450,是,14,是,否,官方 1.17.1,原版存在；配对已恢复
34501000,Winged Misbegotten,3450,是,14,是,否,官方 1.17.1,原版存在；配对已恢复
34501002,,3450,否,14,是,否,官方 1.17.1,同模型新增变体；沿用官方处决配对
34501012,Winged Misbegotten,3450,是,14,是,否,官方 1.17.1,原版存在；配对已恢复
34501013,Winged Misbegotten,3450,是,14,是,否,官方 1.17.1,原版存在；配对已恢复
34501020,Winged Misbegotten,3450,是,14,是,否,官方 1.17.1,原版存在；配对已恢复
34501030,Winged Misbegotten,3450,是,14,是,否,官方 1.17.1,原版存在；配对已恢复
34501034,Winged Misbegotten (Leyndell),3450,是,14,是,否,官方 1.17.1,原版存在；配对已恢复
34501052,Winged Misbegotten,3450,是,14,是,否,官方 1.17.1,原版存在；配对已恢复
34501054,Winged Misbegotten,3450,是,14,是,否,官方 1.17.1,原版存在；配对已恢复
34501100,Winged Misbegotten,3450,是,14,是,否,官方 1.17.1,原版存在；配对已恢复
34501354,Winged Misbegotten,3450,是,14,是,否,官方 1.17.1,原版存在；配对已恢复
34502000,Misbegotten,3450,是,14,是,否,官方 1.17.1,原版存在；配对已恢复
34502012,Misbegotten,3450,是,14,是,否,官方 1.17.1,原版存在；配对已恢复
34502030,Misbegotten,3450,是,14,是,否,官方 1.17.1,原版存在；配对已恢复
34502054,Misbegotten,3450,是,14,是,否,官方 1.17.1,原版存在；配对已恢复
34502100,Misbegotten,3450,是,14,是,否,官方 1.17.1,原版存在；配对已恢复
34502354,Misbegotten,3450,是,14,是,否,官方 1.17.1,原版存在；配对已恢复
34509000,Misbegotten,3450,是,14,是,否,官方 1.17.1,原版存在；配对已恢复
34509100,Misbegotten,3450,是,14,是,否,官方 1.17.1,原版存在；配对已恢复
34510000,Scaly Misbegotten,3451,是,13,否,否,官方 1.17.1,原版存在；配对已恢复
34510012,Scaly Misbegotten,3451,是,13,否,否,官方 1.17.1,原版存在；配对已恢复
34510013,Scaly Misbegotten,3451,是,13,否,否,官方 1.17.1,原版存在；配对已恢复
34510030,Scaly Misbegotten,3451,是,13,否,否,官方 1.17.1,原版存在；配对已恢复
34510034,Scaly Misbegotten (Leyndell),3451,是,13,否,否,官方 1.17.1,原版存在；配对已恢复
34510052,Scaly Misbegotten,3451,是,13,否,否,官方 1.17.1,原版存在；配对已恢复
34510054,Scaly Misbegotten,3451,是,13,否,否,官方 1.17.1,原版存在；配对已恢复
34510100,Smithing Master Hewg,3451,是,13,否,否,官方 1.17.1,原版存在；配对已恢复
34510179,Smithing Master Hewg,3451,是,13,否,否,官方 1.17.1,原版存在；配对已恢复
34510200,Scaly Misbegotten,3451,是,13,否,否,官方 1.17.1,原版存在；配对已恢复
34510202,,3451,否,13,否,否,官方 1.17.1,同模型新增变体；沿用官方处决配对
34510354,Scaly Misbegotten,3451,是,13,否,否,官方 1.17.1,原版存在；配对已恢复
34510912,Scaly Misbegotten (Morne Tunnel Boss),3451,是,13,否,否,官方 1.17.1,原版存在；配对已恢复
34519000,Scaly Misbegotten,3451,是,13,否,否,官方 1.17.1,原版存在；配对已恢复
34519020,Scaly Misbegotten,3451,是,13,否,否,官方 1.17.1,原版存在；配对已恢复
34600000,Leonine Misbegotten,3460,是,4,是,否,官方 1.17.1,原版存在；配对已恢复
34600012,Leonine Misbegotten,3460,是,4,是,否,官方 1.17.1,原版存在；配对已恢复
34600034,Leonine Misbegotten (Leyndell),3460,是,4,是,否,官方 1.17.1,原版存在；配对已恢复
34600054,Leonine Misbegotten,3460,是,4,是,否,官方 1.17.1,原版存在；配对已恢复
34600354,Leonine Misbegotten,3460,是,4,是,否,官方 1.17.1,原版存在；配对已恢复
34600913,Leonine Misbegotten (Castle Morne Boss),3460,是,4,是,否,官方 1.17.1,原版存在；配对已恢复
34600930,Misbegotten Warrior,3460,是,4,是,否,官方 1.17.1,原版存在；配对已恢复
34600941,Misbegotten Warrior,3460,是,4,是,否,官方 1.17.1,原版存在；配对已恢复
34601000,Winged Misbegotten,3460,是,4,是,否,官方 1.17.1,原版存在；配对已恢复
34601952,Misbegotten Crusader,3460,是,4,是,否,官方 1.17.1,原版存在；配对已恢复
34601953,,3460,否,4,是,否,官方 1.17.1,同模型新增变体；沿用官方处决配对
34601955,,3460,否,4,是,否,官方 1.17.1,同模型新增变体；沿用官方处决配对
34700000,Albinauric,3470,是,13,否,否,官方 1.17.1,原版存在；配对已恢复
34700020,Albinauric,3470,是,13,否,否,官方 1.17.1,原版存在；配对已恢复
34700100,Albinauric,3470,是,13,否,否,官方 1.17.1,原版存在；配对已恢复
34700120,Albinauric,3470,是,13,否,否,官方 1.17.1,原版存在；配对已恢复
34700200,Bloodbane Albinauric (Unscaled),3470,是,13,否,否,官方 1.17.1,原版存在；配对已恢复
34700268,Bloodbane Albinauric,3470,是,13,否,否,官方 1.17.1,原版存在；配对已恢复
34700300,Snowfield Albinauric (Unscaled),3470,是,13,否,否,官方 1.17.1,原版存在；配对已恢复
34700352,Snowfield Albinauric,3470,是,13,否,否,官方 1.17.1,原版存在；配对已恢复
34700400,Albinauric,3470,是,13,否,否,官方 1.17.1,原版存在；配对已恢复
34700452,Albinauric,3470,是,13,否,否,官方 1.17.1,原版存在；配对已恢复
34701000,Albinauric,3470,是,13,否,否,官方 1.17.1,原版存在；配对已恢复
34701020,Albinauric,3470,是,13,否,否,官方 1.17.1,原版存在；配对已恢复
34701100,Albinauric,3470,是,13,否,否,官方 1.17.1,原版存在；配对已恢复
34701120,Albinauric,3470,是,13,否,否,官方 1.17.1,原版存在；配对已恢复
34701200,Albinauric,3470,是,13,否,否,官方 1.17.1,原版存在；配对已恢复
34701300,Albinauric,3470,是,13,否,否,官方 1.17.1,原版存在；配对已恢复
34701400,Bloodbane Albinauric,3470,是,13,否,否,官方 1.17.1,原版存在；配对已恢复
34701468,Bloodbane Albinauric,3470,是,13,否,否,官方 1.17.1,原版存在；配对已恢复
34701500,Albinauric,3470,是,13,否,否,官方 1.17.1,原版存在；配对已恢复
34701552,Albinauric,3470,是,13,否,否,官方 1.17.1,原版存在；配对已恢复
34701600,Albinauric,3470,是,13,否,否,官方 1.17.1,原版存在；配对已恢复
34701652,Albinauric,3470,是,13,否,否,官方 1.17.1,原版存在；配对已恢复
34702000,Albinauric,3470,是,13,否,否,官方 1.17.1,原版存在；配对已恢复
34702100,Albinauric,3470,是,13,否,否,官方 1.17.1,原版存在；配对已恢复
34702120,Albinauric,3470,是,13,否,否,官方 1.17.1,原版存在；配对已恢复
34702200,Albinauric,3470,是,13,否,否,官方 1.17.1,原版存在；配对已恢复
34702300,Albinauric,3470,是,13,否,否,官方 1.17.1,原版存在；配对已恢复
34702320,Albinauric,3470,是,13,否,否,官方 1.17.1,原版存在；配对已恢复
34702400,Bloodbane Albinauric,3470,是,13,否,否,官方 1.17.1,原版存在；配对已恢复
34702468,Bloodbane Albinauric,3470,是,13,否,否,官方 1.17.1,原版存在；配对已恢复
34702500,Albinauric,3470,是,13,否,否,官方 1.17.1,原版存在；配对已恢复
34702552,Albinauric,3470,是,13,否,否,官方 1.17.1,原版存在；配对已恢复
34703000,Albinauric,3470,是,13,否,否,官方 1.17.1,原版存在；配对已恢复
34703020,Bloodbane Albinauric,3470,是,13,否,否,官方 1.17.1,原版存在；配对已恢复
34703068,Bloodbane Albinauric,3470,是,13,否,否,官方 1.17.1,原版存在；配对已恢复
34703100,Albinauric,3470,是,13,否,否,官方 1.17.1,原版存在；配对已恢复
34703200,Albinauric,3470,是,13,否,否,官方 1.17.1,原版存在；配对已恢复
34703252,Albinauric,3470,是,13,否,否,官方 1.17.1,原版存在；配对已恢复
34704000,Albinauric,3470,是,13,否,否,官方 1.17.1,原版存在；配对已恢复
34704020,Albinauric,3470,是,13,否,否,官方 1.17.1,原版存在；配对已恢复
34704100,Albinauric,3470,是,13,否,否,官方 1.17.1,原版存在；配对已恢复
34704120,Albinauric,3470,是,13,否,否,官方 1.17.1,原版存在；配对已恢复
34704200,Bloodbane Albinauric,3470,是,13,否,否,官方 1.17.1,原版存在；配对已恢复
34704268,Bloodbane Albinauric,3470,是,13,否,否,官方 1.17.1,原版存在；配对已恢复
34704300,Albinauric,3470,是,13,否,否,官方 1.17.1,原版存在；配对已恢复
34704352,Albinauric,3470,是,13,否,否,官方 1.17.1,原版存在；配对已恢复
34715000,Large Albinauric,3471,是,13,否,否,官方 1.17.1,原版存在；配对已恢复
34715100,Large Albinauric,3471,是,13,否,否,官方 1.17.1,原版存在；配对已恢复
34715120,Large Albinauric,3471,是,13,否,否,官方 1.17.1,原版存在；配对已恢复
34715200,Large Bloodbane Albinauric (Unscaled),3471,是,13,否,否,官方 1.17.1,原版存在；配对已恢复
34715268,Large Bloodbane Albinauric,3471,是,13,否,否,官方 1.17.1,原版存在；配对已恢复
34715300,Large Snowfield Albinauric (Unscaled),3471,是,13,否,否,官方 1.17.1,原版存在；配对已恢复
34715352,Large Snowfield Albinauric,3471,是,13,否,否,官方 1.17.1,原版存在；配对已恢复
35000000,Large Skeleton (Spear),3500,是,6,否,否,官方 1.17.1,原版存在；配对已恢复
35000010,Large Skeleton (Spear),3500,是,6,否,否,官方 1.17.1,原版存在；配对已恢复
35000012,Large Skeleton (Spear),3500,是,6,否,否,官方 1.17.1,原版存在；配对已恢复
35000014,Large Skeleton (Spear),3500,是,6,否,否,官方 1.17.1,原版存在；配对已恢复
35000020,Large Skeleton (Spear),3500,是,6,否,否,官方 1.17.1,原版存在；配对已恢复
35000030,Large Skeleton (Spear),3500,是,6,否,否,官方 1.17.1,原版存在；配对已恢复
35000032,Large Skeleton (Spear),3500,是,6,否,否,官方 1.17.1,原版存在；配对已恢复
35000034,Large Skeleton (Spear),3500,是,6,否,否,官方 1.17.1,原版存在；配对已恢复
35000040,Large Skeleton (Spear),3500,是,6,否,否,官方 1.17.1,原版存在；配对已恢复
35000050,Large Skeleton (Spear),3500,是,6,否,否,官方 1.17.1,原版存在；配对已恢复
35000100,Large Skeleton (Spear),3500,是,6,否,否,官方 1.17.1,原版存在；配对已恢复
35000172,Large Skeleton (Spear),3500,是,6,否,否,官方 1.17.1,原版存在；配对已恢复
35000300,Large Skeleton (Spear),3500,是,6,否,否,官方 1.17.1,原版存在；配对已恢复
35000330,Large Skeleton (Spear),3500,是,6,否,否,官方 1.17.1,原版存在；配对已恢复
35000400,Large Skeleton (Spear),3500,是,6,否,否,官方 1.17.1,原版存在；配对已恢复
35000500,Large Skeleton (Spear),3500,是,6,否,否,官方 1.17.1,原版存在；配对已恢复
35000700,Large Skeleton (Spear),3500,是,6,否,否,官方 1.17.1,原版存在；配对已恢复
35000733,Large Skeleton (Spear),3500,是,6,否,否,官方 1.17.1,原版存在；配对已恢复
35001000,Large Skeleton (Crossbow),3500,是,6,否,否,官方 1.17.1,原版存在；配对已恢复
35001010,Large Skeleton (Crossbow),3500,是,6,否,否,官方 1.17.1,原版存在；配对已恢复
35001012,Large Skeleton (Crossbow),3500,是,6,否,否,官方 1.17.1,原版存在；配对已恢复
35001014,Large Skeleton (Crossbow),3500,是,6,否,否,官方 1.17.1,原版存在；配对已恢复
35001030,Large Skeleton (Crossbow),3500,是,6,否,否,官方 1.17.1,原版存在；配对已恢复
35001032,Large Skeleton (Crossbow),3500,是,6,否,否,官方 1.17.1,原版存在；配对已恢复
35001040,Large Skeleton (Crossbow),3500,是,6,否,否,官方 1.17.1,原版存在；配对已恢复
35001050,Large Skeleton (Crossbow),3500,是,6,否,否,官方 1.17.1,原版存在；配对已恢复
35001100,Large Skeleton (Crossbow),3500,是,6,否,否,官方 1.17.1,原版存在；配对已恢复
35001172,Large Skeleton (Crossbow),3500,是,6,否,否,官方 1.17.1,原版存在；配对已恢复
35001700,Large Skeleton (Crossbow),3500,是,6,否,否,官方 1.17.1,原版存在；配对已恢复
35001733,Large Skeleton (Crossbow),3500,是,6,否,否,官方 1.17.1,原版存在；配对已恢复
35002000,Large Skeleton (Scythe),3500,是,6,否,否,官方 1.17.1,原版存在；配对已恢复
35002010,Large Skeleton (Scythe),3500,是,6,否,否,官方 1.17.1,原版存在；配对已恢复
35002012,Large Skeleton (Scythe),3500,是,6,否,否,官方 1.17.1,原版存在；配对已恢复
35002020,Large Skeleton (Scythe),3500,是,6,否,否,官方 1.17.1,原版存在；配对已恢复
35002032,Large Skeleton (Scythe),3500,是,6,否,否,官方 1.17.1,原版存在；配对已恢复
35002040,Large Skeleton (Scythe),3500,是,6,否,否,官方 1.17.1,原版存在；配对已恢复
35002050,Large Skeleton (Scythe),3500,是,6,否,否,官方 1.17.1,原版存在；配对已恢复
35002100,Large Skeleton (Scythe),3500,是,6,否,否,官方 1.17.1,原版存在；配对已恢复
35002172,Large Skeleton (Scythe),3500,是,6,否,否,官方 1.17.1,原版存在；配对已恢复
35002700,Large Skeleton (Scythe),3500,是,6,否,否,官方 1.17.1,原版存在；配对已恢复
35002733,Large Skeleton (Scythe),3500,是,6,否,否,官方 1.17.1,原版存在；配对已恢复
35003000,Large Skeleton (Sword and Shield),3500,是,6,否,否,官方 1.17.1,原版存在；配对已恢复
35003010,Large Skeleton (Sword and Shield),3500,是,6,否,否,官方 1.17.1,原版存在；配对已恢复
35003012,Large Skeleton (Sword and Shield),3500,是,6,否,否,官方 1.17.1,原版存在；配对已恢复
35003014,Large Skeleton (Sword and Shield),3500,是,6,否,否,官方 1.17.1,原版存在；配对已恢复
35003032,Large Skeleton (Sword and Shield),3500,是,6,否,否,官方 1.17.1,原版存在；配对已恢复
35003040,Large Skeleton (Sword and Shield),3500,是,6,否,否,官方 1.17.1,原版存在；配对已恢复
35003050,Large Skeleton (Sword and Shield),3500,是,6,否,否,官方 1.17.1,原版存在；配对已恢复
35003100,Large Skeleton (Sword and Shield),3500,是,6,否,否,官方 1.17.1,原版存在；配对已恢复
35003172,Large Skeleton (Sword and Shield),3500,是,6,否,否,官方 1.17.1,原版存在；配对已恢复
35003700,Large Skeleton (Sword and Shield),3500,是,6,否,否,官方 1.17.1,原版存在；配对已恢复
35003733,Large Skeleton (Sword and Shield),3500,是,6,否,否,官方 1.17.1,原版存在；配对已恢复
35004000,Large Skeleton (Curved Swords),3500,是,6,否,否,官方 1.17.1,原版存在；配对已恢复
35004010,Large Skeleton (Curved Swords),3500,是,6,否,否,官方 1.17.1,原版存在；配对已恢复
35004012,Large Skeleton (Curved Swords),3500,是,6,否,否,官方 1.17.1,原版存在；配对已恢复
35004020,Large Skeleton (Curved Swords),3500,是,6,否,否,官方 1.17.1,原版存在；配对已恢复
35004030,Large Skeleton (Curved Swords),3500,是,6,否,否,官方 1.17.1,原版存在；配对已恢复
35004032,Large Skeleton (Curved Swords),3500,是,6,否,否,官方 1.17.1,原版存在；配对已恢复
35004040,Large Skeleton (Curved Swords),3500,是,6,否,否,官方 1.17.1,原版存在；配对已恢复
35004050,Large Skeleton (Curved Swords),3500,是,6,否,否,官方 1.17.1,原版存在；配对已恢复
35004100,Large Skeleton (Curved Swords),3500,是,6,否,否,官方 1.17.1,原版存在；配对已恢复
35004172,Large Skeleton (Curved Swords),3500,是,6,否,否,官方 1.17.1,原版存在；配对已恢复
35004700,Large Skeleton (Curved Swords),3500,是,6,否,否,官方 1.17.1,原版存在；配对已恢复
35004733,Large Skeleton (Curved Swords),3500,是,6,否,否,官方 1.17.1,原版存在；配对已恢复
35005000,Large Skeleton (Spear),3500,是,6,否,否,官方 1.17.1,原版存在；配对已恢复
35005010,Large Skeleton (Spear),3500,是,6,否,否,官方 1.17.1,原版存在；配对已恢复
35005020,Large Skeleton (Spear),3500,是,6,否,否,官方 1.17.1,原版存在；配对已恢复
35005032,Large Skeleton (Spear),3500,是,6,否,否,官方 1.17.1,原版存在；配对已恢复
35006000,Large Skeleton (Crossbow),3500,是,6,否,否,官方 1.17.1,原版存在；配对已恢复
35006010,Large Skeleton (Crossbow),3500,是,6,否,否,官方 1.17.1,原版存在；配对已恢复
35006032,Large Skeleton (Crossbow),3500,是,6,否,否,官方 1.17.1,原版存在；配对已恢复
35007000,Large Skeleton (Scythe),3500,是,6,否,否,官方 1.17.1,原版存在；配对已恢复
35007010,Large Skeleton (Scythe),3500,是,6,否,否,官方 1.17.1,原版存在；配对已恢复
35007020,Large Skeleton (Scythe),3500,是,6,否,否,官方 1.17.1,原版存在；配对已恢复
35007032,Large Skeleton (Scythe),3500,是,6,否,否,官方 1.17.1,原版存在；配对已恢复
35008000,Large Skeleton (Sword and Shield),3500,是,6,否,否,官方 1.17.1,原版存在；配对已恢复
35008010,Large Skeleton (Sword and Shield),3500,是,6,否,否,官方 1.17.1,原版存在；配对已恢复
35008020,Large Skeleton (Sword and Shield),3500,是,6,否,否,官方 1.17.1,原版存在；配对已恢复
35008032,Large Skeleton (Sword and Shield),3500,是,6,否,否,官方 1.17.1,原版存在；配对已恢复
35009000,Large Skeleton (Curved Swords),3500,是,6,否,否,官方 1.17.1,原版存在；配对已恢复
35009010,Large Skeleton (Curved Swords),3500,是,6,否,否,官方 1.17.1,原版存在；配对已恢复
35009032,Large Skeleton (Curved Swords),3500,是,6,否,否,官方 1.17.1,原版存在；配对已恢复
35100000,Skeleton (Sword and Shield),3510,是,5,否,否,官方 1.17.1,原版存在；配对已恢复
35100006,Skeleton (Sword and Shield),3510,是,5,否,否,官方 1.17.1,原版存在；配对已恢复
35100010,Skeleton (Sword and Shield),3510,是,5,否,否,官方 1.17.1,原版存在；配对已恢复
35100012,Skeleton (Sword and Shield),3510,是,5,否,否,官方 1.17.1,原版存在；配对已恢复
35100020,Skeleton (Sword and Shield),3510,是,5,否,否,官方 1.17.1,原版存在；配对已恢复
35100032,Skeleton (Sword and Shield),3510,是,5,否,否,官方 1.17.1,原版存在；配对已恢复
35100033,Skeleton (Sword and Shield),3510,是,5,否,否,官方 1.17.1,原版存在；配对已恢复
35100040,Skeleton (Sword and Shield),3510,是,5,否,否,官方 1.17.1,原版存在；配对已恢复
35100100,Skeleton (Sword and Shield),3510,是,5,否,否,官方 1.17.1,原版存在；配对已恢复
35100110,Skeleton (Sword and Shield),3510,是,5,否,否,官方 1.17.1,原版存在；配对已恢复
35100112,Skeleton (Sword and Shield),3510,是,5,否,否,官方 1.17.1,原版存在；配对已恢复
35100120,Skeleton (Sword and Shield),3510,是,5,否,否,官方 1.17.1,原版存在；配对已恢复
35100132,Skeleton (Sword and Shield),3510,是,5,否,否,官方 1.17.1,原版存在；配对已恢复
35100133,Skeleton (Sword and Shield),3510,是,5,否,否,官方 1.17.1,原版存在；配对已恢复
35100200,Skeleton (Sword and Shield),3510,是,5,否,否,官方 1.17.1,原版存在；配对已恢复
35100210,Skeleton (Sword and Shield),3510,是,5,否,否,官方 1.17.1,原版存在；配对已恢复
35100920,Skeleton (Sword and Shield),3510,是,5,否,否,官方 1.17.1,原版存在；配对已恢复
35101000,Skeleton (Sword),3510,是,5,否,否,官方 1.17.1,原版存在；配对已恢复
35101006,Skeleton (Sword),3510,是,5,否,否,官方 1.17.1,原版存在；配对已恢复
35101010,Skeleton (Sword),3510,是,5,否,否,官方 1.17.1,原版存在；配对已恢复
35101012,Skeleton (Sword),3510,是,5,否,否,官方 1.17.1,原版存在；配对已恢复
35101020,Skeleton (Sword),3510,是,5,否,否,官方 1.17.1,原版存在；配对已恢复
35101032,Skeleton (Sword),3510,是,5,否,否,官方 1.17.1,原版存在；配对已恢复
35101033,Skeleton (Sword),3510,是,5,否,否,官方 1.17.1,原版存在；配对已恢复
35101040,Skeleton (Sword),3510,是,5,否,否,官方 1.17.1,原版存在；配对已恢复
35101100,Skeleton (Sword),3510,是,5,否,否,官方 1.17.1,原版存在；配对已恢复
35101110,Skeleton (Sword),3510,是,5,否,否,官方 1.17.1,原版存在；配对已恢复
35101112,Skeleton (Sword),3510,是,5,否,否,官方 1.17.1,原版存在；配对已恢复
35101140,Skeleton (Sword),3510,是,5,否,否,官方 1.17.1,原版存在；配对已恢复
35101920,Skeleton (Sword),3510,是,5,否,否,官方 1.17.1,原版存在；配对已恢复
35102000,Skeleton (Bow),3510,是,5,否,否,官方 1.17.1,原版存在；配对已恢复
35102006,Skeleton (Bow),3510,是,5,否,否,官方 1.17.1,原版存在；配对已恢复
35102010,Skeleton (Bow),3510,是,5,否,否,官方 1.17.1,原版存在；配对已恢复
35102012,Skeleton (Bow),3510,是,5,否,否,官方 1.17.1,原版存在；配对已恢复
35102020,Skeleton (Bow),3510,是,5,否,否,官方 1.17.1,原版存在；配对已恢复
35102032,Skeleton (Bow),3510,是,5,否,否,官方 1.17.1,原版存在；配对已恢复
35102033,Skeleton (Bow),3510,是,5,否,否,官方 1.17.1,原版存在；配对已恢复
35102040,Skeleton (Bow),3510,是,5,否,否,官方 1.17.1,原版存在；配对已恢复
35102920,Skeleton (Bow),3510,是,5,否,否,官方 1.17.1,原版存在；配对已恢复
35103000,Skeleton (Fists),3510,是,5,否,否,官方 1.17.1,原版存在；配对已恢复
35103010,Skeleton (Fists),3510,是,5,否,否,官方 1.17.1,原版存在；配对已恢复
35103012,Skeleton (Fists),3510,是,5,否,否,官方 1.17.1,原版存在；配对已恢复
35103020,Skeleton (Fists),3510,是,5,否,否,官方 1.17.1,原版存在；配对已恢复
35103100,Skeleton (Fists),3510,是,5,否,否,官方 1.17.1,原版存在；配对已恢复
35103106,Skeleton (Fists),3510,是,5,否,否,官方 1.17.1,原版存在；配对已恢复
35103110,Skeleton (Fists),3510,是,5,否,否,官方 1.17.1,原版存在；配对已恢复
35104000,Skeleton (Fists),3510,是,5,否,否,官方 1.17.1,原版存在；配对已恢复
35104006,Skeleton (Fists),3510,是,5,否,否,官方 1.17.1,原版存在；配对已恢复
35104010,Skeleton (Fists),3510,是,5,否,否,官方 1.17.1,原版存在；配对已恢复
35104012,Skeleton (Fists),3510,是,5,否,否,官方 1.17.1,原版存在；配对已恢复
35104032,Skeleton (Fists),3510,是,5,否,否,官方 1.17.1,原版存在；配对已恢复
35104100,Skeleton (Fists),3510,是,5,否,否,官方 1.17.1,原版存在；配对已恢复
35104110,Skeleton (Fists),3510,是,5,否,否,官方 1.17.1,原版存在；配对已恢复
35500000,Sanguine Noble (Unscaled),3550,是,6,是,否,官方 1.17.1,原版存在；配对已恢复
35500020,Sanguine Noble,3550,是,6,是,否,官方 1.17.1,原版存在；配对已恢复
35500030,Sanguine Noble,3550,是,6,是,否,官方 1.17.1,原版存在；配对已恢复
35500050,Sanguine Noble,3550,是,6,是,否,官方 1.17.1,原版存在；配对已恢复
35500068,Sanguine Noble,3550,是,6,是,否,官方 1.17.1,原版存在；配对已恢复
35500930,Sanguine Noble (Boss),3550,是,6,是,否,官方 1.17.1,原版存在；配对已恢复
35500931,,3550,否,6,是,否,官方 1.17.1,同模型新增变体；沿用官方处决配对
35600000,Godskin Apostle (Unscaled),3560,是,4,是,否,官方 1.17.1,原版存在；配对已恢复
35600001,,3560,否,4,是,否,官方 1.17.1,同模型新增变体；沿用官方处决配对
35600002,,3560,否,4,是,否,官方 1.17.1,同模型新增变体；沿用官方处决配对
35600030,Godskin Apostle,3560,是,4,是,否,官方 1.17.1,原版存在；配对已恢复
35600040,Godskin Apostle,3560,是,4,是,否,官方 1.17.1,原版存在；配对已恢复
35600042,Godskin Apostle,3560,是,4,是,否,官方 1.17.1,原版存在；配对已恢复
35600100,Godskin Apostle (Unscaled),3560,是,4,是,否,官方 1.17.1,原版存在；配对已恢复
35600172,Godskin Apostle {Godskin Duo),3560,是,4,是,否,官方 1.17.1,原版存在；配对已恢复
35600900,Godskin Apostle (Unscaled),3560,是,4,是,否,官方 1.17.1,原版存在；配对已恢复
35600950,Godskin Apostle,3560,是,4,是,否,官方 1.17.1,原版存在；配对已恢复
35600972,Godskin Apostle (Godskin Duo HP),3560,是,4,是,否,官方 1.17.1,原版存在；配对已恢复
35700000,Godskin Noble (Unscaled),3570,是,4,是,否,官方 1.17.1,原版存在；配对已恢复
35700001,,3570,否,4,是,否,官方 1.17.1,同模型新增变体；沿用官方处决配对
35700002,,3570,否,4,是,否,官方 1.17.1,同模型新增变体；沿用官方处决配对
35700028,Godskin Noble (Liurnia Divine Tower),3570,是,4,是,否,官方 1.17.1,原版存在；配对已恢复
35700038,Godskin Noble (Volcano Manor),3570,是,4,是,否,官方 1.17.1,原版存在；配对已恢复
35700100,Godskin Noble (Unscaled),3570,是,4,是,否,官方 1.17.1,原版存在；配对已恢复
35700172,Godskin Noble (Godskin Duo),3570,是,4,是,否,官方 1.17.1,原版存在；配对已恢复
35700950,Godskin Noble,3570,是,4,是,否,官方 1.17.1,原版存在；配对已恢复
36000000,Alabaster Lord (Unscaled),3600,是,5,是,否,官方 1.17.1,原版存在；配对已恢复
36000001,,3600,否,5,是,否,官方 1.17.1,同模型新增变体；沿用官方处决配对
36000010,Alabaster Lord,3600,是,5,是,否,官方 1.17.1,原版存在；配对已恢复
36000012,Alabaster Lord,3600,是,5,是,否,官方 1.17.1,原版存在；配对已恢复
36000024,Alabaster Lord,3600,是,5,是,否,官方 1.17.1,原版存在；配对已恢复
36000052,Alabaster Lord,3600,是,5,是,否,官方 1.17.1,原版存在；配对已恢复
36000062,Alabaster Lord,3600,是,5,是,否,官方 1.17.1,原版存在；配对已恢复
36001000,Onyx Lord,3600,是,5,是,否,官方 1.17.1,原版存在；配对已恢复
36001052,Onyx Lord,3600,是,5,是,否,官方 1.17.1,原版存在；配对已恢复
36001920,Onyx Lord (Boss),3600,是,5,是,否,官方 1.17.1,原版存在；配对已恢复
36001933,Onyx Lord (Boss),3600,是,5,是,否,官方 1.17.1,原版存在；配对已恢复
36100000,Oracle Envoy,3610,是,6,否,否,官方 1.17.1,原版存在；配对已恢复
36100034,Oracle Envoy (Leyndell),3610,是,6,否,否,官方 1.17.1,原版存在；配对已恢复
36100054,Oracle Envoy,3610,是,6,否,否,官方 1.17.1,原版存在；配对已恢复
36200000,Large Oracle Envoy,3620,是,6,否,否,官方 1.17.1,原版存在；配对已恢复
36200002,,3620,否,6,否,否,官方 1.17.1,同模型新增变体；沿用官方处决配对
36200034,Large Oracle Envoy (Leyndell),3620,是,6,否,否,官方 1.17.1,原版存在；配对已恢复
36200054,Large Oracle Envoy,3620,是,6,否,否,官方 1.17.1,原版存在；配对已恢复
36300000,Giant Oracle Envoy,3630,是,2,是,否,官方 1.17.1,原版存在；配对已恢复
36300001,,3630,否,2,是,否,官方 1.17.1,同模型新增变体；沿用官方处决配对
36300054,Giant Oracle Envoy,3630,是,2,是,否,官方 1.17.1,原版存在；配对已恢复
36400000,,3640,是,0,否,否,官方 1.17.1,原版存在；未定义官方处决配对
36500000,Guardian,3650,是,13,是,否,官方 1.17.1,原版存在；配对已恢复
36500002,,3650,否,13,是,否,官方 1.17.1,同模型新增变体；沿用官方处决配对
36500012,Guardian,3650,是,13,是,否,官方 1.17.1,原版存在；配对已恢复
36500020,Guardian,3650,是,13,是,否,官方 1.17.1,原版存在；配对已恢复
36500030,Guardian,3650,是,13,是,否,官方 1.17.1,原版存在；配对已恢复
36500033,Guardian,3650,是,13,是,否,官方 1.17.1,原版存在；配对已恢复
36500034,Guardian (Leyndell),3650,是,13,是,否,官方 1.17.1,原版存在；配对已恢复
36501000,Full-Bloom Guardian,3650,是,13,是,否,官方 1.17.1,原版存在；配对已恢复
36501033,Full-Bloom Guardian,3650,是,13,是,否,官方 1.17.1,原版存在；配对已恢复
36501034,Full-Bloom Guardian (Leyndell),3650,是,13,是,否,官方 1.17.1,原版存在；配对已恢复
36501100,Full-Bloom Guardian - Full Bloomed,3650,是,13,是,否,官方 1.17.1,原版存在；配对已恢复
36501833,Full-Bloom Guardian,3650,是,13,是,否,官方 1.17.1,原版存在；配对已恢复
36502000,Rotten Guardian,3650,是,13,是,否,官方 1.17.1,原版存在；配对已恢复
36502040,Rotten Guardian,3650,是,13,是,否,官方 1.17.1,原版存在；配对已恢复
36502042,Rotten Guardian,3650,是,13,是,否,官方 1.17.1,原版存在；配对已恢复
36502052,Rotten Guardian,3650,是,13,是,否,官方 1.17.1,原版存在；配对已恢复
36503000,Fuller-Bloom Guardian,3650,是,13,是,否,官方 1.17.1,原版存在；配对已恢复
36600000,Commoner,3660,是,14,否,否,官方 1.17.1,原版存在；配对已恢复
36600014,Commoner,3660,是,14,否,否,官方 1.17.1,原版存在；配对已恢复
36600020,Commoner,3660,是,14,否,否,官方 1.17.1,原版存在；配对已恢复
36600030,Commoner,3660,是,14,否,否,官方 1.17.1,原版存在；配对已恢复
36600034,Commoner (Leyndell),3660,是,14,否,否,官方 1.17.1,原版存在；配对已恢复
36600035,Commoner,3660,是,14,否,否,官方 1.17.1,原版存在；配对已恢复
36600041,Commoner,3660,是,14,否,否,官方 1.17.1,原版存在；配对已恢复
36600070,Commoner,3660,是,14,否,否,官方 1.17.1,原版存在；配对已恢复
36600100,Commoner,3660,是,14,否,否,官方 1.17.1,原版存在；配对已恢复
36600110,Commoner,3660,是,14,否,否,官方 1.17.1,原版存在；配对已恢复
36600114,Commoner,3660,是,14,否,否,官方 1.17.1,原版存在；配对已恢复
36600600,Frenzied Commoner,3660,是,14,否,否,官方 1.17.1,原版存在；配对已恢复
36600612,Frenzied Commoner,3660,是,14,否,否,官方 1.17.1,原版存在；配对已恢复
36600620,Frenzied Commoner,3660,是,14,否,否,官方 1.17.1,原版存在；配对已恢复
36600652,Frenzied Commoner,3660,是,14,否,否,官方 1.17.1,原版存在；配对已恢复
36600700,Death-serving Commoner,3660,是,14,否,否,官方 1.17.1,原版存在；配对已恢复
36600733,Death-serving Commoner,3660,是,14,否,否,官方 1.17.1,原版存在；配对已恢复
36600800,Imprisoned Commoner,3660,是,14,否,否,官方 1.17.1,原版存在；配对已恢复
36600838,Imprisoned Commoner,3660,是,14,否,否,官方 1.17.1,原版存在；配对已恢复
36601000,Commoner (Spear),3660,是,14,否,否,官方 1.17.1,原版存在；配对已恢复
36601030,Commoner,3660,是,14,否,否,官方 1.17.1,原版存在；配对已恢复
36601070,Commoner,3660,是,14,否,否,官方 1.17.1,原版存在；配对已恢复
36601200,Frenzied Commoner,3660,是,14,否,否,官方 1.17.1,原版存在；配对已恢复
36601212,Frenzied Commoner,3660,是,14,否,否,官方 1.17.1,原版存在；配对已恢复
36601220,Frenzied Commoner,3660,是,14,否,否,官方 1.17.1,原版存在；配对已恢复
36601252,Frenzied Commoner,3660,是,14,否,否,官方 1.17.1,原版存在；配对已恢复
36601300,Death-serving Commoner,3660,是,14,否,否,官方 1.17.1,原版存在；配对已恢复
36601333,Death-serving Commoner,3660,是,14,否,否,官方 1.17.1,原版存在；配对已恢复
36601400,Imprisoned Commoner,3660,是,14,否,否,官方 1.17.1,原版存在；配对已恢复
36601438,Imprisoned Commoner,3660,是,14,否,否,官方 1.17.1,原版存在；配对已恢复
36602000,"Commoner (Torchpole, Cloak)",3660,是,14,否,否,官方 1.17.1,原版存在；配对已恢复
36602070,Commoner,3660,是,14,否,否,官方 1.17.1,原版存在；配对已恢复
36602100,Frenzied Commoner,3660,是,14,否,否,官方 1.17.1,原版存在；配对已恢复
36602152,Frenzied Commoner,3660,是,14,否,否,官方 1.17.1,原版存在；配对已恢复
36602200,Death-serving Commoner,3660,是,14,否,否,官方 1.17.1,原版存在；配对已恢复
36602233,Death-serving Commoner,3660,是,14,否,否,官方 1.17.1,原版存在；配对已恢复
36602300,Imprisoned Commoner,3660,是,14,否,否,官方 1.17.1,原版存在；配对已恢复
36602338,Imprisoned Commoner,3660,是,14,否,否,官方 1.17.1,原版存在；配对已恢复
36603000,Commoner (Torchpole),3660,是,14,否,否,官方 1.17.1,原版存在；配对已恢复
36603010,Commoner,3660,是,14,否,否,官方 1.17.1,原版存在；配对已恢复
36603020,Commoner,3660,是,14,否,否,官方 1.17.1,原版存在；配对已恢复
36603100,Commoner,3660,是,14,否,否,官方 1.17.1,原版存在；配对已恢复
36603110,Commoner,3660,是,14,否,否,官方 1.17.1,原版存在；配对已恢复
36608000,Commoner (Margit),3660,是,14,否,否,官方 1.17.1,原版存在；配对已恢复
36608033,Commoner (Margit),3660,是,14,否,否,官方 1.17.1,原版存在；配对已恢复
36609000,Commoner (Stranded Soul),3660,是,14,否,否,官方 1.17.1,原版存在；配对已恢复
36609006,Commoner (Stranded Soul),3660,是,14,否,否,官方 1.17.1,原版存在；配对已恢复
36609010,Commoner (Stranded Soul),3660,是,14,否,否,官方 1.17.1,原版存在；配对已恢复
36609012,Commoner (Stranded Soul),3660,是,14,否,否,官方 1.17.1,原版存在；配对已恢复
36609020,Commoner (Stranded Soul),3660,是,14,否,否,官方 1.17.1,原版存在；配对已恢复
36609022,Commoner (Stranded Soul),3660,是,14,否,否,官方 1.17.1,原版存在；配对已恢复
36609040,Commoner (Stranded Soul),3660,是,14,否,否,官方 1.17.1,原版存在；配对已恢复
36609052,Commoner (Stranded Soul),3660,是,14,否,否,官方 1.17.1,原版存在；配对已恢复
36609100,Commoner (Stranded Soul),3660,是,14,否,否,官方 1.17.1,原版存在；配对已恢复
36609114,Commoner (Stranded Soul),3660,是,14,否,否,官方 1.17.1,原版存在；配对已恢复
36609120,Commoner (Stranded Soul),3660,是,14,否,否,官方 1.17.1,原版存在；配对已恢复
36609130,Commoner (Stranded Soul),3660,是,14,否,否,官方 1.17.1,原版存在；配对已恢复
36609140,Commoner (Stranded Soul),3660,是,14,否,否,官方 1.17.1,原版存在；配对已恢复
36609142,Commoner (Stranded Soul),3660,是,14,否,否,官方 1.17.1,原版存在；配对已恢复
36609152,Commoner (Stranded Soul),3660,是,14,否,否,官方 1.17.1,原版存在；配对已恢复
36609162,Commoner (Stranded Soul),3660,是,14,否,否,官方 1.17.1,原版存在；配对已恢复
36609165,Commoner (Stranded Soul),3660,是,14,否,否,官方 1.17.1,原版存在；配对已恢复
36609170,Commoner (Stranded Soul),3660,是,14,否,否,官方 1.17.1,原版存在；配对已恢复
36609500,Commoner (Stranded Soul),3660,是,14,否,否,官方 1.17.1,原版存在；配对已恢复
36609510,Commoner (Stranded Soul),3660,是,14,否,否,官方 1.17.1,原版存在；配对已恢复
36609520,Commoner (Stranded Soul),3660,是,14,否,否,官方 1.17.1,原版存在；配对已恢复
36610000,Putrid Corpse,3661,是,13,否,否,官方 1.17.1,原版存在；配对已恢复
36610012,Putrid Corpse,3661,是,13,否,否,官方 1.17.1,原版存在；配对已恢复
36610030,Putrid Corpse,3661,是,13,否,否,官方 1.17.1,原版存在；配对已恢复
36610032,Putrid Corpse,3661,是,13,否,否,官方 1.17.1,原版存在；配对已恢复
36610033,Putrid Corpse,3661,是,13,否,否,官方 1.17.1,原版存在；配对已恢复
36610034,Putrid Corpse (Leyndell),3661,是,13,否,否,官方 1.17.1,原版存在；配对已恢复
36610035,Putrid Corpse,3661,是,13,否,否,官方 1.17.1,原版存在；配对已恢复
36610039,Putrid Corpse,3661,是,13,否,否,官方 1.17.1,原版存在；配对已恢复
36610040,Putrid Corpse,3661,是,13,否,否,官方 1.17.1,原版存在；配对已恢复
36610054,Putrid Corpse,3661,是,13,否,否,官方 1.17.1,原版存在；配对已恢复
36610100,Putrid Corpse,3661,是,13,否,否,官方 1.17.1,原版存在；配对已恢复
36610140,Putrid Corpse,3661,是,13,否,否,官方 1.17.1,原版存在；配对已恢复
36610812,Putrid Corpse,3661,是,13,否,否,官方 1.17.1,原版存在；配对已恢复
36610820,Putrid Corpse (Mirage),3661,是,13,否,否,官方 1.17.1,原版存在；配对已恢复
36611000,Putrid Corpse (Maggots),3661,是,13,否,否,官方 1.17.1,原版存在；配对已恢复
36611012,Putrid Corpse (Maggots),3661,是,13,否,否,官方 1.17.1,原版存在；配对已恢复
36611030,Putrid Corpse (Maggots),3661,是,13,否,否,官方 1.17.1,原版存在；配对已恢复
36611031,Putrid Corpse (Maggots) (Shaded Castle),3661,是,13,否,否,官方 1.17.1,原版存在；配对已恢复
36611035,Putrid Corpse (Maggots),3661,是,13,否,否,官方 1.17.1,原版存在；配对已恢复
36611100,Putrid Corpse (Maggots),3661,是,13,否,否,官方 1.17.1,原版存在；配对已恢复
36612000,Putrid Corpse (Burning),3661,是,13,否,否,官方 1.17.1,原版存在；配对已恢复
36612030,Putrid Corpse (Burning),3661,是,13,否,否,官方 1.17.1,原版存在；配对已恢复
36612032,Putrid Corpse (Burning),3661,是,13,否,否,官方 1.17.1,原版存在；配对已恢复
36612035,Putrid Corpse (Burning),3661,是,13,否,否,官方 1.17.1,原版存在；配对已恢复
36612040,Putrid Corpse (Burning),3661,是,13,否,否,官方 1.17.1,原版存在；配对已恢复
36612132,Putrid Corpse (Burning),3661,是,13,否,否,官方 1.17.1,原版存在；配对已恢复
36612200,Putrid Corpse (Burning),3661,是,13,否,否,官方 1.17.1,原版存在；配对已恢复
36613000,Putrid Corpse (Mushroom),3661,是,13,否,否,官方 1.17.1,原版存在；配对已恢复
36613054,Putrid Corpse (Mushroom),3661,是,13,否,否,官方 1.17.1,原版存在；配对已恢复
36613100,Putrid Corpse (Mushroom),3661,是,13,否,否,官方 1.17.1,原版存在；配对已恢复
36613154,Putrid Corpse (Mushroom),3661,是,13,否,否,官方 1.17.1,原版存在；配对已恢复
36613200,Putrid Corpse (Mushroom),3661,是,13,否,否,官方 1.17.1,原版存在；配对已恢复
36613254,Putrid Corpse (Mushroom),3661,是,13,否,否,官方 1.17.1,原版存在；配对已恢复
36614000,Putrid Corpse (Magic),3661,是,13,否,否,官方 1.17.1,原版存在；配对已恢复
36614024,Putrid Corpse (Magic),3661,是,13,否,否,官方 1.17.1,原版存在；配对已恢复
36615000,Putrid Corpse (Blood),3661,是,13,否,否,官方 1.17.1,原版存在；配对已恢复
36615068,Putrid Corpse (Blood),3661,是,13,否,否,官方 1.17.1,原版存在；配对已恢复
36616000,Putrid Corpse (Rotten),3661,是,13,否,否,官方 1.17.1,原版存在；配对已恢复
36616040,Putrid Corpse (Rotten),3661,是,13,否,否,官方 1.17.1,原版存在；配对已恢复
36619000,Putrid Corpse,3661,是,13,否,否,官方 1.17.1,原版存在；配对已恢复
36619040,Putrid Corpse Ghost,3661,是,13,否,否,官方 1.17.1,原版存在；配对已恢复
36620000,Putrid Corpse (Large),3662,是,13,否,否,官方 1.17.1,原版存在；配对已恢复
36620012,Putrid Corpse (Large),3662,是,13,否,否,官方 1.17.1,原版存在；配对已恢复
36620034,Putrid Corpse (Large) (Leyndell),3662,是,13,否,否,官方 1.17.1,原版存在；配对已恢复
36620040,Putrid Corpse (Large),3662,是,13,否,否,官方 1.17.1,原版存在；配对已恢复
36620054,Putrid Corpse (Large),3662,是,13,否,否,官方 1.17.1,原版存在；配对已恢复
36620100,Putrid Corpse (Large),3662,是,13,否,否,官方 1.17.1,原版存在；配对已恢复
36620140,Putrid Corpse (Large),3662,是,13,否,否,官方 1.17.1,原版存在；配对已恢复
36621000,Putrid Corpse (Large) (Maggots),3662,是,13,否,否,官方 1.17.1,原版存在；配对已恢复
36621031,Putrid Corpse (Large) (Maggots) (Shaded Castle),3662,是,13,否,否,官方 1.17.1,原版存在；配对已恢复
36621035,Putrid Corpse (Large) (Maggots),3662,是,13,否,否,官方 1.17.1,原版存在；配对已恢复
36621100,Putrid Corpse (Large) (Maggots),3662,是,13,否,否,官方 1.17.1,原版存在；配对已恢复
36621140,Putrid Corpse (Large) (Maggots),3662,是,13,否,否,官方 1.17.1,原版存在；配对已恢复
36622000,Putrid Corpse (Large) (Burning),3662,是,13,否,否,官方 1.17.1,原版存在；配对已恢复
36622040,Putrid Corpse (Large) (Burning),3662,是,13,否,否,官方 1.17.1,原版存在；配对已恢复
36622200,Putrid Corpse (Large) (Burning),3662,是,13,否,否,官方 1.17.1,原版存在；配对已恢复
36623000,Putrid Corpse (Large) (Mushroom),3662,是,13,否,否,官方 1.17.1,原版存在；配对已恢复
36623054,Putrid Corpse (Large) (Mushroom),3662,是,13,否,否,官方 1.17.1,原版存在；配对已恢复
36623100,Putrid Corpse (Large) (Mushroom),3662,是,13,否,否,官方 1.17.1,原版存在；配对已恢复
36623154,Putrid Corpse (Large) (Mushroom),3662,是,13,否,否,官方 1.17.1,原版存在；配对已恢复
36623200,Putrid Corpse (Large) (Mushroom),3662,是,13,否,否,官方 1.17.1,原版存在；配对已恢复
36623254,Putrid Corpse (Large) (Mushroom),3662,是,13,否,否,官方 1.17.1,原版存在；配对已恢复
36624000,Putrid Corpse (Large) (Magic),3662,是,13,否,否,官方 1.17.1,原版存在；配对已恢复
36624024,Putrid Corpse (Large) (Magic),3662,是,13,否,否,官方 1.17.1,原版存在；配对已恢复
36625000,Putrid Corpse (Large) (Blood),3662,是,13,否,否,官方 1.17.1,原版存在；配对已恢复
36625068,Putrid Corpse (Large) (Blood),3662,是,13,否,否,官方 1.17.1,原版存在；配对已恢复
36626000,Putrid Corpse (Large) (Rotten),3662,是,13,否,否,官方 1.17.1,原版存在；配对已恢复
36626040,Putrid Corpse (Large) (Rotten),3662,是,13,否,否,官方 1.17.1,原版存在；配对已恢复
36640000,Cemetery Shade,3664,是,5,否,否,官方 1.17.1,原版存在；配对已恢复
36640001,,3664,否,5,否,否,官方 1.17.1,同模型新增变体；沿用官方处决配对
36640002,,3664,否,5,否,否,官方 1.17.1,同模型新增变体；沿用官方处决配对
36640012,Cemetery Shade (Weeping Peninsula),3664,是,5,否,否,官方 1.17.1,原版存在；配对已恢复
36640032,Cemetery Shade,3664,是,5,否,否,官方 1.17.1,原版存在；配对已恢复
36640035,Cemetery Shade,3664,是,5,否,否,官方 1.17.1,原版存在；配对已恢复
36640040,Cemetery Shade (Boss),3664,是,5,否,否,官方 1.17.1,原版存在；配对已恢复
36640920,Cemetery Shade (Boss),3664,是,5,否,否,官方 1.17.1,原版存在；配对已恢复
36650000,Gatekeeper Gostoc,3665,是,13,否,否,官方 1.17.1,原版存在；配对已恢复
36650014,Gatekeeper Gostoc,3665,是,13,否,否,官方 1.17.1,原版存在；配对已恢复
36650114,Gatekeeper Gostoc,3665,是,13,否,否,官方 1.17.1,原版存在；配对已恢复
36650214,Gatekeeper Gostoc,3665,是,13,否,否,官方 1.17.1,原版存在；配对已恢复
36650314,Gatekeeper Gostoc,3665,是,13,否,否,官方 1.17.1,原版存在；配对已恢复
36650414,Gatekeeper Gostoc,3665,是,13,否,否,官方 1.17.1,原版存在；配对已恢复
36650514,Gatekeeper Gostoc,3665,是,13,否,否,官方 1.17.1,原版存在；配对已恢复
36650614,Gatekeeper Gostoc,3665,是,13,否,否,官方 1.17.1,原版存在；配对已恢复
36651000,Gatekeeper Gostoc,3665,是,13,否,否,官方 1.17.1,原版存在；配对已恢复
36660000,The Noble Goldmask,3666,是,12,否,否,官方 1.17.1,原版存在；配对已恢复
36660030,The Noble Goldmask,3666,是,12,否,否,官方 1.17.1,原版存在；配对已恢复
36660034,The Noble Goldmask,3666,是,12,否,否,官方 1.17.1,原版存在；配对已恢复
36660050,The Noble Goldmask,3666,是,12,否,否,官方 1.17.1,原版存在；配对已恢复
36660070,The Noble Goldmask,3666,是,12,否,否,官方 1.17.1,原版存在；配对已恢复
36700000,Elder Albinauric,3670,是,10,是,否,官方 1.17.1,原版存在；配对已恢复
36700042,Elder Albinauric,3670,是,10,是,否,官方 1.17.1,原版存在；配对已恢复
36700100,Elder Albinauric,3670,是,10,是,否,官方 1.17.1,原版存在；配对已恢复
36700120,Elder Albinauric,3670,是,10,是,否,官方 1.17.1,原版存在；配对已恢复
36700134,Elder Albinauric (Leyndell),3670,是,10,是,否,官方 1.17.1,原版存在；配对已恢复
36701000,Elder Albinauric Sorcerer,3670,是,10,是,否,官方 1.17.1,原版存在；配对已恢复
36701021,Elder Albinauric Sorcerer,3670,是,10,是,否,官方 1.17.1,原版存在；配对已恢复
36701038,Elder Albinauric Sorcerer,3670,是,10,是,否,官方 1.17.1,原版存在；配对已恢复
36701042,Elder Albinauric Sorcerer,3670,是,10,是,否,官方 1.17.1,原版存在；配对已恢复
36701100,Elder Albinauric Sorcerer,3670,是,10,是,否,官方 1.17.1,原版存在；配对已恢复
36701120,Elder Albinauric Sorcerer,3670,是,10,是,否,官方 1.17.1,原版存在；配对已恢复
36701121,Elder Albinauric Sorcerer,3670,是,10,是,否,官方 1.17.1,原版存在；配对已恢复
36701138,Elder Albinauric Sorcerer,3670,是,10,是,否,官方 1.17.1,原版存在；配对已恢复
36701200,"Pidia, Carian Servant",3670,是,10,是,否,官方 1.17.1,原版存在；配对已恢复
36702000,Imprisoned Elder Albinauric,3670,是,10,是,否,官方 1.17.1,原版存在；配对已恢复
36702038,Imprisoned Elder Albinauric,3670,是,10,是,否,官方 1.17.1,原版存在；配对已恢复
36702051,Imprisoned Elder Albinauric,3670,是,10,是,否,官方 1.17.1,原版存在；配对已恢复
36702100,Imprisoned Elder Albinauric,3670,是,10,是,否,官方 1.17.1,原版存在；配对已恢复
36702138,Imprisoned Elder Albinauric,3670,是,10,是,否,官方 1.17.1,原版存在；配对已恢复
36702151,Imprisoned Elder Albinauric,3670,是,10,是,否,官方 1.17.1,原版存在；配对已恢复
36702200,Imprisoned Elder Albinauric,3670,是,10,是,否,官方 1.17.1,原版存在；配对已恢复
36702238,Imprisoned Elder Albinauric,3670,是,10,是,否,官方 1.17.1,原版存在；配对已恢复
36702251,Imprisoned Elder Albinauric,3670,是,10,是,否,官方 1.17.1,原版存在；配对已恢复
36703000,Black Dumpling Elder Albinauric,3670,是,10,是,否,官方 1.17.1,原版存在；配对已恢复
36703034,"Black Dumpling Elder Albinauric (Leyndell, Royal Capital)",3670,是,10,是,否,官方 1.17.1,原版存在；配对已恢复
36703038,Black Dumpling Elder Albinauric,3670,是,10,是,否,官方 1.17.1,原版存在；配对已恢复
36703051,Black Dumpling Elder Albinauric,3670,是,10,是,否,官方 1.17.1,原版存在；配对已恢复
36704000,Poison Claw Elder Albinauric,3670,是,10,是,否,官方 1.17.1,原版存在；配对已恢复
36704020,Poison Claw Elder Albinauric,3670,是,10,是,否,官方 1.17.1,原版存在；配对已恢复
36708000,Old Albus,3670,是,10,是,否,官方 1.17.1,原版存在；配对已恢复
36708020,Old Albus,3670,是,10,是,否,官方 1.17.1,原版存在；配对已恢复
36709000,"Pidia, Carian Servant",3670,是,10,是,否,官方 1.17.1,原版存在；配对已恢复
36709020,"Pidia, Carian Servant",3670,是,10,是,否,官方 1.17.1,原版存在；配对已恢复
36709100,Elder Albinauric,3670,是,10,是,否,官方 1.17.1,原版存在；配对已恢复
36709120,"Pidia, Carian Servant",3670,是,10,是,否,官方 1.17.1,原版存在；配对已恢复
36709920,"Pidia, Carian Servant",3670,是,10,是,否,官方 1.17.1,原版存在；配对已恢复
37000000,Depraved Perfumer,3700,是,5,是,否,官方 1.17.1,原版存在；配对已恢复
37000010,Depraved Perfumer,3700,是,5,是,否,官方 1.17.1,原版存在；配对已恢复
37000020,Depraved Perfumer,3700,是,5,是,否,官方 1.17.1,原版存在；配对已恢复
37000030,Depraved Perfumer,3700,是,5,是,否,官方 1.17.1,原版存在；配对已恢复
37000031,Depraved Perfumer (Shaded Castle),3700,是,5,是,否,官方 1.17.1,原版存在；配对已恢复
37000033,Depraved Perfumer,3700,是,5,是,否,官方 1.17.1,原版存在；配对已恢复
37001000,Depraved Perfumer,3700,是,5,是,否,官方 1.17.1,原版存在；配对已恢复
37001030,Depraved Perfumer,3700,是,5,是,否,官方 1.17.1,原版存在；配对已恢复
37001031,Depraved Perfumer (Shaded Castle),3700,是,5,是,否,官方 1.17.1,原版存在；配对已恢复
37010000,Perfumer,3701,是,5,否,否,官方 1.17.1,原版存在；配对已恢复
37010002,,3701,否,5,否,否,官方 1.17.1,同模型新增变体；沿用官方处决配对
37010030,Perfumer,3701,是,5,否,否,官方 1.17.1,原版存在；配对已恢复
37010033,Perfumer,3701,是,5,否,否,官方 1.17.1,原版存在；配对已恢复
37010034,Perfumer  (Leyndell),3701,是,5,否,否,官方 1.17.1,原版存在；配对已恢复
37010830,Perfumer,3701,是,5,否,否,官方 1.17.1,原版存在；配对已恢复
37011000,Perfumer,3701,是,5,否,否,官方 1.17.1,原版存在；配对已恢复
37011030,Perfumer,3701,是,5,否,否,官方 1.17.1,原版存在；配对已恢复
37011034,Perfumer (Leyndell),3701,是,5,否,否,官方 1.17.1,原版存在；配对已恢复
37011930,Perfumer Tricia,3701,是,5,否,否,官方 1.17.1,原版存在；配对已恢复
37020000,Glintstone Sorcerer,3702,是,5,否,否,官方 1.17.1,原版存在；配对已恢复
37020020,Glintstone Sorcerer,3702,是,5,否,否,官方 1.17.1,原版存在；配对已恢复
37020021,Glintstone Sorcerer,3702,是,5,否,否,官方 1.17.1,原版存在；配对已恢复
37020024,Glintstone Sorcerer,3702,是,5,否,否,官方 1.17.1,原版存在；配对已恢复
37020032,Glintstone Sorcerer,3702,是,5,否,否,官方 1.17.1,原版存在；配对已恢复
37020040,Glintstone Sorcerer (Mirage),3702,是,5,否,否,官方 1.17.1,原版存在；配对已恢复
37021000,Karolos Glintstone Sorcerer,3702,是,5,否,否,官方 1.17.1,原版存在；配对已恢复
37021020,Karolos Glintstone Sorcerer,3702,是,5,否,否,官方 1.17.1,原版存在；配对已恢复
37021024,Karolos Glintstone Sorcerer,3702,是,5,否,否,官方 1.17.1,原版存在；配对已恢复
37021032,Karolos Glintstone Sorcerer,3702,是,5,否,否,官方 1.17.1,原版存在；配对已恢复
37021040,Karolos Glintstone Sorcerer (Mirage),3702,是,5,否,否,官方 1.17.1,原版存在；配对已恢复
37021140,Karolos Glintstone Sorcerer,3702,是,5,否,否,官方 1.17.1,原版存在；配对已恢复
37022000,Lazuli Glintstone Sorcerer,3702,是,5,否,否,官方 1.17.1,原版存在；配对已恢复
37022021,Lazuli Glintstone Sorcerer,3702,是,5,否,否,官方 1.17.1,原版存在；配对已恢复
37022024,Lazuli Glintstone Sorcerer,3702,是,5,否,否,官方 1.17.1,原版存在；配对已恢复
37022040,Lazuli Glintstone Sorcerer,3702,是,5,否,否,官方 1.17.1,原版存在；配对已恢复
37022140,Lazuli Glintstone Sorcerer,3702,是,5,否,否,官方 1.17.1,原版存在；配对已恢复
37023000,Twinsage Glintstone Sorcerer A,3702,是,5,否,否,官方 1.17.1,原版存在；配对已恢复
37023020,Twinsage Glintstone Sorcerer A,3702,是,5,否,否,官方 1.17.1,原版存在；配对已恢复
37023024,Twinsage Glintstone Sorcerer A,3702,是,5,否,否,官方 1.17.1,原版存在；配对已恢复
37023040,Mirage Twinsage Glintstone Sorcerer A,3702,是,5,否,否,官方 1.17.1,原版存在；配对已恢复
37023140,Twinsage Glintstone Sorcerer A,3702,是,5,否,否,官方 1.17.1,原版存在；配对已恢复
37024000,Twinsage Glintstone Sorcerer B,3702,是,5,否,否,官方 1.17.1,原版存在；配对已恢复
37024024,Twinsage Glintstone Sorcerer B,3702,是,5,否,否,官方 1.17.1,原版存在；配对已恢复
37024040,Mirage Twinsage Glintstone Sorcerer B,3702,是,5,否,否,官方 1.17.1,原版存在；配对已恢复
37030000,Page,3703,是,5,否,否,官方 1.17.1,原版存在；配对已恢复
37030012,Page,3703,是,5,否,否,官方 1.17.1,原版存在；配对已恢复
37030021,Page,3703,是,5,否,否,官方 1.17.1,原版存在；配对已恢复
37030030,Page,3703,是,5,否,否,官方 1.17.1,原版存在；配对已恢复
37030031,Page (Shaded Castle),3703,是,5,否,否,官方 1.17.1,原版存在；配对已恢复
37030032,Page,3703,是,5,否,否,官方 1.17.1,原版存在；配对已恢复
37030033,Page,3703,是,5,否,否,官方 1.17.1,原版存在；配对已恢复
37030034,Page (Leyndell),3703,是,5,否,否,官方 1.17.1,原版存在；配对已恢复
37030041,Page,3703,是,5,否,否,官方 1.17.1,原版存在；配对已恢复
37030052,Page,3703,是,5,否,否,官方 1.17.1,原版存在；配对已恢复
37031000,High Page,3703,是,5,否,否,官方 1.17.1,原版存在；配对已恢复
37031024,High Page (Raya Lucaria),3703,是,5,否,否,官方 1.17.1,原版存在；配对已恢复
37031034,High Page (Leyndell),3703,是,5,否,否,官方 1.17.1,原版存在；配对已恢复
37040000,Battlemage,3704,是,13,否,否,官方 1.17.1,原版存在；配对已恢复
37040001,,3704,否,13,否,否,官方 1.17.1,同模型新增变体；沿用官方处决配对
37040020,Battlemage,3704,是,13,否,否,官方 1.17.1,原版存在；配对已恢复
37040040,Battlemage,3704,是,13,否,否,官方 1.17.1,原版存在；配对已恢复
37040054,Battlemage,3704,是,13,否,否,官方 1.17.1,原版存在；配对已恢复
37040800,Battlemage,3704,是,13,否,否,官方 1.17.1,原版存在；配对已恢复
37040830,Battlemage,3704,是,13,否,否,官方 1.17.1,原版存在；配对已恢复
37040940,Battlemage Hugues (Boss),3704,是,13,否,否,官方 1.17.1,原版存在；配对已恢复
37100000,Azur,3710,是,0,否,否,官方 1.17.1,原版存在；未定义官方处决配对
37100024,Azur,3710,是,0,否,否,官方 1.17.1,原版存在；配对已恢复
37100032,Azur,3710,是,0,否,否,官方 1.17.1,原版存在；配对已恢复
37200000,Lusat,3720,是,0,否,否,官方 1.17.1,原版存在；未定义官方处决配对
37200040,Lusat,3720,是,0,否,否,官方 1.17.1,原版存在；配对已恢复
37200042,Lusat,3720,是,0,否,否,官方 1.17.1,原版存在；配对已恢复
37300000,Graven School,3730,是,0,是,否,官方 1.17.1,原版存在；未定义官方处决配对
37300020,Graven School,3730,是,0,是,否,官方 1.17.1,原版存在；配对已恢复
37300040,Graven School,3730,是,0,是,否,官方 1.17.1,原版存在；配对已恢复
37300042,Graven School,3730,是,0,是,否,官方 1.17.1,原版存在；配对已恢复
37300052,Graven School,3730,是,0,是,否,官方 1.17.1,原版存在；配对已恢复
37300100,Graven School,3730,是,0,是,否,官方 1.17.1,原版存在；配对已恢复
37300112,Graven School,3730,是,0,是,否,官方 1.17.1,原版存在；配对已恢复
37300120,Graven School,3730,是,0,是,否,官方 1.17.1,原版存在；配对已恢复
37300152,Graven School,3730,是,0,是,否,官方 1.17.1,原版存在；配对已恢复
37301000,Sorceress Sellen,3730,是,0,是,否,官方 1.17.1,原版存在；配对已恢复
37301024,Sorceress Sellen,3730,是,0,是,否,官方 1.17.1,原版存在；配对已恢复
37500000,Clayman - Spear,3750,是,13,是,否,官方 1.17.1,原版存在；配对已恢复
37500002,,3750,否,13,是,否,官方 1.17.1,同模型新增变体；沿用官方处决配对
37500060,Clayman (Ainsel River),3750,是,13,是,否,官方 1.17.1,原版存在；配对已恢复
37500062,Clayman (Lake of Rot),3750,是,13,是,否,官方 1.17.1,原版存在；配对已恢复
37500064,Clayman (Siofra River),3750,是,13,是,否,官方 1.17.1,原版存在；配对已恢复
37500065,Clayman,3750,是,13,是,否,官方 1.17.1,原版存在；配对已恢复
37501000,Clayman - Dagger,3750,是,13,是,否,官方 1.17.1,原版存在；配对已恢复
37501060,Clayman (Ainsel River),3750,是,13,是,否,官方 1.17.1,原版存在；配对已恢复
37501062,Clayman (Lake of Rot),3750,是,13,是,否,官方 1.17.1,原版存在；配对已恢复
37502000,Clayman,3750,是,13,是,否,官方 1.17.1,原版存在；配对已恢复
37502060,Clayman (Ainsel River),3750,是,13,是,否,官方 1.17.1,原版存在；配对已恢复
37502062,Clayman (Lake of Rot),3750,是,13,是,否,官方 1.17.1,原版存在；配对已恢复
37502064,Clayman (Siofra River),3750,是,13,是,否,官方 1.17.1,原版存在；配对已恢复
37502065,Clayman,3750,是,13,是,否,官方 1.17.1,原版存在；配对已恢复
38000000,Cleanrot Knight,3800,是,5,是,否,官方 1.17.1,原版存在；配对已恢复
38000001,,3800,否,5,是,否,官方 1.17.1,同模型新增变体；沿用官方处决配对
38000002,,3800,否,5,是,否,官方 1.17.1,同模型新增变体；沿用官方处决配对
38000031,Cleanrot Knight (Shaded Castle),3800,是,5,是,否,官方 1.17.1,原版存在；配对已恢复
38000040,Cleanrot Knight,3800,是,5,是,否,官方 1.17.1,原版存在；配对已恢复
38000042,Cleanrot Knight,3800,是,5,是,否,官方 1.17.1,原版存在；配对已恢复
38000052,Cleanrot Knight,3800,是,5,是,否,官方 1.17.1,原版存在；配对已恢复
38000056,Cleanrot Knight,3800,是,5,是,否,官方 1.17.1,原版存在；配对已恢复
38000100,Mausoleum Cleanrot Knight,3800,是,5,是,否,官方 1.17.1,原版存在；配对已恢复
38000142,Mausoleum Cleanrot Knight,3800,是,5,是,否,官方 1.17.1,原版存在；配对已恢复
38000242,Mausoleum Cleanrot Knight,3800,是,5,是,否,官方 1.17.1,原版存在；配对已恢复
38000920,Cleanrot Knight (Boss),3800,是,5,是,否,官方 1.17.1,原版存在；配对已恢复
38000940,Cleanrot Knight (Boss),3800,是,5,是,否,官方 1.17.1,原版存在；配对已恢复
38001000,Cleanrot Knight,3800,是,5,是,否,官方 1.17.1,原版存在；配对已恢复
38001031,Cleanrot Knight (Shaded Castle),3800,是,5,是,否,官方 1.17.1,原版存在；配对已恢复
38001040,Cleanrot Knight,3800,是,5,是,否,官方 1.17.1,原版存在；配对已恢复
38001042,Cleanrot Knight,3800,是,5,是,否,官方 1.17.1,原版存在；配对已恢复
38001052,Cleanrot Knight,3800,是,5,是,否,官方 1.17.1,原版存在；配对已恢复
38001056,Cleanrot Knight,3800,是,5,是,否,官方 1.17.1,原版存在；配对已恢复
38001100,Mausoleum Cleanrot Knight,3800,是,5,是,否,官方 1.17.1,原版存在；配对已恢复
38001142,Mausoleum Cleanrot Knight,3800,是,5,是,否,官方 1.17.1,原版存在；配对已恢复
38001940,Cleanrot Knight (Boss),3800,是,5,是,否,官方 1.17.1,原版存在；配对已恢复
38100000,Kindred of Rot,3810,是,14,是,否,官方 1.17.1,原版存在；配对已恢复
38100001,,3810,否,14,是,否,官方 1.17.1,同模型新增变体；沿用官方处决配对
38100040,Kindred of Rot (Sellia Tunnel),3810,是,14,是,否,官方 1.17.1,原版存在；配对已恢复
38100056,Kindred of Rot,3810,是,14,是,否,官方 1.17.1,原版存在；配对已恢复
38100062,Kindred of Rot,3810,是,14,是,否,官方 1.17.1,原版存在；配对已恢复
38100932,Kindred of Rot (Boss),3810,是,14,是,否,官方 1.17.1,原版存在；配对已恢复
38101000,Kindred of Rot,3810,是,14,是,否,官方 1.17.1,原版存在；配对已恢复
38101040,Kindred of Rot,3810,是,14,是,否,官方 1.17.1,原版存在；配对已恢复
38101056,Kindred of Rot,3810,是,14,是,否,官方 1.17.1,原版存在；配对已恢复
38102000,Kindred of Rot,3810,是,14,是,否,官方 1.17.1,原版存在；配对已恢复
38102056,Kindred of Rot,3810,是,14,是,否,官方 1.17.1,原版存在；配对已恢复
38102932,Kindred of Rot (Boss),3810,是,14,是,否,官方 1.17.1,原版存在；配对已恢复
38103000,Kindred of Rot,3810,是,14,是,否,官方 1.17.1,原版存在；配对已恢复
38103040,Kindred of Rot (Sellia Tunnel),3810,是,14,是,否,官方 1.17.1,原版存在；配对已恢复
38103056,Kindred of Rot,3810,是,14,是,否,官方 1.17.1,原版存在；配对已恢复
38109000,Kindred of Rot,3810,是,14,是,否,官方 1.17.1,原版存在；配对已恢复
38109040,Kindred of Rot,3810,是,14,是,否,官方 1.17.1,原版存在；配对已恢复
38500000,Marionette,3850,是,5,否,否,官方 1.17.1,原版存在；配对已恢复
38500002,,3850,否,5,否,否,官方 1.17.1,同模型新增变体；沿用官方处决配对
38500012,Marionette,3850,是,5,否,否,官方 1.17.1,原版存在；配对已恢复
38500020,Marionette,3850,是,5,否,否,官方 1.17.1,原版存在；配对已恢复
38500024,Marionette,3850,是,5,否,否,官方 1.17.1,原版存在；配对已恢复
38500032,Marionette,3850,是,5,否,否,官方 1.17.1,原版存在；配对已恢复
38500040,Marionette,3850,是,5,否,否,官方 1.17.1,原版存在；配对已恢复
38500050,Marionette,3850,是,5,否,否,官方 1.17.1,原版存在；配对已恢复
38501000,Marionette,3850,是,5,否,否,官方 1.17.1,原版存在；配对已恢复
38501012,Marionette,3850,是,5,否,否,官方 1.17.1,原版存在；配对已恢复
38501020,Marionette,3850,是,5,否,否,官方 1.17.1,原版存在；配对已恢复
38501024,Marionette,3850,是,5,否,否,官方 1.17.1,原版存在；配对已恢复
38501032,Marionette,3850,是,5,否,否,官方 1.17.1,原版存在；配对已恢复
38501040,Marionette,3850,是,5,否,否,官方 1.17.1,原版存在；配对已恢复
38501050,Marionette,3850,是,5,否,否,官方 1.17.1,原版存在；配对已恢复
38501100,Marionette,3850,是,5,否,否,官方 1.17.1,原版存在；配对已恢复
38501140,Marionette,3850,是,5,否,否,官方 1.17.1,原版存在；配对已恢复
38501200,Marionette,3850,是,5,否,否,官方 1.17.1,原版存在；配对已恢复
38501240,Marionette,3850,是,5,否,否,官方 1.17.1,原版存在；配对已恢复
38502000,Marionette,3850,是,5,否,否,官方 1.17.1,原版存在；配对已恢复
38502012,Marionette,3850,是,5,否,否,官方 1.17.1,原版存在；配对已恢复
38502020,Marionette,3850,是,5,否,否,官方 1.17.1,原版存在；配对已恢复
38502024,Marionette,3850,是,5,否,否,官方 1.17.1,原版存在；配对已恢复
38502032,Marionette,3850,是,5,否,否,官方 1.17.1,原版存在；配对已恢复
38502040,Marionette,3850,是,5,否,否,官方 1.17.1,原版存在；配对已恢复
38502050,Marionette,3850,是,5,否,否,官方 1.17.1,原版存在；配对已恢复
38600000,Avionette,3860,是,5,是,否,官方 1.17.1,原版存在；配对已恢复
38600020,Avionette,3860,是,5,是,否,官方 1.17.1,原版存在；配对已恢复
38600030,Avionette,3860,是,5,是,否,官方 1.17.1,原版存在；配对已恢复
38600032,Avionette,3860,是,5,是,否,官方 1.17.1,原版存在；配对已恢复
38600040,Avionette,3860,是,5,是,否,官方 1.17.1,原版存在；配对已恢复
38600050,Avionette,3860,是,5,是,否,官方 1.17.1,原版存在；配对已恢复
38600100,Avionette,3860,是,5,是,否,官方 1.17.1,原版存在；配对已恢复
38600132,Avionette,3860,是,5,是,否,官方 1.17.1,原版存在；配对已恢复
38600140,Avionette,3860,是,5,是,否,官方 1.17.1,原版存在；配对已恢复
38600150,Avionette,3860,是,5,是,否,官方 1.17.1,原版存在；配对已恢复
38600200,Avionette,3860,是,5,是,否,官方 1.17.1,原版存在；配对已恢复
38600500,Avionette,3860,是,5,是,否,官方 1.17.1,原版存在；配对已恢复
38600532,Avionette,3860,是,5,是,否,官方 1.17.1,原版存在；配对已恢复
38600540,Avionette,3860,是,5,是,否,官方 1.17.1,原版存在；配对已恢复
38600550,Avionette,3860,是,5,是,否,官方 1.17.1,原版存在；配对已恢复
38600600,Avionette,3860,是,5,是,否,官方 1.17.1,原版存在；配对已恢复
38600632,Avionette,3860,是,5,是,否,官方 1.17.1,原版存在；配对已恢复
38601000,Avionette,3860,是,5,是,否,官方 1.17.1,原版存在；配对已恢复
38601024,Avionette,3860,是,5,是,否,官方 1.17.1,原版存在；配对已恢复
38601032,Avionette,3860,是,5,是,否,官方 1.17.1,原版存在；配对已恢复
38601040,Avionette,3860,是,5,是,否,官方 1.17.1,原版存在；配对已恢复
38601050,Avionette,3860,是,5,是,否,官方 1.17.1,原版存在；配对已恢复
38601100,Avionette,3860,是,5,是,否,官方 1.17.1,原版存在；配对已恢复
38601132,Avionette,3860,是,5,是,否,官方 1.17.1,原版存在；配对已恢复
38601140,Avionette,3860,是,5,是,否,官方 1.17.1,原版存在；配对已恢复
38601200,Avionette,3860,是,5,是,否,官方 1.17.1,原版存在；配对已恢复
38601500,Avionette,3860,是,5,是,否,官方 1.17.1,原版存在；配对已恢复
38601532,Avionette,3860,是,5,是,否,官方 1.17.1,原版存在；配对已恢复
38601540,Avionette,3860,是,5,是,否,官方 1.17.1,原版存在；配对已恢复
38601550,Avionette,3860,是,5,是,否,官方 1.17.1,原版存在；配对已恢复
39000000,Fire Monk,3900,是,6,是,否,官方 1.17.1,原版存在；配对已恢复
39000020,Fire Monk,3900,是,6,是,否,官方 1.17.1,原版存在；配对已恢复
39000032,Fire Monk,3900,是,6,是,否,官方 1.17.1,原版存在；配对已恢复
39000050,Fire Monk,3900,是,6,是,否,官方 1.17.1,原版存在；配对已恢复
39001000,Fire Monk,3900,是,6,是,否,官方 1.17.1,原版存在；配对已恢复
39001032,Fire Monk,3900,是,6,是,否,官方 1.17.1,原版存在；配对已恢复
39001050,Fire Monk,3900,是,6,是,否,官方 1.17.1,原版存在；配对已恢复
39010000,Fire Monk,3901,是,5,否,否,官方 1.17.1,原版存在；配对已恢复
39010001,,3901,否,5,否,否,官方 1.17.1,同模型新增变体；沿用官方处决配对
39010038,Blackflame Monk,3901,是,5,否,否,官方 1.17.1,原版存在；配对已恢复
39011000,Blackflame Monk,3901,是,5,否,否,官方 1.17.1,原版存在；配对已恢复
39011042,Blackflame Monk,3901,是,5,否,否,官方 1.17.1,原版存在；配对已恢复
39100000,Fire Prelate,3910,是,2,是,否,官方 1.17.1,原版存在；配对已恢复
39100001,,3910,否,2,是,否,官方 1.17.1,同模型新增变体；沿用官方处决配对
39100002,,3910,否,2,是,否,官方 1.17.1,同模型新增变体；沿用官方处决配对
39100032,Fire Prelate,3910,是,2,是,否,官方 1.17.1,原版存在；配对已恢复
39100050,Fire Prelate,3910,是,2,是,否,官方 1.17.1,原版存在；配对已恢复
39100100,Fire Prelate (Surcoat),3910,是,2,是,否,官方 1.17.1,原版存在；配对已恢复
39100150,Fire Prelate (Surcoat),3910,是,2,是,否,官方 1.17.1,原版存在；配对已恢复
39100200,Fire Prelate,3910,是,2,是,否,官方 1.17.1,原版存在；配对已恢复
39100250,Fire Prelate,3910,是,2,是,否,官方 1.17.1,原版存在；配对已恢复
39101000,Fire Prelate,3910,是,2,是,否,官方 1.17.1,原版存在；配对已恢复
39101050,Fire Prelate,3910,是,2,是,否,官方 1.17.1,原版存在；配对已恢复
39101100,Fire Prelate,3910,是,2,是,否,官方 1.17.1,原版存在；配对已恢复
39101150,Fire Prelate,3910,是,2,是,否,官方 1.17.1,原版存在；配对已恢复
39500000,Man-Serpent - Whip Cool,3950,是,21,是,否,官方 1.17.1,原版存在；配对已恢复
39500038,Man-Serpent,3950,是,21,是,否,官方 1.17.1,原版存在；配对已恢复
39500100,Man-Serpent,3950,是,21,是,否,官方 1.17.1,原版存在；配对已恢复
39501000,Man-Serpent - Whip Hot,3950,是,21,是,否,官方 1.17.1,原版存在；配对已恢复
39501100,Man-Serpent,3950,是,21,是,否,官方 1.17.1,原版存在；配对已恢复
39501138,Man-Serpent,3950,是,21,是,否,官方 1.17.1,原版存在；配对已恢复
39501200,Man-Serpent,3950,是,21,是,否,官方 1.17.1,原版存在；配对已恢复
39502000,Man-Serpent - Magma Blade Cool,3950,是,21,是,否,官方 1.17.1,原版存在；配对已恢复
39502038,Man-Serpent,3950,是,21,是,否,官方 1.17.1,原版存在；配对已恢复
39502100,Man-Serpent,3950,是,21,是,否,官方 1.17.1,原版存在；配对已恢复
39503000,Man-Serpent - Magma Blade Hot,3950,是,21,是,否,官方 1.17.1,原版存在；配对已恢复
39503038,Man-Serpent,3950,是,21,是,否,官方 1.17.1,原版存在；配对已恢复
39503100,Man-Serpent,3950,是,21,是,否,官方 1.17.1,原版存在；配对已恢复
39503200,Man-Serpent,3950,是,21,是,否,官方 1.17.1,原版存在；配对已恢复
39504000,Man-Serpent - Egghead,3950,是,21,是,否,官方 1.17.1,原版存在；配对已恢复
39504038,Man-Serpent,3950,是,21,是,否,官方 1.17.1,原版存在；配对已恢复
39509000,Zorayas the Scout,3950,是,21,是,否,官方 1.17.1,原版存在；配对已恢复
39509038,Zorayas the Scout,3950,是,21,是,否,官方 1.17.1,原版存在；配对已恢复
39509138,Zorayas the Scout,3950,是,21,是,否,官方 1.17.1,原版存在；配对已恢复
39700000,Azula Beastman,3970,是,13,是,否,官方 1.17.1,原版存在；配对已恢复
39700072,Azula Beastman,3970,是,13,是,否,官方 1.17.1,原版存在；配对已恢复
39700100,Azula Beastman,3970,是,13,是,否,官方 1.17.1,原版存在；配对已恢复
39700172,Azula Beastman,3970,是,13,是,否,官方 1.17.1,原版存在；配对已恢复
39700200,Azula Beastman,3970,是,13,是,否,官方 1.17.1,原版存在；配对已恢复
39700272,Azula Beastman,3970,是,13,是,否,官方 1.17.1,原版存在；配对已恢复
39700300,Azula Beastman,3970,是,13,是,否,官方 1.17.1,原版存在；配对已恢复
39700372,Azula Beastman,3970,是,13,是,否,官方 1.17.1,原版存在；配对已恢复
39700400,Azula Beastman,3970,是,13,是,否,官方 1.17.1,原版存在；配对已恢复
39700472,Azula Beastman,3970,是,13,是,否,官方 1.17.1,原版存在；配对已恢复
39701000,Armored Beastman of Farum Azula,3970,是,13,是,否,官方 1.17.1,原版存在；配对已恢复
39701072,Armored Beastman of Farum Azula,3970,是,13,是,否,官方 1.17.1,原版存在；配对已恢复
39701100,Armored Beastman of Farum Azula,3970,是,13,是,否,官方 1.17.1,原版存在；配对已恢复
39701172,Armored Beastman of Farum Azula,3970,是,13,是,否,官方 1.17.1,原版存在；配对已恢复
39701200,Armored Beastman of Farum Azula,3970,是,13,是,否,官方 1.17.1,原版存在；配对已恢复
39701272,Armored Beastman of Farum Azula,3970,是,13,是,否,官方 1.17.1,原版存在；配对已恢复
39701910,Beastman of Farum Azula (Limgrave Cave Boss),3970,是,13,是,否,官方 1.17.1,原版存在；配对已恢复
39701942,Armored Beastman of Farum Azula (Boss),3970,是,13,是,否,官方 1.17.1,原版存在；配对已恢复
39702000,Azula Beastman,3970,是,13,是,否,官方 1.17.1,原版存在；配对已恢复
39702072,Azula Beastman,3970,是,13,是,否,官方 1.17.1,原版存在；配对已恢复
39702100,Azula Beastman,3970,是,13,是,否,官方 1.17.1,原版存在；配对已恢复
39702172,Azula Beastman,3970,是,13,是,否,官方 1.17.1,原版存在；配对已恢复
39702200,Azula Beastman,3970,是,13,是,否,官方 1.17.1,原版存在；配对已恢复
39702272,Azula Beastman,3970,是,13,是,否,官方 1.17.1,原版存在；配对已恢复
39702300,Azula Beastman,3970,是,13,是,否,官方 1.17.1,原版存在；配对已恢复
39702372,Azula Beastman,3970,是,13,是,否,官方 1.17.1,原版存在；配对已恢复
39702942,Azula Beastman (Boss),3970,是,13,是,否,官方 1.17.1,原版存在；配对已恢复
39702944,,3970,否,13,是,否,官方 1.17.1,同模型新增变体；沿用官方处决配对
39703000,Azula Beastman,3970,是,13,是,否,官方 1.17.1,原版存在；配对已恢复
39703072,Azula Beastman,3970,是,13,是,否,官方 1.17.1,原版存在；配对已恢复
39703100,Azula Beastman,3970,是,13,是,否,官方 1.17.1,原版存在；配对已恢复
39703172,Azula Beastman,3970,是,13,是,否,官方 1.17.1,原版存在；配对已恢复
39709000,Azula Beastman,3970,是,13,是,否,官方 1.17.1,原版存在；配对已恢复
40000000,Revenant Follower,4000,是,11,是,否,官方 1.17.1,原版存在；配对已恢复
40000002,,4000,否,11,是,否,官方 1.17.1,同模型新增变体；沿用官方处决配对
40000020,Revenant Follower,4000,是,11,是,否,官方 1.17.1,原版存在；配对已恢复
40000022,Revenant Follower,4000,是,11,是,否,官方 1.17.1,原版存在；配对已恢复
40000030,Revenant Follower,4000,是,11,是,否,官方 1.17.1,原版存在；配对已恢复
40000031,Revenant Follower (Shaded Castle),4000,是,11,是,否,官方 1.17.1,原版存在；配对已恢复
40000035,Revenant Follower,4000,是,11,是,否,官方 1.17.1,原版存在；配对已恢复
40000040,Revenant Follower,4000,是,11,是,否,官方 1.17.1,原版存在；配对已恢复
40000054,Revenant Follower,4000,是,11,是,否,官方 1.17.1,原版存在；配对已恢复
40000100,Revenant Follower,4000,是,11,是,否,官方 1.17.1,原版存在；配对已恢复
40000120,Revenant Follower,4000,是,11,是,否,官方 1.17.1,原版存在；配对已恢复
40000140,Revenant Follower,4000,是,11,是,否,官方 1.17.1,原版存在；配对已恢复
40000154,Revenant Follower,4000,是,11,是,否,官方 1.17.1,原版存在；配对已恢复
40001000,Revenant Follower,4000,是,11,是,否,官方 1.17.1,原版存在；配对已恢复
40001020,Revenant Follower,4000,是,11,是,否,官方 1.17.1,原版存在；配对已恢复
40001030,Revenant Follower,4000,是,11,是,否,官方 1.17.1,原版存在；配对已恢复
40001031,Revenant Follower (Shaded Castle),4000,是,11,是,否,官方 1.17.1,原版存在；配对已恢复
40001054,Revenant Follower,4000,是,11,是,否,官方 1.17.1,原版存在；配对已恢复
40001130,Revenant Follower,4000,是,11,是,否,官方 1.17.1,原版存在；配对已恢复
40200000,Royal Revenant,4020,是,1,是,否,官方 1.17.1,原版存在；配对已恢复
40200001,,4020,否,1,是,否,官方 1.17.1,同模型新增变体；沿用官方处决配对
40200003,Royal Revenant,4020,是,1,是,否,官方 1.17.1,原版存在；配对已恢复
40200020,Royal Revenant,4020,是,1,是,否,官方 1.17.1,原版存在；配对已恢复
40200022,Royal Revenant,4020,是,1,是,否,官方 1.17.1,原版存在；配对已恢复
40200030,Royal Revenant,4020,是,1,是,否,官方 1.17.1,原版存在；配对已恢复
40200031,Royal Revenant (Shaded Castle),4020,是,1,是,否,官方 1.17.1,原版存在；配对已恢复
40200035,Royal Revenant,4020,是,1,是,否,官方 1.17.1,原版存在；配对已恢复
40200040,Royal Revenant,4020,是,1,是,否,官方 1.17.1,原版存在；配对已恢复
40200056,Royal Revenant,4020,是,1,是,否,官方 1.17.1,原版存在；配对已恢复
40200100,Royal Revenant,4020,是,1,是,否,官方 1.17.1,原版存在；配对已恢复
40200130,Royal Revenant,4020,是,1,是,否,官方 1.17.1,原版存在；配对已恢复
40200920,Royal Revenant (Boss),4020,是,1,是,否,官方 1.17.1,原版存在；配对已恢复
40208000,Royal Revenant,4020,是,1,是,否,官方 1.17.1,原版存在；配对已恢复
40208020,Royal Revenant,4020,是,1,是,否,官方 1.17.1,原版存在；配对已恢复
40208022,Royal Revenant,4020,是,1,是,否,官方 1.17.1,原版存在；配对已恢复
40208030,Royal Revenant,4020,是,1,是,否,官方 1.17.1,原版存在；配对已恢复
40208031,Royal Revenant (Shaded Castle),4020,是,1,是,否,官方 1.17.1,原版存在；配对已恢复
40208035,Royal Revenant,4020,是,1,是,否,官方 1.17.1,原版存在；配对已恢复
40208040,Royal Revenant,4020,是,1,是,否,官方 1.17.1,原版存在；配对已恢复
40208056,Royal Revenant,4020,是,1,是,否,官方 1.17.1,原版存在；配对已恢复
40208100,Royal Revenant,4020,是,1,是,否,官方 1.17.1,原版存在；配对已恢复
40208122,Royal Revenant,4020,是,1,是,否,官方 1.17.1,原版存在；配对已恢复
40208130,Royal Revenant,4020,是,1,是,否,官方 1.17.1,原版存在；配对已恢复
40208131,Royal Revenant (Shaded Castle),4020,是,1,是,否,官方 1.17.1,原版存在；配对已恢复
40208156,Royal Revenant,4020,是,1,是,否,官方 1.17.1,原版存在；配对已恢复
40208200,Royal Revenant,4020,是,1,是,否,官方 1.17.1,原版存在；配对已恢复
40208230,Royal Revenant,4020,是,1,是,否,官方 1.17.1,原版存在；配对已恢复
40208256,Royal Revenant,4020,是,1,是,否,官方 1.17.1,原版存在；配对已恢复
40208300,Royal Revenant,4020,是,1,是,否,官方 1.17.1,原版存在；配对已恢复
40208356,Royal Revenant,4020,是,1,是,否,官方 1.17.1,原版存在；配对已恢复
40208400,Royal Revenant,4020,是,1,是,否,官方 1.17.1,原版存在；配对已恢复
40208456,Royal Revenant,4020,是,1,是,否,官方 1.17.1,原版存在；配对已恢复
40400000,Slug,4040,是,0,否,否,官方 1.17.1,原版存在；未定义官方处决配对
40400030,Slug,4040,是,0,否,否,官方 1.17.1,原版存在；配对已恢复
40400031,Slug (Shaded Castle),4040,是,0,否,否,官方 1.17.1,原版存在；配对已恢复
40400033,Slug,4040,是,0,否,否,官方 1.17.1,原版存在；配对已恢复
40400035,Slug,4040,是,0,否,否,官方 1.17.1,原版存在；配对已恢复
40400040,Slug,4040,是,0,否,否,官方 1.17.1,原版存在；配对已恢复
40400051,Slug,4040,是,0,否,否,官方 1.17.1,原版存在；配对已恢复
40401000,Magma Slug,4040,是,0,否,否,官方 1.17.1,原版存在；配对已恢复
40401032,Magma Slug,4040,是,0,否,否,官方 1.17.1,原版存在；配对已恢复
40401038,Magma Slug,4040,是,0,否,否,官方 1.17.1,原版存在；配对已恢复
40402000,Worm Slug,4040,是,0,否,否,官方 1.17.1,原版存在；配对已恢复
40402030,Worm Slug,4040,是,0,否,否,官方 1.17.1,原版存在；配对已恢复
40403000,Fire Slug,4040,是,0,否,否,官方 1.17.1,原版存在；配对已恢复
40403010,Fire Slug,4040,是,0,否,否,官方 1.17.1,原版存在；配对已恢复
40403020,Fire Slug,4040,是,0,否,否,官方 1.17.1,原版存在；配对已恢复
40403033,Fire Slug,4040,是,0,否,否,官方 1.17.1,原版存在；配对已恢复
40403050,Fire Slug,4040,是,0,否,否,官方 1.17.1,原版存在；配对已恢复
40403052,Fire Slug,4040,是,0,否,否,官方 1.17.1,原版存在；配对已恢复
40500000,Kaiden Sellsword,4050,是,14,是,否,官方 1.17.1,原版存在；配对已恢复
40500002,,4050,否,14,是,否,官方 1.17.1,同模型新增变体；沿用官方处决配对
40500010,Kaiden Sellsword,4050,是,14,是,否,官方 1.17.1,原版存在；配对已恢复
40500012,Kaiden Sellsword,4050,是,14,是,否,官方 1.17.1,原版存在；配对已恢复
40500013,Kaiden Sellsword,4050,是,14,是,否,官方 1.17.1,原版存在；配对已恢复
40500052,Kaiden Sellsword,4050,是,14,是,否,官方 1.17.1,原版存在；配对已恢复
40500098,Kaiden Sellsword,4050,是,14,是,否,官方 1.17.1,原版存在；配对已恢复
40500100,Kaiden Sellsword,4050,是,14,是,否,官方 1.17.1,原版存在；配对已恢复
40509500,Kaiden Sellsword,4050,是,14,是,否,官方 1.17.1,原版存在；配对已恢复
40600000,Horse,4060,是,0,否,否,官方 1.17.1,原版存在；未定义官方处决配对
40600010,Kaiden Sellsword Horse,4060,是,0,否,否,官方 1.17.1,原版存在；配对已恢复
40600052,Kaiden Sellsword Horse,4060,是,0,否,否,官方 1.17.1,原版存在；配对已恢复
40700000,Wolf,4070,是,0,是,否,官方 1.17.1,原版存在；未定义官方处决配对
40700009,Wolf,4070,是,0,是,否,官方 1.17.1,原版存在；配对已恢复
40700010,Wolf,4070,是,0,是,否,官方 1.17.1,原版存在；配对已恢复
40700012,Wolf,4070,是,0,是,否,官方 1.17.1,原版存在；配对已恢复
40700013,Wolf,4070,是,0,是,否,官方 1.17.1,原版存在；配对已恢复
40700020,Wolf,4070,是,0,是,否,官方 1.17.1,原版存在；配对已恢复
40700030,Wolf,4070,是,0,是,否,官方 1.17.1,原版存在；配对已恢复
40700032,Wolf,4070,是,0,是,否,官方 1.17.1,原版存在；配对已恢复
40700033,Wolf,4070,是,0,是,否,官方 1.17.1,原版存在；配对已恢复
40700036,Wolf,4070,是,0,是,否,官方 1.17.1,原版存在；配对已恢复
40700042,Wolf,4070,是,0,是,否,官方 1.17.1,原版存在；配对已恢复
40700051,Wolf,4070,是,0,是,否,官方 1.17.1,原版存在；配对已恢复
40700052,Wolf,4070,是,0,是,否,官方 1.17.1,原版存在；配对已恢复
40700065,Wolf,4070,是,0,是,否,官方 1.17.1,原版存在；配对已恢复
40700100,Wolf,4070,是,0,是,否,官方 1.17.1,原版存在；配对已恢复
40700110,Wolf,4070,是,0,是,否,官方 1.17.1,原版存在；配对已恢复
40700112,Wolf,4070,是,0,是,否,官方 1.17.1,原版存在；配对已恢复
40700152,Wolf,4070,是,0,是,否,官方 1.17.1,原版存在；配对已恢复
40700165,Wolf,4070,是,0,是,否,官方 1.17.1,原版存在；配对已恢复
40700550,Wolf,4070,是,0,是,否,官方 1.17.1,原版存在；配对已恢复
40700900,Wolf,4070,是,0,是,否,官方 1.17.1,原版存在；配对已恢复
40701000,Wolf,4070,是,0,是,否,官方 1.17.1,原版存在；配对已恢复
40701010,Wolf,4070,是,0,是,否,官方 1.17.1,原版存在；配对已恢复
40701012,Wolf,4070,是,0,是,否,官方 1.17.1,原版存在；配对已恢复
40702000,Wolf,4070,是,0,是,否,官方 1.17.1,原版存在；配对已恢复
40702010,Wolf,4070,是,0,是,否,官方 1.17.1,原版存在；配对已恢复
40702012,Wolf,4070,是,0,是,否,官方 1.17.1,原版存在；配对已恢复
40708000,Wolf,4070,是,0,是,否,官方 1.17.1,原版存在；配对已恢复
40708024,Wolf,4070,是,0,是,否,官方 1.17.1,原版存在；配对已恢复
40709000,Wolf,4070,是,0,是,否,官方 1.17.1,原版存在；配对已恢复
40710000,White Wolf,4071,是,0,否,否,官方 1.17.1,原版存在；未定义官方处决配对
40710009,White Wolf,4071,是,0,否,否,官方 1.17.1,原版存在；配对已恢复
40710010,White Wolf,4071,是,0,否,否,官方 1.17.1,原版存在；配对已恢复
40710012,White Wolf,4071,是,0,否,否,官方 1.17.1,原版存在；配对已恢复
40710020,White Wolf,4071,是,0,否,否,官方 1.17.1,原版存在；配对已恢复
40710022,White Wolf,4071,是,0,否,否,官方 1.17.1,原版存在；配对已恢复
40710030,White Wolf,4071,是,0,否,否,官方 1.17.1,原版存在；配对已恢复
40710032,White Wolf,4071,是,0,否,否,官方 1.17.1,原版存在；配对已恢复
40710033,White Wolf,4071,是,0,否,否,官方 1.17.1,原版存在；配对已恢复
40710042,White Wolf,4071,是,0,否,否,官方 1.17.1,原版存在；配对已恢复
40710051,White Wolf,4071,是,0,否,否,官方 1.17.1,原版存在；配对已恢复
40710052,White Wolf,4071,是,0,否,否,官方 1.17.1,原版存在；配对已恢复
40710065,White Wolf,4071,是,0,否,否,官方 1.17.1,原版存在；配对已恢复
40710550,White Wolf,4071,是,0,否,否,官方 1.17.1,原版存在；配对已恢复
40800000,Rat,4080,是,0,是,否,官方 1.17.1,原版存在；未定义官方处决配对
40800010,Rat,4080,是,0,是,否,官方 1.17.1,原版存在；配对已恢复
40800012,Rat,4080,是,0,是,否,官方 1.17.1,原版存在；配对已恢复
40800013,Rat,4080,是,0,是,否,官方 1.17.1,原版存在；配对已恢复
40800014,Rat (Stormveil Castle),4080,是,0,是,否,官方 1.17.1,原版存在；配对已恢复
40800020,Rat,4080,是,0,是,否,官方 1.17.1,原版存在；配对已恢复
40800028,Rat,4080,是,0,是,否,官方 1.17.1,原版存在；配对已恢复
40800030,Rat,4080,是,0,是,否,官方 1.17.1,原版存在；配对已恢复
40800032,Rat,4080,是,0,是,否,官方 1.17.1,原版存在；配对已恢复
40800034,Rat  (Leyndell),4080,是,0,是,否,官方 1.17.1,原版存在；配对已恢复
40800035,Rat,4080,是,0,是,否,官方 1.17.1,原版存在；配对已恢复
40800040,Rat,4080,是,0,是,否,官方 1.17.1,原版存在；配对已恢复
40800042,Rat,4080,是,0,是,否,官方 1.17.1,原版存在；配对已恢复
40800050,Rat,4080,是,0,是,否,官方 1.17.1,原版存在；配对已恢复
40800051,Rat,4080,是,0,是,否,官方 1.17.1,原版存在；配对已恢复
40800052,Rat,4080,是,0,是,否,官方 1.17.1,原版存在；配对已恢复
40800054,Rat,4080,是,0,是,否,官方 1.17.1,原版存在；配对已恢复
40800064,Rat (Siofra River),4080,是,0,是,否,官方 1.17.1,原版存在；配对已恢复
40800065,Rat,4080,是,0,是,否,官方 1.17.1,原版存在；配对已恢复
40800100,Rat,4080,是,0,是,否,官方 1.17.1,原版存在；配对已恢复
40800134,Rat (Leyndell),4080,是,0,是,否,官方 1.17.1,原版存在；配对已恢复
40800210,Rat,4080,是,0,是,否,官方 1.17.1,原版存在；配对已恢复
40800212,Rat,4080,是,0,是,否,官方 1.17.1,原版存在；配对已恢复
40800300,Rat,4080,是,0,是,否,官方 1.17.1,原版存在；配对已恢复
40800312,Rat,4080,是,0,是,否,官方 1.17.1,原版存在；配对已恢复
40800320,Rat,4080,是,0,是,否,官方 1.17.1,原版存在；配对已恢复
40800352,Rat,4080,是,0,是,否,官方 1.17.1,原版存在；配对已恢复
40900000,Giant Rat,4090,是,2,否,否,官方 1.17.1,原版存在；配对已恢复
40900010,Giant Rat,4090,是,2,否,否,官方 1.17.1,原版存在；配对已恢复
40900012,Giant Rat,4090,是,2,否,否,官方 1.17.1,原版存在；配对已恢复
40900014,Giant Rat (Stormveil Castle),4090,是,2,否,否,官方 1.17.1,原版存在；配对已恢复
40900020,Giant Rat,4090,是,2,否,否,官方 1.17.1,原版存在；配对已恢复
40900030,Giant Rat,4090,是,2,否,否,官方 1.17.1,原版存在；配对已恢复
40900032,Giant Rat,4090,是,2,否,否,官方 1.17.1,原版存在；配对已恢复
40900034,Giant Rat (Leyndell),4090,是,2,否,否,官方 1.17.1,原版存在；配对已恢复
40900035,Giant Rat,4090,是,2,否,否,官方 1.17.1,原版存在；配对已恢复
40900040,Giant Rat,4090,是,2,否,否,官方 1.17.1,原版存在；配对已恢复
40900042,Giant Rat,4090,是,2,否,否,官方 1.17.1,原版存在；配对已恢复
40900054,Giant Rat,4090,是,2,否,否,官方 1.17.1,原版存在；配对已恢复
40900064,Giant Rat (Siofra River),4090,是,2,否,否,官方 1.17.1,原版存在；配对已恢复
40900210,Giant Rat,4090,是,2,否,否,官方 1.17.1,原版存在；配对已恢复
40900300,Giant Rat,4090,是,2,否,否,官方 1.17.1,原版存在；配对已恢复
40900312,Giant Rat,4090,是,2,否,否,官方 1.17.1,原版存在；配对已恢复
40900320,Giant Rat,4090,是,2,否,否,官方 1.17.1,原版存在；配对已恢复
40900352,Giant Rat,4090,是,2,否,否,官方 1.17.1,原版存在；配对已恢复
41000000,Demi-Human,4100,是,10,否,否,官方 1.17.1,原版存在；配对已恢复
41000010,Demi-Human,4100,是,10,否,否,官方 1.17.1,原版存在；配对已恢复
41000012,Demi-Human,4100,是,10,否,否,官方 1.17.1,原版存在；配对已恢复
41000020,Demi-Human,4100,是,10,否,否,官方 1.17.1,原版存在；配对已恢复
41000030,Demi-Human,4100,是,10,否,否,官方 1.17.1,原版存在；配对已恢复
41000032,Demi-Human,4100,是,10,否,否,官方 1.17.1,原版存在；配对已恢复
41000040,Demi-Human,4100,是,10,否,否,官方 1.17.1,原版存在；配对已恢复
41000042,Demi-Human,4100,是,10,否,否,官方 1.17.1,原版存在；配对已恢复
41000050,Demi-Human,4100,是,10,否,否,官方 1.17.1,原版存在；配对已恢复
41000200,Demi-Human,4100,是,10,否,否,官方 1.17.1,原版存在；配对已恢复
41000212,Demi-Human,4100,是,10,否,否,官方 1.17.1,原版存在；配对已恢复
41000910,Demi-Human,4100,是,10,否,否,官方 1.17.1,原版存在；配对已恢复
41001000,Demi-Human,4100,是,10,否,否,官方 1.17.1,原版存在；配对已恢复
41001009,Demi-Human,4100,是,10,否,否,官方 1.17.1,原版存在；配对已恢复
41001010,Demi-Human,4100,是,10,否,否,官方 1.17.1,原版存在；配对已恢复
41001012,Demi-Human,4100,是,10,否,否,官方 1.17.1,原版存在；配对已恢复
41001020,Demi-Human,4100,是,10,否,否,官方 1.17.1,原版存在；配对已恢复
41001030,Demi-Human,4100,是,10,否,否,官方 1.17.1,原版存在；配对已恢复
41001032,Demi-Human,4100,是,10,否,否,官方 1.17.1,原版存在；配对已恢复
41001040,Demi-Human,4100,是,10,否,否,官方 1.17.1,原版存在；配对已恢复
41001042,Demi-Human,4100,是,10,否,否,官方 1.17.1,原版存在；配对已恢复
41001050,Demi-Human,4100,是,10,否,否,官方 1.17.1,原版存在；配对已恢复
41001130,Demi-Human,4100,是,10,否,否,官方 1.17.1,原版存在；配对已恢复
41001200,Demi-Human,4100,是,10,否,否,官方 1.17.1,原版存在；配对已恢复
41001212,Demi-Human,4100,是,10,否,否,官方 1.17.1,原版存在；配对已恢复
41002000,Demi-Human,4100,是,10,否,否,官方 1.17.1,原版存在；配对已恢复
41002010,Demi-Human,4100,是,10,否,否,官方 1.17.1,原版存在；配对已恢复
41002012,Demi-Human,4100,是,10,否,否,官方 1.17.1,原版存在；配对已恢复
41002020,Demi-Human,4100,是,10,否,否,官方 1.17.1,原版存在；配对已恢复
41002030,Demi-Human,4100,是,10,否,否,官方 1.17.1,原版存在；配对已恢复
41002032,Demi-Human,4100,是,10,否,否,官方 1.17.1,原版存在；配对已恢复
41002040,Demi-Human,4100,是,10,否,否,官方 1.17.1,原版存在；配对已恢复
41002042,Demi-Human,4100,是,10,否,否,官方 1.17.1,原版存在；配对已恢复
41002050,Demi-Human,4100,是,10,否,否,官方 1.17.1,原版存在；配对已恢复
41002200,Demi-Human,4100,是,10,否,否,官方 1.17.1,原版存在；配对已恢复
41002212,Demi-Human,4100,是,10,否,否,官方 1.17.1,原版存在；配对已恢复
41002910,Demi-Human,4100,是,10,否,否,官方 1.17.1,原版存在；配对已恢复
41009000,Demi-Human,4100,是,10,否,否,官方 1.17.1,原版存在；配对已恢复
41009100,Demi-Human,4100,是,10,否,否,官方 1.17.1,原版存在；配对已恢复
41009200,Demi-Human,4100,是,10,否,否,官方 1.17.1,原版存在；配对已恢复
41010000,Large Demi-Human,4101,是,13,否,否,官方 1.17.1,原版存在；配对已恢复
41010010,Large Demi-Human,4101,是,13,否,否,官方 1.17.1,原版存在；配对已恢复
41010012,Large Demi-Human,4101,是,13,否,否,官方 1.17.1,原版存在；配对已恢复
41010020,Large Demi-Human,4101,是,13,否,否,官方 1.17.1,原版存在；配对已恢复
41010030,Large Demi-Human,4101,是,13,否,否,官方 1.17.1,原版存在；配对已恢复
41010032,Large Demi-Human,4101,是,13,否,否,官方 1.17.1,原版存在；配对已恢复
41010050,Large Demi-Human,4101,是,13,否,否,官方 1.17.1,原版存在；配对已恢复
41100000,Demi-Human Shaman,4110,是,0,否,否,官方 1.17.1,原版存在；未定义官方处决配对
41100010,Demi-Human Shaman,4110,是,0,否,否,官方 1.17.1,原版存在；配对已恢复
41100012,Demi-Human Shaman,4110,是,0,否,否,官方 1.17.1,原版存在；配对已恢复
41100020,Demi-Human Shaman,4110,是,0,否,否,官方 1.17.1,原版存在；配对已恢复
41100030,Demi-Human Shaman,4110,是,0,否,否,官方 1.17.1,原版存在；配对已恢复
41100032,Demi-Human Shaman,4110,是,0,否,否,官方 1.17.1,原版存在；配对已恢复
41100036,Demi-Human Shaman,4110,是,0,否,否,官方 1.17.1,原版存在；配对已恢复
41100050,Demi-Human Shaman,4110,是,0,否,否,官方 1.17.1,原版存在；配对已恢复
41109000,Demi-Human Boc,4110,是,0,否,否,官方 1.17.1,原版存在；配对已恢复
41109010,Demi-Human Boc,4110,是,0,否,否,官方 1.17.1,原版存在；配对已恢复
41109020,Boc the Seamster,4110,是,0,否,否,官方 1.17.1,原版存在；配对已恢复
41109024,Boc the Seamster,4110,是,0,否,否,官方 1.17.1,原版存在；配对已恢复
41109030,Boc the Seamster,4110,是,0,否,否,官方 1.17.1,原版存在；配对已恢复
41109034,Boc the Seamster,4110,是,0,否,否,官方 1.17.1,原版存在；配对已恢复
41109100,Boc the Seamster,4110,是,0,否,否,官方 1.17.1,原版存在；配对已恢复
41109110,Demi-Human Boc,4110,是,0,否,否,官方 1.17.1,原版存在；配对已恢复
41109120,Boc the Seamster,4110,是,0,否,否,官方 1.17.1,原版存在；配对已恢复
41109134,Boc the Seamster,4110,是,0,否,否,官方 1.17.1,原版存在；配对已恢复
41109170,Boc the Seamster,4110,是,0,否,否,官方 1.17.1,原版存在；配对已恢复
41200000,Demi-Human Chief,4120,是,12,是,否,官方 1.17.1,原版存在；配对已恢复
41200002,,4120,否,12,是,否,官方 1.17.1,同模型新增变体；沿用官方处决配对
41200009,Demi-Human Chief,4120,是,12,是,否,官方 1.17.1,原版存在；配对已恢复
41200012,Demi-Human Chief,4120,是,12,是,否,官方 1.17.1,原版存在；配对已恢复
41200020,Demi-Human Chief,4120,是,12,是,否,官方 1.17.1,原版存在；配对已恢复
41200030,Demi-Human Chief,4120,是,12,是,否,官方 1.17.1,原版存在；配对已恢复
41200032,Demi-Human Chief,4120,是,12,是,否,官方 1.17.1,原版存在；配对已恢复
41200040,Demi-Human Chief,4120,是,12,是,否,官方 1.17.1,原版存在；配对已恢复
41200042,Demi-Human Chief,4120,是,12,是,否,官方 1.17.1,原版存在；配对已恢复
41200050,Demi-Human Chief,4120,是,12,是,否,官方 1.17.1,原版存在；配对已恢复
41200100,Demi-Human Chief,4120,是,12,是,否,官方 1.17.1,原版存在；配对已恢复
41200910,Demi-Human Chief (Duo Boss),4120,是,12,是,否,官方 1.17.1,原版存在；配对已恢复
41300000,Demi-Human Queen,4130,是,2,是,否,官方 1.17.1,原版存在；配对已恢复
41300001,,4130,否,2,是,否,官方 1.17.1,同模型新增变体；沿用官方处决配对
41300002,,4130,否,2,是,否,官方 1.17.1,同模型新增变体；沿用官方处决配对
41300012,Demi-Human Queen,4130,是,2,是,否,官方 1.17.1,原版存在；配对已恢复
41300032,Demi-Human Queen Maggie,4130,是,2,是,否,官方 1.17.1,原版存在；配对已恢复
41301000,Demi-Human Queen,4130,是,2,是,否,官方 1.17.1,原版存在；配对已恢复
41301030,Demi-Human Queen Gilika,4130,是,2,是,否,官方 1.17.1,原版存在；配对已恢复
41301932,Demi-Human Queen Margot,4130,是,2,是,否,官方 1.17.1,原版存在；配对已恢复
41400000,Snail,4140,是,0,是,否,官方 1.17.1,原版存在；未定义官方处决配对
41400035,Snail,4140,是,0,是,否,官方 1.17.1,原版存在；配对已恢复
41400038,Snail,4140,是,0,是,否,官方 1.17.1,原版存在；配对已恢复
41400062,Snail,4140,是,0,是,否,官方 1.17.1,原版存在；配对已恢复
41401000,Snail,4140,是,0,是,否,官方 1.17.1,原版存在；配对已恢复
41401034,Snail (Leyndell),4140,是,0,是,否,官方 1.17.1,原版存在；配对已恢复
41402000,Snail,4140,是,0,是,否,官方 1.17.1,原版存在；配对已恢复
41402020,Snail,4140,是,0,是,否,官方 1.17.1,原版存在；配对已恢复
41402035,Snail,4140,是,0,是,否,官方 1.17.1,原版存在；配对已恢复
41402050,Snail,4140,是,0,是,否,官方 1.17.1,原版存在；配对已恢复
41402054,Snail,4140,是,0,是,否,官方 1.17.1,原版存在；配对已恢复
41402100,Snail,4140,是,0,是,否,官方 1.17.1,原版存在；配对已恢复
41402920,Spiritcaller Snail,4140,是,0,是,否,官方 1.17.1,原版存在；配对已恢复
41402950,Spiritcaller Snail,4140,是,0,是,否,官方 1.17.1,原版存在；配对已恢复
41403000,Snail,4140,是,0,是,否,官方 1.17.1,原版存在；配对已恢复
41403032,Snail,4140,是,0,是,否,官方 1.17.1,原版存在；配对已恢复
41403033,Snail,4140,是,0,是,否,官方 1.17.1,原版存在；配对已恢复
41403050,Snail,4140,是,0,是,否,官方 1.17.1,原版存在；配对已恢复
41403833,Snail,4140,是,0,是,否,官方 1.17.1,原版存在；配对已恢复
41403930,Snail,4140,是,0,是,否,官方 1.17.1,原版存在；配对已恢复
41404000,Snail,4140,是,0,是,否,官方 1.17.1,原版存在；配对已恢复
41404020,Snail,4140,是,0,是,否,官方 1.17.1,原版存在；配对已恢复
41404022,Snail,4140,是,0,是,否,官方 1.17.1,原版存在；配对已恢复
41404030,Snail,4140,是,0,是,否,官方 1.17.1,原版存在；配对已恢复
41404040,Snail,4140,是,0,是,否,官方 1.17.1,原版存在；配对已恢复
41404052,Snail,4140,是,0,是,否,官方 1.17.1,原版存在；配对已恢复
41409000,Snail,4140,是,0,是,否,官方 1.17.1,原版存在；配对已恢复
41500000,Basilisk,4150,是,0,是,否,官方 1.17.1,原版存在；未定义官方处决配对
41500030,Basilisk,4150,是,0,是,否,官方 1.17.1,原版存在；配对已恢复
41500031,Basilisk (Shaded Castle),4150,是,0,是,否,官方 1.17.1,原版存在；配对已恢复
41500032,Basilisk,4150,是,0,是,否,官方 1.17.1,原版存在；配对已恢复
41500033,Basilisk,4150,是,0,是,否,官方 1.17.1,原版存在；配对已恢复
41500035,Basilisk,4150,是,0,是,否,官方 1.17.1,原版存在；配对已恢复
41500038,Basilisk,4150,是,0,是,否,官方 1.17.1,原版存在；配对已恢复
41500040,Basilisk,4150,是,0,是,否,官方 1.17.1,原版存在；配对已恢复
41500060,Basilisk (Ainsel River),4150,是,0,是,否,官方 1.17.1,原版存在；配对已恢复
41500062,Basilisk,4150,是,0,是,否,官方 1.17.1,原版存在；配对已恢复
41500066,Basilisk,4150,是,0,是,否,官方 1.17.1,原版存在；配对已恢复
41500100,Basilisk,4150,是,0,是,否,官方 1.17.1,原版存在；配对已恢复
41500862,Basilisk,4150,是,0,是,否,官方 1.17.1,原版存在；配对已恢复
41600000,Large Stray,4160,是,0,是,否,官方 1.17.1,原版存在；未定义官方处决配对
41600014,Large Stray (Stormveil Castle),4160,是,0,是,否,官方 1.17.1,原版存在；配对已恢复
41600024,Large Stray,4160,是,0,是,否,官方 1.17.1,原版存在；配对已恢复
41600031,Large Stray (Shaded Castle),4160,是,0,是,否,官方 1.17.1,原版存在；配对已恢复
41600032,Large Stray,4160,是,0,是,否,官方 1.17.1,原版存在；配对已恢复
41600034,Large Stray (Leyndell),4160,是,0,是,否,官方 1.17.1,原版存在；配对已恢复
41600035,Large Stray,4160,是,0,是,否,官方 1.17.1,原版存在；配对已恢复
41601000,Large Stray,4160,是,0,是,否,官方 1.17.1,原版存在；配对已恢复
41601010,Large Stray,4160,是,0,是,否,官方 1.17.1,原版存在；配对已恢复
41601020,Large Stray,4160,是,0,是,否,官方 1.17.1,原版存在；配对已恢复
41602000,Large Stray,4160,是,0,是,否,官方 1.17.1,原版存在；配对已恢复
41602050,Large Stray,4160,是,0,是,否,官方 1.17.1,原版存在；配对已恢复
41610000,Stray,4161,是,0,否,否,官方 1.17.1,原版存在；未定义官方处决配对
41610010,Stray,4161,是,0,否,否,官方 1.17.1,原版存在；配对已恢复
41610012,Stray,4161,是,0,否,否,官方 1.17.1,原版存在；配对已恢复
41610013,Stray,4161,是,0,否,否,官方 1.17.1,原版存在；配对已恢复
41610014,Stray (Stormveil Castle),4161,是,0,否,否,官方 1.17.1,原版存在；配对已恢复
41610020,Stray (Village of the Albinaurics),4161,是,0,否,否,官方 1.17.1,原版存在；配对已恢复
41610024,Stray,4161,是,0,否,否,官方 1.17.1,原版存在；配对已恢复
41610030,Stray,4161,是,0,否,否,官方 1.17.1,原版存在；配对已恢复
41610031,Stray (Shaded Castle),4161,是,0,否,否,官方 1.17.1,原版存在；配对已恢复
41610032,Stray,4161,是,0,否,否,官方 1.17.1,原版存在；配对已恢复
41610033,Stray,4161,是,0,否,否,官方 1.17.1,原版存在；配对已恢复
41610034,Stray (Leyndell),4161,是,0,否,否,官方 1.17.1,原版存在；配对已恢复
41610038,Stray,4161,是,0,否,否,官方 1.17.1,原版存在；配对已恢复
41610040,Stray,4161,是,0,否,否,官方 1.17.1,原版存在；配对已恢复
41610041,Stray,4161,是,0,否,否,官方 1.17.1,原版存在；配对已恢复
41610050,Stray,4161,是,0,否,否,官方 1.17.1,原版存在；配对已恢复
41610064,Stray (Siofra River),4161,是,0,否,否,官方 1.17.1,原版存在；配对已恢复
41610200,Stray,4161,是,0,否,否,官方 1.17.1,原版存在；配对已恢复
41610210,Stray,4161,是,0,否,否,官方 1.17.1,原版存在；配对已恢复
41610212,Stray,4161,是,0,否,否,官方 1.17.1,原版存在；配对已恢复
41610220,Stray,4161,是,0,否,否,官方 1.17.1,原版存在；配对已恢复
41610252,Stray,4161,是,0,否,否,官方 1.17.1,原版存在；配对已恢复
41610300,Stray,4161,是,0,否,否,官方 1.17.1,原版存在；配对已恢复
41610350,Stray,4161,是,0,否,否,官方 1.17.1,原版存在；配对已恢复
41620000,Large Azula Stray,4162,是,0,否,否,官方 1.17.1,原版存在；未定义官方处决配对
41620072,Large Azula Stray,4162,是,0,否,否,官方 1.17.1,原版存在；配对已恢复
41630000,Azula Stray,4163,是,0,否,否,官方 1.17.1,原版存在；未定义官方处决配对
41630072,Azula Stray,4163,是,0,否,否,官方 1.17.1,原版存在；配对已恢复
41640000,Large Bloodbane Stray,4164,是,0,否,否,官方 1.17.1,原版存在；未定义官方处决配对
41640030,Large Bloodbane Stray,4164,是,0,否,否,官方 1.17.1,原版存在；配对已恢复
41640052,Large Bloodbane Stray,4164,是,0,否,否,官方 1.17.1,原版存在；配对已恢复
41640830,Large Bloodbane Stray,4164,是,0,否,否,官方 1.17.1,原版存在；配对已恢复
41650000,Bloodbane Stray,4165,是,0,否,否,官方 1.17.1,原版存在；未定义官方处决配对
41650030,Bloodbane Stray,4165,是,0,否,否,官方 1.17.1,原版存在；配对已恢复
41650052,Bloodbane Stray,4165,是,0,否,否,官方 1.17.1,原版存在；配对已恢复
41650068,Bloodbane Stray,4165,是,0,否,否,官方 1.17.1,原版存在；配对已恢复
41650830,Bloodbane Stray,4165,是,0,否,否,官方 1.17.1,原版存在；配对已恢复
41650935,Bloodbane Stray (Boss),4165,是,0,否,否,官方 1.17.1,原版存在；配对已恢复
41660000,Large Rotten Stray,4166,是,0,否,否,官方 1.17.1,原版存在；未定义官方处决配对
41660040,Large Rotten Stray,4166,是,0,否,否,官方 1.17.1,原版存在；配对已恢复
41660042,Large Rotten Stray,4166,是,0,否,否,官方 1.17.1,原版存在；配对已恢复
41670000,Rotten Stray,4167,是,0,否,否,官方 1.17.1,原版存在；未定义官方处决配对
41670040,Rotten Stray,4167,是,0,否,否,官方 1.17.1,原版存在；配对已恢复
41700000,Putrid Flesh,4170,是,0,否,否,官方 1.17.1,原版存在；未定义官方处决配对
41700010,Putrid Flesh,4170,是,0,否,否,官方 1.17.1,原版存在；配对已恢复
41700013,Putrid Flesh,4170,是,0,否,否,官方 1.17.1,原版存在；配对已恢复
41700020,Putrid Flesh,4170,是,0,否,否,官方 1.17.1,原版存在；配对已恢复
41700030,Putrid Flesh,4170,是,0,否,否,官方 1.17.1,原版存在；配对已恢复
41700032,Putrid Flesh,4170,是,0,否,否,官方 1.17.1,原版存在；配对已恢复
41700040,Putrid Flesh,4170,是,0,否,否,官方 1.17.1,原版存在；配对已恢复
41700100,Putrid Flesh (Blood),4170,是,0,否,否,官方 1.17.1,原版存在；配对已恢复
41700110,Putrid Flesh (Blood),4170,是,0,否,否,官方 1.17.1,原版存在；配对已恢复
41700130,Putrid Flesh (Blood),4170,是,0,否,否,官方 1.17.1,原版存在；配对已恢复
41700140,Putrid Flesh (Blood),4170,是,0,否,否,官方 1.17.1,原版存在；配对已恢复
41700141,Putrid Flesh (Blood),4170,是,0,否,否,官方 1.17.1,原版存在；配对已恢复
41700152,Putrid Flesh (Blood),4170,是,0,否,否,官方 1.17.1,原版存在；配对已恢复
41700200,Putrid Flesh (Rotten),4170,是,0,否,否,官方 1.17.1,原版存在；配对已恢复
41700240,Putrid Flesh (Rotten),4170,是,0,否,否,官方 1.17.1,原版存在；配对已恢复
41700300,Putrid Flesh (Green),4170,是,0,否,否,官方 1.17.1,原版存在；配对已恢复
41700312,Putrid Flesh (Green),4170,是,0,否,否,官方 1.17.1,原版存在；配对已恢复
41700332,Putrid Flesh (Green),4170,是,0,否,否,官方 1.17.1,原版存在；配对已恢复
41710000,Giant Putrid Flesh (Blood),4171,是,0,否,否,官方 1.17.1,原版存在；未定义官方处决配对
41710400,Giant Putrid Flesh (Blood),4171,是,0,否,否,官方 1.17.1,原版存在；配对已恢复
41710430,Giant Putrid Flesh (Blood),4171,是,0,否,否,官方 1.17.1,原版存在；配对已恢复
41710468,Giant Putrid Flesh (Blood),4171,是,0,否,否,官方 1.17.1,原版存在；配对已恢复
41800000,Spirit Jellyfish,4180,是,0,否,否,官方 1.17.1,原版存在；未定义官方处决配对
41800010,Spirit Jellyfish,4180,是,0,否,否,官方 1.17.1,原版存在；配对已恢复
41800012,Spirit Jellyfish,4180,是,0,否,否,官方 1.17.1,原版存在；配对已恢复
41800020,Spirit Jellyfish,4180,是,0,否,否,官方 1.17.1,原版存在；配对已恢复
41800030,Spirit Jellyfish,4180,是,0,否,否,官方 1.17.1,原版存在；配对已恢复
41800032,Spirit Jellyfish,4180,是,0,否,否,官方 1.17.1,原版存在；配对已恢复
41800033,Spirit Jellyfish,4180,是,0,否,否,官方 1.17.1,原版存在；配对已恢复
41800050,Spirit Jellyfish,4180,是,0,否,否,官方 1.17.1,原版存在；配对已恢复
41800052,Spirit Jellyfish,4180,是,0,否,否,官方 1.17.1,原版存在；配对已恢复
41800065,Spirit Jellyfish,4180,是,0,否,否,官方 1.17.1,原版存在；配对已恢复
41800100,Spirit Jellyfish,4180,是,0,否,否,官方 1.17.1,原版存在；配对已恢复
41800110,Spirit Jellyfish,4180,是,0,否,否,官方 1.17.1,原版存在；配对已恢复
41800112,Spirit Jellyfish,4180,是,0,否,否,官方 1.17.1,原版存在；配对已恢复
41800120,Spirit Jellyfish,4180,是,0,否,否,官方 1.17.1,原版存在；配对已恢复
41800152,Spirit Jellyfish,4180,是,0,否,否,官方 1.17.1,原版存在；配对已恢复
41800200,Spirit Jellyfish,4180,是,0,否,否,官方 1.17.1,原版存在；配对已恢复
41800210,Spirit Jellyfish,4180,是,0,否,否,官方 1.17.1,原版存在；配对已恢复
41800300,Spirit Jellyfish,4180,是,0,否,否,官方 1.17.1,原版存在；配对已恢复
41800312,Spirit Jellyfish,4180,是,0,否,否,官方 1.17.1,原版存在；配对已恢复
41800852,Spirit Jellyfish,4180,是,0,否,否,官方 1.17.1,原版存在；配对已恢复
41801000,Spirit Jellyfish,4180,是,0,否,否,官方 1.17.1,原版存在；配对已恢复
41801013,Spirit Jellyfish,4180,是,0,否,否,官方 1.17.1,原版存在；配对已恢复
41809000,Spirit Jellyfish,4180,是,0,否,否,官方 1.17.1,原版存在；配对已恢复
41809050,Aurelia (Jellyfish),4180,是,0,否,否,官方 1.17.1,原版存在；配对已恢复
41900000,Large Crimson Tear Scarab,4190,是,0,否,否,官方 1.17.1,原版存在；未定义官方处决配对
41900050,Large Crimson Tear Scarab,4190,是,0,否,否,官方 1.17.1,原版存在；配对已恢复
41900052,Large Crimson Tear Scarab,4190,是,0,否,否,官方 1.17.1,原版存在；配对已恢复
41901000,Large Cerulean Tear Scarab,4190,是,0,否,否,官方 1.17.1,原版存在；配对已恢复
41901050,Large Cerulean Tear Scarab,4190,是,0,否,否,官方 1.17.1,原版存在；配对已恢复
41901052,Large Cerulean Tear Scarab,4190,是,0,否,否,官方 1.17.1,原版存在；配对已恢复
41902000,Large Ash of War Scarab,4190,是,0,否,否,官方 1.17.1,原版存在；配对已恢复
41902020,Large Ash of War Scarab,4190,是,0,否,否,官方 1.17.1,原版存在；配对已恢复
41902032,Large Ash of War Scarab,4190,是,0,否,否,官方 1.17.1,原版存在；配对已恢复
41902050,Large Ash of War Scarab,4190,是,0,否,否,官方 1.17.1,原版存在；配对已恢复
41902052,Large Ash of War Scarab,4190,是,0,否,否,官方 1.17.1,原版存在；配对已恢复
41902100,Large Ash of War Scarab,4190,是,0,否,否,官方 1.17.1,原版存在；配对已恢复
41902150,Large Ash of War Scarab,4190,是,0,否,否,官方 1.17.1,原版存在；配对已恢复
41902152,Large Ash of War Scarab,4190,是,0,否,否,官方 1.17.1,原版存在；配对已恢复
41902200,Large Ash of War Scarab,4190,是,0,否,否,官方 1.17.1,原版存在；配对已恢复
41902250,Large Ash of War Scarab,4190,是,0,否,否,官方 1.17.1,原版存在；配对已恢复
41902252,Large Ash of War Scarab,4190,是,0,否,否,官方 1.17.1,原版存在；配对已恢复
41903000,Large Glintstone Scarab,4190,是,0,否,否,官方 1.17.1,原版存在；配对已恢复
41903050,Large Glintstone Scarab,4190,是,0,否,否,官方 1.17.1,原版存在；配对已恢复
41903052,Large Glintstone Scarab,4190,是,0,否,否,官方 1.17.1,原版存在；配对已恢复
41903100,Large Glintstone Scarab,4190,是,0,否,否,官方 1.17.1,原版存在；配对已恢复
41903150,Large Glintstone Scarab,4190,是,0,否,否,官方 1.17.1,原版存在；配对已恢复
41903152,Large Glintstone Scarab,4190,是,0,否,否,官方 1.17.1,原版存在；配对已恢复
41903200,Large Glintstone Scarab,4190,是,0,否,否,官方 1.17.1,原版存在；配对已恢复
41903250,Large Glintstone Scarab,4190,是,0,否,否,官方 1.17.1,原版存在；配对已恢复
41903252,Large Glintstone Scarab,4190,是,0,否,否,官方 1.17.1,原版存在；配对已恢复
41904000,Large Incantation Scarab,4190,是,0,否,否,官方 1.17.1,原版存在；配对已恢复
41904050,Large Incantation Scarab,4190,是,0,否,否,官方 1.17.1,原版存在；配对已恢复
41904052,Large Incantation Scarab,4190,是,0,否,否,官方 1.17.1,原版存在；配对已恢复
41904100,Large Incantation Scarab,4190,是,0,否,否,官方 1.17.1,原版存在；配对已恢复
41904150,Large Incantation Scarab,4190,是,0,否,否,官方 1.17.1,原版存在；配对已恢复
41904152,Large Incantation Scarab,4190,是,0,否,否,官方 1.17.1,原版存在；配对已恢复
41904200,Large Incantation Scarab,4190,是,0,否,否,官方 1.17.1,原版存在；配对已恢复
41904250,Large Incantation Scarab,4190,是,0,否,否,官方 1.17.1,原版存在；配对已恢复
41904252,Large Incantation Scarab,4190,是,0,否,否,官方 1.17.1,原版存在；配对已恢复
41905000,Large Smithing Stone Scarab,4190,是,0,否,否,官方 1.17.1,原版存在；配对已恢复
41905050,Large Smithing Stone Scarab,4190,是,0,否,否,官方 1.17.1,原版存在；配对已恢复
41905052,Large Smithing Stone Scarab,4190,是,0,否,否,官方 1.17.1,原版存在；配对已恢复
41905100,Large Smithing Stone Scarab,4190,是,0,否,否,官方 1.17.1,原版存在；配对已恢复
41905200,Large Smithing Stone Scarab,4190,是,0,否,否,官方 1.17.1,原版存在；配对已恢复
41905364,Large Smithing Stone Scarab,4190,是,0,否,否,官方 1.17.1,原版存在；配对已恢复
41906110,Large Scarab,4190,是,0,否,否,官方 1.17.1,原版存在；配对已恢复
41907310,Large Scarab,4190,是,0,否,否,官方 1.17.1,原版存在；配对已恢复
41908110,Large Scarab,4190,是,0,否,否,官方 1.17.1,原版存在；配对已恢复
41909112,Large Scarab,4190,是,0,否,否,官方 1.17.1,原版存在；配对已恢复
41910000,Crimson Tear Scarab,4191,是,0,否,否,官方 1.17.1,原版存在；未定义官方处决配对
41910010,Crimson Tear Scarab,4191,是,0,否,否,官方 1.17.1,原版存在；配对已恢复
41910012,Crimson Tear Scarab,4191,是,0,否,否,官方 1.17.1,原版存在；配对已恢复
41910020,Crimson Tear Scarab,4191,是,0,否,否,官方 1.17.1,原版存在；配对已恢复
41910022,Crimson Tear Scarab,4191,是,0,否,否,官方 1.17.1,原版存在；配对已恢复
41910030,Crimson Tear Scarab,4191,是,0,否,否,官方 1.17.1,原版存在；配对已恢复
41910032,Crimson Tear Scarab,4191,是,0,否,否,官方 1.17.1,原版存在；配对已恢复
41910035,Crimson Tear Scarab,4191,是,0,否,否,官方 1.17.1,原版存在；配对已恢复
41910040,Crimson Tear Scarab,4191,是,0,否,否,官方 1.17.1,原版存在；配对已恢复
41910041,Crimson Tear Scarab,4191,是,0,否,否,官方 1.17.1,原版存在；配对已恢复
41910050,Crimson Tear Scarab,4191,是,0,否,否,官方 1.17.1,原版存在；配对已恢复
41910052,Crimson Tear Scarab,4191,是,0,否,否,官方 1.17.1,原版存在；配对已恢复
41910054,Crimson Tear Scarab,4191,是,0,否,否,官方 1.17.1,原版存在；配对已恢复
41910056,Crimson Tear Scarab,4191,是,0,否,否,官方 1.17.1,原版存在；配对已恢复
41910060,Crimson Tear Scarab,4191,是,0,否,否,官方 1.17.1,原版存在；配对已恢复
41910062,Crimson Tear Scarab,4191,是,0,否,否,官方 1.17.1,原版存在；配对已恢复
41910064,Crimson Tear Scarab,4191,是,0,否,否,官方 1.17.1,原版存在；配对已恢复
41910065,Crimson Tear Scarab,4191,是,0,否,否,官方 1.17.1,原版存在；配对已恢复
41910066,Crimson Tear Scarab,4191,是,0,否,否,官方 1.17.1,原版存在；配对已恢复
41910068,Crimson Tear Scarab,4191,是,0,否,否,官方 1.17.1,原版存在；配对已恢复
41911000,Cerulean Tear Scarab,4191,是,0,否,否,官方 1.17.1,原版存在；配对已恢复
41911010,Cerulean Tear Scarab,4191,是,0,否,否,官方 1.17.1,原版存在；配对已恢复
41911020,Cerulean Tear Scarab,4191,是,0,否,否,官方 1.17.1,原版存在；配对已恢复
41911022,Cerulean Tear Scarab,4191,是,0,否,否,官方 1.17.1,原版存在；配对已恢复
41911030,Cerulean Tear Scarab,4191,是,0,否,否,官方 1.17.1,原版存在；配对已恢复
41911035,Cerulean Tear Scarab,4191,是,0,否,否,官方 1.17.1,原版存在；配对已恢复
41911050,Cerulean Tear Scarab,4191,是,0,否,否,官方 1.17.1,原版存在；配对已恢复
41911052,Cerulean Tear Scarab,4191,是,0,否,否,官方 1.17.1,原版存在；配对已恢复
41911054,Cerulean Tear Scarab,4191,是,0,否,否,官方 1.17.1,原版存在；配对已恢复
41911056,Cerulean Tear Scarab,4191,是,0,否,否,官方 1.17.1,原版存在；配对已恢复
41911060,Cerulean Tear Scarab,4191,是,0,否,否,官方 1.17.1,原版存在；配对已恢复
41911062,Cerulean Tear Scarab,4191,是,0,否,否,官方 1.17.1,原版存在；配对已恢复
41911064,Cerulean Tear Scarab,4191,是,0,否,否,官方 1.17.1,原版存在；配对已恢复
41911065,Cerulean Tear Scarab,4191,是,0,否,否,官方 1.17.1,原版存在；配对已恢复
41911066,Cerulean Tear Scarab,4191,是,0,否,否,官方 1.17.1,原版存在；配对已恢复
41911068,Cerulean Tear Scarab,4191,是,0,否,否,官方 1.17.1,原版存在；配对已恢复
41912000,Ash of War Scarab,4191,是,0,否,否,官方 1.17.1,原版存在；配对已恢复
41912010,Ash of War Scarab,4191,是,0,否,否,官方 1.17.1,原版存在；配对已恢复
41912012,Ash of War Scarab,4191,是,0,否,否,官方 1.17.1,原版存在；配对已恢复
41912014,Ash of War Scarab,4191,是,0,否,否,官方 1.17.1,原版存在；配对已恢复
41912020,Ash of War Scarab,4191,是,0,否,否,官方 1.17.1,原版存在；配对已恢复
41912024,Ash of War Scarab,4191,是,0,否,否,官方 1.17.1,原版存在；配对已恢复
41912030,Ash of War Scarab,4191,是,0,否,否,官方 1.17.1,原版存在；配对已恢复
41912032,Ash of War Scarab,4191,是,0,否,否,官方 1.17.1,原版存在；配对已恢复
41912033,Ash of War Scarab,4191,是,0,否,否,官方 1.17.1,原版存在；配对已恢复
41912034,Ash of War Scarab,4191,是,0,否,否,官方 1.17.1,原版存在；配对已恢复
41912040,Ash of War Scarab,4191,是,0,否,否,官方 1.17.1,原版存在；配对已恢复
41912041,Ash of War Scarab,4191,是,0,否,否,官方 1.17.1,原版存在；配对已恢复
41912042,Ash of War Scarab,4191,是,0,否,否,官方 1.17.1,原版存在；配对已恢复
41912050,Ash of War Scarab,4191,是,0,否,否,官方 1.17.1,原版存在；配对已恢复
41912052,Ash of War Scarab,4191,是,0,否,否,官方 1.17.1,原版存在；配对已恢复
41912054,Ash of War Scarab,4191,是,0,否,否,官方 1.17.1,原版存在；配对已恢复
41912056,Ash of War Scarab,4191,是,0,否,否,官方 1.17.1,原版存在；配对已恢复
41912060,Ash of War Scarab,4191,是,0,否,否,官方 1.17.1,原版存在；配对已恢复
41912062,Ash of War Scarab,4191,是,0,否,否,官方 1.17.1,原版存在；配对已恢复
41912064,Ash of War Scarab,4191,是,0,否,否,官方 1.17.1,原版存在；配对已恢复
41912065,Ash of War Scarab,4191,是,0,否,否,官方 1.17.1,原版存在；配对已恢复
41912066,Ash of War Scarab,4191,是,0,否,否,官方 1.17.1,原版存在；配对已恢复
41912068,Ash of War Scarab,4191,是,0,否,否,官方 1.17.1,原版存在；配对已恢复
41912072,Ash of War Scarab,4191,是,0,否,否,官方 1.17.1,原版存在；配对已恢复
41912100,Ash of War Scarab,4191,是,0,否,否,官方 1.17.1,原版存在；配对已恢复
41912150,Ash of War Scarab,4191,是,0,否,否,官方 1.17.1,原版存在；配对已恢复
41912152,Ash of War Scarab,4191,是,0,否,否,官方 1.17.1,原版存在；配对已恢复
41912160,Ash of War Scarab,4191,是,0,否,否,官方 1.17.1,原版存在；配对已恢复
41912162,Ash of War Scarab,4191,是,0,否,否,官方 1.17.1,原版存在；配对已恢复
41912164,Ash of War Scarab,4191,是,0,否,否,官方 1.17.1,原版存在；配对已恢复
41912165,Ash of War Scarab,4191,是,0,否,否,官方 1.17.1,原版存在；配对已恢复
41912166,Ash of War Scarab,4191,是,0,否,否,官方 1.17.1,原版存在；配对已恢复
41912168,Ash of War Scarab,4191,是,0,否,否,官方 1.17.1,原版存在；配对已恢复
41912200,Ash of War Scarab,4191,是,0,否,否,官方 1.17.1,原版存在；配对已恢复
41912220,Ash of War Scarab,4191,是,0,否,否,官方 1.17.1,原版存在；配对已恢复
41912230,Ash of War Scarab,4191,是,0,否,否,官方 1.17.1,原版存在；配对已恢复
41912233,Ash of War Scarab,4191,是,0,否,否,官方 1.17.1,原版存在；配对已恢复
41912240,Ash of War Scarab,4191,是,0,否,否,官方 1.17.1,原版存在；配对已恢复
41912250,Ash of War Scarab,4191,是,0,否,否,官方 1.17.1,原版存在；配对已恢复
41912252,Ash of War Scarab,4191,是,0,否,否,官方 1.17.1,原版存在；配对已恢复
41912260,Ash of War Scarab,4191,是,0,否,否,官方 1.17.1,原版存在；配对已恢复
41912262,Ash of War Scarab,4191,是,0,否,否,官方 1.17.1,原版存在；配对已恢复
41912264,Ash of War Scarab,4191,是,0,否,否,官方 1.17.1,原版存在；配对已恢复
41912265,Ash of War Scarab,4191,是,0,否,否,官方 1.17.1,原版存在；配对已恢复
41912266,Ash of War Scarab,4191,是,0,否,否,官方 1.17.1,原版存在；配对已恢复
41912268,Ash of War Scarab,4191,是,0,否,否,官方 1.17.1,原版存在；配对已恢复
41913000,Glintstone Scarab,4191,是,0,否,否,官方 1.17.1,原版存在；配对已恢复
41913014,Glintstone Scarab,4191,是,0,否,否,官方 1.17.1,原版存在；配对已恢复
41913020,Glintstone Scarab,4191,是,0,否,否,官方 1.17.1,原版存在；配对已恢复
41913024,Glintstone Scarab,4191,是,0,否,否,官方 1.17.1,原版存在；配对已恢复
41913032,Glintstone Scarab,4191,是,0,否,否,官方 1.17.1,原版存在；配对已恢复
41913035,Glintstone Scarab,4191,是,0,否,否,官方 1.17.1,原版存在；配对已恢复
41913050,Glintstone Scarab,4191,是,0,否,否,官方 1.17.1,原版存在；配对已恢复
41913052,Glintstone Scarab,4191,是,0,否,否,官方 1.17.1,原版存在；配对已恢复
41913054,Glintstone Scarab,4191,是,0,否,否,官方 1.17.1,原版存在；配对已恢复
41913056,Glintstone Scarab,4191,是,0,否,否,官方 1.17.1,原版存在；配对已恢复
41913060,Glintstone Scarab,4191,是,0,否,否,官方 1.17.1,原版存在；配对已恢复
41913062,Glintstone Scarab,4191,是,0,否,否,官方 1.17.1,原版存在；配对已恢复
41913064,Glintstone Scarab,4191,是,0,否,否,官方 1.17.1,原版存在；配对已恢复
41913065,Glintstone Scarab,4191,是,0,否,否,官方 1.17.1,原版存在；配对已恢复
41913066,Glintstone Scarab,4191,是,0,否,否,官方 1.17.1,原版存在；配对已恢复
41913068,Glintstone Scarab,4191,是,0,否,否,官方 1.17.1,原版存在；配对已恢复
41913072,Glintstone Scarab,4191,是,0,否,否,官方 1.17.1,原版存在；配对已恢复
41913100,Glintstone Scarab,4191,是,0,否,否,官方 1.17.1,原版存在；配对已恢复
41913150,Glintstone Scarab,4191,是,0,否,否,官方 1.17.1,原版存在；配对已恢复
41913152,Glintstone Scarab,4191,是,0,否,否,官方 1.17.1,原版存在；配对已恢复
41913160,Glintstone Scarab,4191,是,0,否,否,官方 1.17.1,原版存在；配对已恢复
41913162,Glintstone Scarab,4191,是,0,否,否,官方 1.17.1,原版存在；配对已恢复
41913164,Glintstone Scarab,4191,是,0,否,否,官方 1.17.1,原版存在；配对已恢复
41913165,Glintstone Scarab,4191,是,0,否,否,官方 1.17.1,原版存在；配对已恢复
41913166,Glintstone Scarab,4191,是,0,否,否,官方 1.17.1,原版存在；配对已恢复
41913168,Glintstone Scarab,4191,是,0,否,否,官方 1.17.1,原版存在；配对已恢复
41913200,Glintstone Scarab,4191,是,0,否,否,官方 1.17.1,原版存在；配对已恢复
41913250,Glintstone Scarab,4191,是,0,否,否,官方 1.17.1,原版存在；配对已恢复
41913252,Glintstone Scarab,4191,是,0,否,否,官方 1.17.1,原版存在；配对已恢复
41913260,Glintstone Scarab,4191,是,0,否,否,官方 1.17.1,原版存在；配对已恢复
41913262,Glintstone Scarab,4191,是,0,否,否,官方 1.17.1,原版存在；配对已恢复
41913264,Glintstone Scarab,4191,是,0,否,否,官方 1.17.1,原版存在；配对已恢复
41913265,Glintstone Scarab,4191,是,0,否,否,官方 1.17.1,原版存在；配对已恢复
41913266,Glintstone Scarab,4191,是,0,否,否,官方 1.17.1,原版存在；配对已恢复
41913268,Glintstone Scarab,4191,是,0,否,否,官方 1.17.1,原版存在；配对已恢复
41914000,Incantation Scarab,4191,是,0,否,否,官方 1.17.1,原版存在；配对已恢复
41914012,Incantation Scarab,4191,是,0,否,否,官方 1.17.1,原版存在；配对已恢复
41914014,Incantation Scarab,4191,是,0,否,否,官方 1.17.1,原版存在；配对已恢复
41914020,Incantation Scarab,4191,是,0,否,否,官方 1.17.1,原版存在；配对已恢复
41914030,Incantation Scarab,4191,是,0,否,否,官方 1.17.1,原版存在；配对已恢复
41914032,Incantation Scarab,4191,是,0,否,否,官方 1.17.1,原版存在；配对已恢复
41914034,Incantation Scarab,4191,是,0,否,否,官方 1.17.1,原版存在；配对已恢复
41914040,Incantation Scarab,4191,是,0,否,否,官方 1.17.1,原版存在；配对已恢复
41914042,Incantation Scarab,4191,是,0,否,否,官方 1.17.1,原版存在；配对已恢复
41914050,Incantation Scarab,4191,是,0,否,否,官方 1.17.1,原版存在；配对已恢复
41914052,Incantation Scarab,4191,是,0,否,否,官方 1.17.1,原版存在；配对已恢复
41914054,Incantation Scarab,4191,是,0,否,否,官方 1.17.1,原版存在；配对已恢复
41914056,Incantation Scarab,4191,是,0,否,否,官方 1.17.1,原版存在；配对已恢复
41914060,Incantation Scarab,4191,是,0,否,否,官方 1.17.1,原版存在；配对已恢复
41914062,Incantation Scarab,4191,是,0,否,否,官方 1.17.1,原版存在；配对已恢复
41914064,Incantation Scarab,4191,是,0,否,否,官方 1.17.1,原版存在；配对已恢复
41914065,Incantation Scarab,4191,是,0,否,否,官方 1.17.1,原版存在；配对已恢复
41914066,Incantation Scarab,4191,是,0,否,否,官方 1.17.1,原版存在；配对已恢复
41914068,Incantation Scarab,4191,是,0,否,否,官方 1.17.1,原版存在；配对已恢复
41914072,Incantation Scarab,4191,是,0,否,否,官方 1.17.1,原版存在；配对已恢复
41914100,Incantation Scarab,4191,是,0,否,否,官方 1.17.1,原版存在；配对已恢复
41914150,Incantation Scarab,4191,是,0,否,否,官方 1.17.1,原版存在；配对已恢复
41914152,Incantation Scarab,4191,是,0,否,否,官方 1.17.1,原版存在；配对已恢复
41914160,Incantation Scarab,4191,是,0,否,否,官方 1.17.1,原版存在；配对已恢复
41914162,Incantation Scarab,4191,是,0,否,否,官方 1.17.1,原版存在；配对已恢复
41914164,Incantation Scarab,4191,是,0,否,否,官方 1.17.1,原版存在；配对已恢复
41914165,Incantation Scarab,4191,是,0,否,否,官方 1.17.1,原版存在；配对已恢复
41914166,Incantation Scarab,4191,是,0,否,否,官方 1.17.1,原版存在；配对已恢复
41914168,Incantation Scarab,4191,是,0,否,否,官方 1.17.1,原版存在；配对已恢复
41914200,Incantation Scarab,4191,是,0,否,否,官方 1.17.1,原版存在；配对已恢复
41914212,Incantation Scarab,4191,是,0,否,否,官方 1.17.1,原版存在；配对已恢复
41914250,Incantation Scarab,4191,是,0,否,否,官方 1.17.1,原版存在；配对已恢复
41914252,Incantation Scarab,4191,是,0,否,否,官方 1.17.1,原版存在；配对已恢复
41914260,Incantation Scarab,4191,是,0,否,否,官方 1.17.1,原版存在；配对已恢复
41914262,Incantation Scarab,4191,是,0,否,否,官方 1.17.1,原版存在；配对已恢复
41914264,Incantation Scarab,4191,是,0,否,否,官方 1.17.1,原版存在；配对已恢复
41914265,Incantation Scarab,4191,是,0,否,否,官方 1.17.1,原版存在；配对已恢复
41914266,Incantation Scarab,4191,是,0,否,否,官方 1.17.1,原版存在；配对已恢复
41914268,Incantation Scarab,4191,是,0,否,否,官方 1.17.1,原版存在；配对已恢复
41915000,Smithing Stone Scarab,4191,是,0,否,否,官方 1.17.1,原版存在；配对已恢复
41915010,Smithing Stone Scarab,4191,是,0,否,否,官方 1.17.1,原版存在；配对已恢复
41915020,Smithing Stone Scarab,4191,是,0,否,否,官方 1.17.1,原版存在；配对已恢复
41915026,Smithing Stone Scarab,4191,是,0,否,否,官方 1.17.1,原版存在；配对已恢复
41915030,Smithing Stone Scarab,4191,是,0,否,否,官方 1.17.1,原版存在；配对已恢复
41915035,Smithing Stone Scarab,4191,是,0,否,否,官方 1.17.1,原版存在；配对已恢复
41915038,Smithing Stone Scarab,4191,是,0,否,否,官方 1.17.1,原版存在；配对已恢复
41915040,Smithing Stone Scarab,4191,是,0,否,否,官方 1.17.1,原版存在；配对已恢复
41915042,Smithing Stone Scarab,4191,是,0,否,否,官方 1.17.1,原版存在；配对已恢复
41915050,Smithing Stone Scarab,4191,是,0,否,否,官方 1.17.1,原版存在；配对已恢复
41915052,Smithing Stone Scarab,4191,是,0,否,否,官方 1.17.1,原版存在；配对已恢复
41915062,Smithing Stone Scarab,4191,是,0,否,否,官方 1.17.1,原版存在；配对已恢复
41915065,Smithing Stone Scarab,4191,是,0,否,否,官方 1.17.1,原版存在；配对已恢复
41915066,Smithing Stone Scarab,4191,是,0,否,否,官方 1.17.1,原版存在；配对已恢复
41915100,Smithing Stone Scarab,4191,是,0,否,否,官方 1.17.1,原版存在；配对已恢复
41915150,Smithing Stone Scarab,4191,是,0,否,否,官方 1.17.1,原版存在；配对已恢复
41915200,Smithing Stone Scarab,4191,是,0,否,否,官方 1.17.1,原版存在；配对已恢复
41915220,Smithing Stone Scarab,4191,是,0,否,否,官方 1.17.1,原版存在；配对已恢复
41915535,Smithing Stone Scarab,4191,是,0,否,否,官方 1.17.1,原版存在；配对已恢复
41915540,Smithing Stone Scarab,4191,是,0,否,否,官方 1.17.1,原版存在；配对已恢复
41915542,Smithing Stone Scarab,4191,是,0,否,否,官方 1.17.1,原版存在；配对已恢复
41915554,Smithing Stone Scarab,4191,是,0,否,否,官方 1.17.1,原版存在；配对已恢复
41915560,Smithing Stone Scarab,4191,是,0,否,否,官方 1.17.1,原版存在；配对已恢复
41915562,Smithing Stone Scarab,4191,是,0,否,否,官方 1.17.1,原版存在；配对已恢复
41915564,Smithing Stone Scarab,4191,是,0,否,否,官方 1.17.1,原版存在；配对已恢复
41915565,Smithing Stone Scarab,4191,是,0,否,否,官方 1.17.1,原版存在；配对已恢复
41915566,Smithing Stone Scarab,4191,是,0,否,否,官方 1.17.1,原版存在；配对已恢复
41915568,Smithing Stone Scarab,4191,是,0,否,否,官方 1.17.1,原版存在；配对已恢复
41916160,Scarab,4191,是,0,否,否,官方 1.17.1,原版存在；配对已恢复
41916162,Scarab,4191,是,0,否,否,官方 1.17.1,原版存在；配对已恢复
41916164,Scarab,4191,是,0,否,否,官方 1.17.1,原版存在；配对已恢复
41916165,Scarab,4191,是,0,否,否,官方 1.17.1,原版存在；配对已恢复
41916166,Scarab,4191,是,0,否,否,官方 1.17.1,原版存在；配对已恢复
41917364,Scarab,4191,是,0,否,否,官方 1.17.1,原版存在；配对已恢复
41917365,Scarab,4191,是,0,否,否,官方 1.17.1,原版存在；配对已恢复
41917366,Scarab,4191,是,0,否,否,官方 1.17.1,原版存在；配对已恢复
41918062,Scarab,4191,是,0,否,否,官方 1.17.1,原版存在；配对已恢复
41918064,Scarab,4191,是,0,否,否,官方 1.17.1,原版存在；配对已恢复
41918065,Scarab,4191,是,0,否,否,官方 1.17.1,原版存在；配对已恢复
41918066,Scarab,4191,是,0,否,否,官方 1.17.1,原版存在；配对已恢复
41918068,Scarab,4191,是,0,否,否,官方 1.17.1,原版存在；配对已恢复
41918120,Scarab,4191,是,0,否,否,官方 1.17.1,原版存在；配对已恢复
41918140,Scarab,4191,是,0,否,否,官方 1.17.1,原版存在；配对已恢复
41918940,Scarab,4191,是,0,否,否,官方 1.17.1,原版存在；配对已恢复
41919062,Scarab,4191,是,0,否,否,官方 1.17.1,原版存在；配对已恢复
41919064,Scarab,4191,是,0,否,否,官方 1.17.1,原版存在；配对已恢复
41919065,Scarab,4191,是,0,否,否,官方 1.17.1,原版存在；配对已恢复
41919068,Scarab,4191,是,0,否,否,官方 1.17.1,原版存在；配对已恢复
41919140,Scarab,4191,是,0,否,否,官方 1.17.1,原版存在；配对已恢复
41920000,Giant Crimson Tear Scarab,4192,是,0,否,否,官方 1.17.1,原版存在；未定义官方处决配对
41920040,Giant Crimson Tear Scarab,4192,是,0,否,否,官方 1.17.1,原版存在；配对已恢复
41920042,Giant Crimson Tear Scarab,4192,是,0,否,否,官方 1.17.1,原版存在；配对已恢复
41921000,Giant Cerulean Tear Scarab,4192,是,0,否,否,官方 1.17.1,原版存在；配对已恢复
41921040,Giant Cerulean Tear Scarab,4192,是,0,否,否,官方 1.17.1,原版存在；配对已恢复
41921042,Giant Cerulean Tear Scarab,4192,是,0,否,否,官方 1.17.1,原版存在；配对已恢复
41922000,Giant Ash of War Scarab,4192,是,0,否,否,官方 1.17.1,原版存在；配对已恢复
41922020,Giant Ash of War Scarab,4192,是,0,否,否,官方 1.17.1,原版存在；配对已恢复
41922050,Giant Ash of War Scarab,4192,是,0,否,否,官方 1.17.1,原版存在；配对已恢复
41922052,Giant Ash of War Scarab,4192,是,0,否,否,官方 1.17.1,原版存在；配对已恢复
41922200,Giant Ash of War Scarab,4192,是,0,否,否,官方 1.17.1,原版存在；配对已恢复
41922250,Giant Ash of War Scarab,4192,是,0,否,否,官方 1.17.1,原版存在；配对已恢复
41922252,Giant Ash of War Scarab,4192,是,0,否,否,官方 1.17.1,原版存在；配对已恢复
41923000,Giant Glintstone Scarab,4192,是,0,否,否,官方 1.17.1,原版存在；配对已恢复
41923050,Giant Glintstone Scarab,4192,是,0,否,否,官方 1.17.1,原版存在；配对已恢复
41923052,Giant Glintstone Scarab,4192,是,0,否,否,官方 1.17.1,原版存在；配对已恢复
41923200,Giant Glintstone Scarab,4192,是,0,否,否,官方 1.17.1,原版存在；配对已恢复
41923250,Giant Glintstone Scarab,4192,是,0,否,否,官方 1.17.1,原版存在；配对已恢复
41923252,Giant Glintstone Scarab,4192,是,0,否,否,官方 1.17.1,原版存在；配对已恢复
41924000,Giant Incantation Scarab,4192,是,0,否,否,官方 1.17.1,原版存在；配对已恢复
41924050,Giant Incantation Scarab,4192,是,0,否,否,官方 1.17.1,原版存在；配对已恢复
41924052,Giant Incantation Scarab,4192,是,0,否,否,官方 1.17.1,原版存在；配对已恢复
41924200,Giant Incantation Scarab,4192,是,0,否,否,官方 1.17.1,原版存在；配对已恢复
41924250,Giant Incantation Scarab,4192,是,0,否,否,官方 1.17.1,原版存在；配对已恢复
41924252,Giant Incantation Scarab,4192,是,0,否,否,官方 1.17.1,原版存在；配对已恢复
41925000,Giant Smithing Stone Scarab,4192,是,0,否,否,官方 1.17.1,原版存在；配对已恢复
41925050,Giant Smithing Stone Scarab,4192,是,0,否,否,官方 1.17.1,原版存在；配对已恢复
41925052,Giant Smithing Stone Scarab,4192,是,0,否,否,官方 1.17.1,原版存在；配对已恢复
41925200,Giant Smithing Stone Scarab,4192,是,0,否,否,官方 1.17.1,原版存在；配对已恢复
41925250,Giant Smithing Stone Scarab,4192,是,0,否,否,官方 1.17.1,原版存在；配对已恢复
41927064,Giant Scarab,4192,是,0,否,否,官方 1.17.1,原版存在；配对已恢复
42000000,Man-Bat,4200,是,0,是,否,官方 1.17.1,原版存在；未定义官方处决配对
42000010,Man-Bat,4200,是,0,是,否,官方 1.17.1,原版存在；配对已恢复
42000011,Man-Bat,4200,是,0,是,否,官方 1.17.1,原版存在；配对已恢复
42000012,Man-Bat,4200,是,0,是,否,官方 1.17.1,原版存在；配对已恢复
42000014,Man-Bat,4200,是,0,是,否,官方 1.17.1,原版存在；配对已恢复
42000020,Man-Bat,4200,是,0,是,否,官方 1.17.1,原版存在；配对已恢复
42000026,Man-Bat,4200,是,0,是,否,官方 1.17.1,原版存在；配对已恢复
42000033,Man-Bat,4200,是,0,是,否,官方 1.17.1,原版存在；配对已恢复
42000038,Man-Bat,4200,是,0,是,否,官方 1.17.1,原版存在；配对已恢复
42000040,Man-Bat,4200,是,0,是,否,官方 1.17.1,原版存在；配对已恢复
42000042,Man-Bat,4200,是,0,是,否,官方 1.17.1,原版存在；配对已恢复
42000050,Man-Bat,4200,是,0,是,否,官方 1.17.1,原版存在；配对已恢复
42000064,Man-Bat (Siofra River),4200,是,0,是,否,官方 1.17.1,原版存在；配对已恢复
42000100,Man-Bat,4200,是,0,是,否,官方 1.17.1,原版存在；配对已恢复
42000110,Man-Bat,4200,是,0,是,否,官方 1.17.1,原版存在；配对已恢复
42000112,Man-Bat,4200,是,0,是,否,官方 1.17.1,原版存在；配对已恢复
42000120,Man-Bat,4200,是,0,是,否,官方 1.17.1,原版存在；配对已恢复
42000126,Man-Bat,4200,是,0,是,否,官方 1.17.1,原版存在；配对已恢复
42000133,Man-Bat,4200,是,0,是,否,官方 1.17.1,原版存在；配对已恢复
42000138,Man-Bat,4200,是,0,是,否,官方 1.17.1,原版存在；配对已恢复
42000140,Man-Bat,4200,是,0,是,否,官方 1.17.1,原版存在；配对已恢复
42000141,Man-Bat,4200,是,0,是,否,官方 1.17.1,原版存在；配对已恢复
42000142,Man-Bat,4200,是,0,是,否,官方 1.17.1,原版存在；配对已恢复
42000150,Man-Bat,4200,是,0,是,否,官方 1.17.1,原版存在；配对已恢复
42000200,Man-Bat,4200,是,0,是,否,官方 1.17.1,原版存在；配对已恢复
42000210,Man-Bat,4200,是,0,是,否,官方 1.17.1,原版存在；配对已恢复
42000226,Man-Bat,4200,是,0,是,否,官方 1.17.1,原版存在；配对已恢复
42000242,Man-Bat,4200,是,0,是,否,官方 1.17.1,原版存在；配对已恢复
42000250,Man-Bat,4200,是,0,是,否,官方 1.17.1,原版存在；配对已恢复
42001000,Man-Bat,4200,是,0,是,否,官方 1.17.1,原版存在；配对已恢复
42001050,Man-Bat,4200,是,0,是,否,官方 1.17.1,原版存在；配对已恢复
42001100,Man-Bat,4200,是,0,是,否,官方 1.17.1,原版存在；配对已恢复
42001150,Man-Bat,4200,是,0,是,否,官方 1.17.1,原版存在；配对已恢复
42001200,Man-Bat,4200,是,0,是,否,官方 1.17.1,原版存在；配对已恢复
42001250,Man-Bat,4200,是,0,是,否,官方 1.17.1,原版存在；配对已恢复
42010000,Operatic Bat,4201,是,0,否,否,官方 1.17.1,原版存在；未定义官方处决配对
42010002,,4201,否,0,否,否,官方 1.17.1,同模型新增变体；沿用官方处决配对
42010020,Operatic Bat,4201,是,0,否,否,官方 1.17.1,原版存在；配对已恢复
42010100,Operatic Bat,4201,是,0,否,否,官方 1.17.1,原版存在；配对已恢复
42010110,Operatic Bat,4201,是,0,否,否,官方 1.17.1,原版存在；配对已恢复
42010112,Operatic Bat,4201,是,0,否,否,官方 1.17.1,原版存在；配对已恢复
42010120,Operatic Bat,4201,是,0,否,否,官方 1.17.1,原版存在；配对已恢复
42010126,Operatic Bat,4201,是,0,否,否,官方 1.17.1,原版存在；配对已恢复
42010133,Operatic Bat,4201,是,0,否,否,官方 1.17.1,原版存在；配对已恢复
42010140,Operatic Bat,4201,是,0,否,否,官方 1.17.1,原版存在；配对已恢复
42010141,Operatic Bat,4201,是,0,否,否,官方 1.17.1,原版存在；配对已恢复
42010142,Operatic Bat,4201,是,0,否,否,官方 1.17.1,原版存在；配对已恢复
42011000,Operatic Bat,4201,是,0,否,否,官方 1.17.1,原版存在；配对已恢复
42011026,Operatic Bat,4201,是,0,否,否,官方 1.17.1,原版存在；配对已恢复
42011100,Operatic Bat,4201,是,0,否,否,官方 1.17.1,原版存在；配对已恢复
42011126,Operatic Bat,4201,是,0,否,否,官方 1.17.1,原版存在；配对已恢复
42011142,Operatic Bat,4201,是,0,否,否,官方 1.17.1,原版存在；配对已恢复
42017000,Operatic Bat,4201,是,0,否,否,官方 1.17.1,原版存在；配对已恢复
42017020,Operatic Bat,4201,是,0,否,否,官方 1.17.1,原版存在；配对已恢复
42017400,Operatic Bat,4201,是,0,否,否,官方 1.17.1,原版存在；配对已恢复
42017412,Operatic Bat,4201,是,0,否,否,官方 1.17.1,原版存在；配对已恢复
42017420,Operatic Bat,4201,是,0,否,否,官方 1.17.1,原版存在；配对已恢复
42017426,Operatic Bat,4201,是,0,否,否,官方 1.17.1,原版存在；配对已恢复
42017433,Operatic Bat,4201,是,0,否,否,官方 1.17.1,原版存在；配对已恢复
42017440,Operatic Bat,4201,是,0,否,否,官方 1.17.1,原版存在；配对已恢复
42017441,Operatic Bat,4201,是,0,否,否,官方 1.17.1,原版存在；配对已恢复
42017442,Operatic Bat,4201,是,0,否,否,官方 1.17.1,原版存在；配对已恢复
42017500,Operatic Bat,4201,是,0,否,否,官方 1.17.1,原版存在；配对已恢复
42017526,Operatic Bat,4201,是,0,否,否,官方 1.17.1,原版存在；配对已恢复
42017540,Operatic Bat,4201,是,0,否,否,官方 1.17.1,原版存在；配对已恢复
42017542,Operatic Bat,4201,是,0,否,否,官方 1.17.1,原版存在；配对已恢复
42017600,Operatic Bat,4201,是,0,否,否,官方 1.17.1,原版存在；配对已恢复
42017640,Operatic Bat,4201,是,0,否,否,官方 1.17.1,原版存在；配对已恢复
42017642,Operatic Bat,4201,是,0,否,否,官方 1.17.1,原版存在；配对已恢复
42017700,Operatic Bat,4201,是,0,否,否,官方 1.17.1,原版存在；配对已恢复
42017740,Operatic Bat,4201,是,0,否,否,官方 1.17.1,原版存在；配对已恢复
42017800,Operatic Bat,4201,是,0,否,否,官方 1.17.1,原版存在；配对已恢复
42017840,Operatic Bat,4201,是,0,否,否,官方 1.17.1,原版存在；配对已恢复
42018000,Operatic Bat,4201,是,0,否,否,官方 1.17.1,原版存在；配对已恢复
42018026,Operatic Bat,4201,是,0,否,否,官方 1.17.1,原版存在；配对已恢复
42018042,Operatic Bat,4201,是,0,否,否,官方 1.17.1,原版存在；配对已恢复
42018100,Operatic Bat,4201,是,0,否,否,官方 1.17.1,原版存在；配对已恢复
42018126,Operatic Bat,4201,是,0,否,否,官方 1.17.1,原版存在；配对已恢复
42100000,Warhawk,4210,是,0,否,否,官方 1.17.1,原版存在；未定义官方处决配对
42100014,Warhawk (Stormveil Castle),4210,是,0,否,否,官方 1.17.1,原版存在；配对已恢复
42100100,Warhawk,4210,是,0,否,否,官方 1.17.1,原版存在；配对已恢复
42100114,Warhawk (Stormveil Castle),4210,是,0,否,否,官方 1.17.1,原版存在；配对已恢复
42100200,Warhawk,4210,是,0,否,否,官方 1.17.1,原版存在；配对已恢复
42100214,Warhawk (Stormveil Castle),4210,是,0,否,否,官方 1.17.1,原版存在；配对已恢复
42101000,Warhawk,4210,是,0,否,否,官方 1.17.1,原版存在；配对已恢复
42101014,Warhawk (Stormveil Castle),4210,是,0,否,否,官方 1.17.1,原版存在；配对已恢复
42101033,Warhawk,4210,是,0,否,否,官方 1.17.1,原版存在；配对已恢复
42101100,Warhawk,4210,是,0,否,否,官方 1.17.1,原版存在；配对已恢复
42101114,Warhawk (Stormveil Castle),4210,是,0,否,否,官方 1.17.1,原版存在；配对已恢复
42101150,Warhawk,4210,是,0,否,否,官方 1.17.1,原版存在；配对已恢复
42101200,Warhawk,4210,是,0,否,否,官方 1.17.1,原版存在；配对已恢复
42101214,Warhawk (Stormveil Castle),4210,是,0,否,否,官方 1.17.1,原版存在；配对已恢复
42101250,Warhawk,4210,是,0,否,否,官方 1.17.1,原版存在；配对已恢复
42102000,Warhawk,4210,是,0,否,否,官方 1.17.1,原版存在；配对已恢复
42102010,Warhawk,4210,是,0,否,否,官方 1.17.1,原版存在；配对已恢复
42102072,Warhawk,4210,是,0,否,否,官方 1.17.1,原版存在；配对已恢复
42103000,Warhawk,4210,是,0,否,否,官方 1.17.1,原版存在；配对已恢复
42103050,Warhawk,4210,是,0,否,否,官方 1.17.1,原版存在；配对已恢复
42104000,Warhawk,4210,是,0,否,否,官方 1.17.1,原版存在；配对已恢复
42104051,Warhawk,4210,是,0,否,否,官方 1.17.1,原版存在；配对已恢复
42104500,Warhawk,4210,是,0,否,否,官方 1.17.1,原版存在；配对已恢复
42104551,Warhawk,4210,是,0,否,否,官方 1.17.1,原版存在；配对已恢复
42105000,Warhawk,4210,是,0,否,否,官方 1.17.1,原版存在；配对已恢复
42105051,Warhawk,4210,是,0,否,否,官方 1.17.1,原版存在；配对已恢复
42105500,Warhawk,4210,是,0,否,否,官方 1.17.1,原版存在；配对已恢复
42200000,Giant Land Octopus,4220,是,2,是,否,官方 1.17.1,原版存在；配对已恢复
42200001,,4220,否,2,是,否,官方 1.17.1,同模型新增变体；沿用官方处决配对
42200002,,4220,否,2,是,否,官方 1.17.1,同模型新增变体；沿用官方处决配对
42200010,Giant Land Octopus,4220,是,2,是,否,官方 1.17.1,原版存在；配对已恢复
42200012,Giant Land Octopus,4220,是,2,是,否,官方 1.17.1,原版存在；配对已恢复
42200020,Giant Land Octopus,4220,是,2,是,否,官方 1.17.1,原版存在；配对已恢复
42200026,Giant Land Octopus,4220,是,2,是,否,官方 1.17.1,原版存在；配对已恢复
42200032,Giant Land Octopus,4220,是,2,是,否,官方 1.17.1,原版存在；配对已恢复
42200040,Giant Land Octopus,4220,是,2,是,否,官方 1.17.1,原版存在；配对已恢复
42200050,Giant Land Octopus,4220,是,2,是,否,官方 1.17.1,原版存在；配对已恢复
42200052,Giant Land Octopus,4220,是,2,是,否,官方 1.17.1,原版存在；配对已恢复
42200064,Giant Land Octopus (Siofra River),4220,是,2,是,否,官方 1.17.1,原版存在；配对已恢复
42300000,Small Land Octopus,4230,是,0,否,否,官方 1.17.1,原版存在；未定义官方处决配对
42300010,Land Octopus,4230,是,0,否,否,官方 1.17.1,原版存在；配对已恢复
42300012,Land Octopus,4230,是,0,否,否,官方 1.17.1,原版存在；配对已恢复
42300020,Land Octopus,4230,是,0,否,否,官方 1.17.1,原版存在；配对已恢复
42300026,Land Octopus,4230,是,0,否,否,官方 1.17.1,原版存在；配对已恢复
42300032,Land Octopus,4230,是,0,否,否,官方 1.17.1,原版存在；配对已恢复
42300040,Land Octopus,4230,是,0,否,否,官方 1.17.1,原版存在；配对已恢复
42300050,Land Octopus,4230,是,0,否,否,官方 1.17.1,原版存在；配对已恢复
42300052,Land Octopus,4230,是,0,否,否,官方 1.17.1,原版存在；配对已恢复
42300064,Land Octopus (Siofra River),4230,是,0,否,否,官方 1.17.1,原版存在；配对已恢复
42300830,Land Octopus,4230,是,0,否,否,官方 1.17.1,原版存在；配对已恢复
42300852,Land Octopus,4230,是,0,否,否,官方 1.17.1,原版存在；配对已恢复
42400000,Fingercreeper,4240,是,1,是,否,官方 1.17.1,原版存在；配对已恢复
42400002,,4240,否,1,是,否,官方 1.17.1,同模型新增变体；沿用官方处决配对
42400020,Fingercreeper,4240,是,1,是,否,官方 1.17.1,原版存在；配对已恢复
42400021,Fingercreeper,4240,是,1,是,否,官方 1.17.1,原版存在；配对已恢复
42400032,Fingercreeper,4240,是,1,是,否,官方 1.17.1,原版存在；配对已恢复
42400034,Fingercreeper (Leyndell),4240,是,1,是,否,官方 1.17.1,原版存在；配对已恢复
42400035,Fingercreeper,4240,是,1,是,否,官方 1.17.1,原版存在；配对已恢复
42400100,Fingercreeper,4240,是,1,是,否,官方 1.17.1,原版存在；配对已恢复
42400150,Fingercreeper,4240,是,1,是,否,官方 1.17.1,原版存在；配对已恢复
42400200,Fingercreeper,4240,是,1,是,否,官方 1.17.1,原版存在；配对已恢复
42400221,Fingercreeper,4240,是,1,是,否,官方 1.17.1,原版存在；配对已恢复
42405000,Fingercreeper,4240,是,1,是,否,官方 1.17.1,原版存在；配对已恢复
42405050,Fingercreeper,4240,是,1,是,否,官方 1.17.1,原版存在；配对已恢复
42405100,Fingercreeper,4240,是,1,是,否,官方 1.17.1,原版存在；配对已恢复
42405150,Fingercreeper,4240,是,1,是,否,官方 1.17.1,原版存在；配对已恢复
42405200,Fingercreeper,4240,是,1,是,否,官方 1.17.1,原版存在；配对已恢复
42405250,Fingercreeper,4240,是,1,是,否,官方 1.17.1,原版存在；配对已恢复
42405300,Fingercreeper,4240,是,1,是,否,官方 1.17.1,原版存在；配对已恢复
42405350,Fingercreeper,4240,是,1,是,否,官方 1.17.1,原版存在；配对已恢复
42405400,Fingercreeper,4240,是,1,是,否,官方 1.17.1,原版存在；配对已恢复
42405450,Fingercreeper,4240,是,1,是,否,官方 1.17.1,原版存在；配对已恢复
42405500,Fingercreeper,4240,是,1,是,否,官方 1.17.1,原版存在；配对已恢复
42405550,Fingercreeper,4240,是,1,是,否,官方 1.17.1,原版存在；配对已恢复
42405600,Fingercreeper,4240,是,1,是,否,官方 1.17.1,原版存在；配对已恢复
42405650,Fingercreeper,4240,是,1,是,否,官方 1.17.1,原版存在；配对已恢复
42405700,Fingercreeper,4240,是,1,是,否,官方 1.17.1,原版存在；配对已恢复
42405750,Fingercreeper,4240,是,1,是,否,官方 1.17.1,原版存在；配对已恢复
42405800,Fingercreeper,4240,是,1,是,否,官方 1.17.1,原版存在；配对已恢复
42405850,Fingercreeper,4240,是,1,是,否,官方 1.17.1,原版存在；配对已恢复
42406000,Fingercreeper,4240,是,1,是,否,官方 1.17.1,原版存在；配对已恢复
42406050,Fingercreeper,4240,是,1,是,否,官方 1.17.1,原版存在；配对已恢复
42406100,Fingercreeper,4240,是,1,是,否,官方 1.17.1,原版存在；配对已恢复
42406150,Fingercreeper,4240,是,1,是,否,官方 1.17.1,原版存在；配对已恢复
42406200,Fingercreeper,4240,是,1,是,否,官方 1.17.1,原版存在；配对已恢复
42406250,Fingercreeper,4240,是,1,是,否,官方 1.17.1,原版存在；配对已恢复
42406300,Fingercreeper,4240,是,1,是,否,官方 1.17.1,原版存在；配对已恢复
42406350,Fingercreeper,4240,是,1,是,否,官方 1.17.1,原版存在；配对已恢复
42406400,Fingercreeper,4240,是,1,是,否,官方 1.17.1,原版存在；配对已恢复
42406450,Fingercreeper,4240,是,1,是,否,官方 1.17.1,原版存在；配对已恢复
42407000,Fingercreeper,4240,是,1,是,否,官方 1.17.1,原版存在；配对已恢复
42407020,Fingercreeper,4240,是,1,是,否,官方 1.17.1,原版存在；配对已恢复
42407021,Fingercreeper,4240,是,1,是,否,官方 1.17.1,原版存在；配对已恢复
42407032,Fingercreeper,4240,是,1,是,否,官方 1.17.1,原版存在；配对已恢复
42407034,Fingercreeper  (Leyndell),4240,是,1,是,否,官方 1.17.1,原版存在；配对已恢复
42407035,Fingercreeper,4240,是,1,是,否,官方 1.17.1,原版存在；配对已恢复
42407100,Fingercreeper,4240,是,1,是,否,官方 1.17.1,原版存在；配对已恢复
42407121,Fingercreeper,4240,是,1,是,否,官方 1.17.1,原版存在；配对已恢复
42407132,Fingercreeper,4240,是,1,是,否,官方 1.17.1,原版存在；配对已恢复
42407200,Fingercreeper,4240,是,1,是,否,官方 1.17.1,原版存在；配对已恢复
42407221,Fingercreeper,4240,是,1,是,否,官方 1.17.1,原版存在；配对已恢复
42407300,Fingercreeper,4240,是,1,是,否,官方 1.17.1,原版存在；配对已恢复
42407321,Fingercreeper,4240,是,1,是,否,官方 1.17.1,原版存在；配对已恢复
42407400,Fingercreeper,4240,是,1,是,否,官方 1.17.1,原版存在；配对已恢复
42407421,Fingercreeper,4240,是,1,是,否,官方 1.17.1,原版存在；配对已恢复
42407500,Fingercreeper,4240,是,1,是,否,官方 1.17.1,原版存在；配对已恢复
42407521,Fingercreeper,4240,是,1,是,否,官方 1.17.1,原版存在；配对已恢复
42407600,Fingercreeper,4240,是,1,是,否,官方 1.17.1,原版存在；配对已恢复
42407621,Fingercreeper,4240,是,1,是,否,官方 1.17.1,原版存在；配对已恢复
42407700,Fingercreeper,4240,是,1,是,否,官方 1.17.1,原版存在；配对已恢复
42407721,Fingercreeper,4240,是,1,是,否,官方 1.17.1,原版存在；配对已恢复
42407800,Fingercreeper,4240,是,1,是,否,官方 1.17.1,原版存在；配对已恢复
42407821,Fingercreeper,4240,是,1,是,否,官方 1.17.1,原版存在；配对已恢复
42408000,Fingercreeper,4240,是,1,是,否,官方 1.17.1,原版存在；配对已恢复
42408021,Fingercreeper,4240,是,1,是,否,官方 1.17.1,原版存在；配对已恢复
42408100,Fingercreeper,4240,是,1,是,否,官方 1.17.1,原版存在；配对已恢复
42408121,Fingercreeper,4240,是,1,是,否,官方 1.17.1,原版存在；配对已恢复
42408200,Fingercreeper,4240,是,1,是,否,官方 1.17.1,原版存在；配对已恢复
42408221,Fingercreeper,4240,是,1,是,否,官方 1.17.1,原版存在；配对已恢复
42408300,Fingercreeper,4240,是,1,是,否,官方 1.17.1,原版存在；配对已恢复
42408321,Fingercreeper,4240,是,1,是,否,官方 1.17.1,原版存在；配对已恢复
42408400,Fingercreeper,4240,是,1,是,否,官方 1.17.1,原版存在；配对已恢复
42408421,Fingercreeper,4240,是,1,是,否,官方 1.17.1,原版存在；配对已恢复
42408500,Fingercreeper,4240,是,1,是,否,官方 1.17.1,原版存在；配对已恢复
42408521,Fingercreeper,4240,是,1,是,否,官方 1.17.1,原版存在；配对已恢复
42408800,Fingercreeper,4240,是,1,是,否,官方 1.17.1,原版存在；配对已恢复
42408821,Fingercreeper,4240,是,1,是,否,官方 1.17.1,原版存在；配对已恢复
42410000,Giant Fingercreeper,4241,是,0,否,否,官方 1.17.1,原版存在；未定义官方处决配对
42410001,,4241,否,0,否,否,官方 1.17.1,同模型新增变体；沿用官方处决配对
42410002,,4241,否,0,否,否,官方 1.17.1,同模型新增变体；沿用官方处决配对
42410100,Giant Fingercreeper,4241,是,0,否,否,官方 1.17.1,原版存在；配对已恢复
42410150,Giant Fingercreeper,4241,是,0,否,否,官方 1.17.1,原版存在；配对已恢复
42500000,Small Fingercreeper,4250,是,0,否,否,官方 1.17.1,原版存在；未定义官方处决配对
42500002,,4250,否,0,否,否,官方 1.17.1,同模型新增变体；沿用官方处决配对
42500020,Small Fingercreeper,4250,是,0,否,否,官方 1.17.1,原版存在；配对已恢复
42500021,Small Fingercreeper,4250,是,0,否,否,官方 1.17.1,原版存在；配对已恢复
42500028,Small Fingercreeper (Leyndell),4250,是,0,否,否,官方 1.17.1,原版存在；配对已恢复
42500032,Small Fingercreeper,4250,是,0,否,否,官方 1.17.1,原版存在；配对已恢复
42500034,Small Fingercreeper  (Leyndell),4250,是,0,否,否,官方 1.17.1,原版存在；配对已恢复
42500035,Small Fingercreeper,4250,是,0,否,否,官方 1.17.1,原版存在；配对已恢复
42500100,Small Fingercreeper,4250,是,0,否,否,官方 1.17.1,原版存在；配对已恢复
42500150,Small Fingercreeper,4250,是,0,否,否,官方 1.17.1,原版存在；配对已恢复
42600000,Erdtree Burial Watchdog,4260,是,2,是,否,官方 1.17.1,原版存在；配对已恢复
42600002,,4260,否,2,是,否,官方 1.17.1,同模型新增变体；沿用官方处决配对
42600100,Erdtree Burial Watchdog,4260,是,2,是,否,官方 1.17.1,原版存在；配对已恢复
42600110,Erdtree Burial Watchdog (Limgrave Catacombs),4260,是,2,是,否,官方 1.17.1,原版存在；配对已恢复
42600500,Erdtree Burial Watchdog,4260,是,2,是,否,官方 1.17.1,原版存在；配对已恢复
42600512,Erdtree Burial Watchdog (Impalers Catacombs),4260,是,2,是,否,官方 1.17.1,原版存在；配对已恢复
42600600,Erdtree Burial Watchdog,4260,是,2,是,否,官方 1.17.1,原版存在；配对已恢复
42600940,Erdtree Burial Watchdog (Minor Erdtree Catacombs),4260,是,2,是,否,官方 1.17.1,原版存在；配对已恢复
42601000,Erdtree Burial Watchdog,4260,是,2,是,否,官方 1.17.1,原版存在；配对已恢复
42601001,,4260,否,2,是,否,官方 1.17.1,同模型新增变体；沿用官方处决配对
42601002,,4260,否,2,是,否,官方 1.17.1,同模型新增变体；沿用官方处决配对
42601100,Erdtree Burial Watchdog,4260,是,2,是,否,官方 1.17.1,原版存在；配对已恢复
42601500,Erdtree Burial Watchdog,4260,是,2,是,否,官方 1.17.1,原版存在；配对已恢复
42601600,Erdtree Burial Watchdog,4260,是,2,是,否,官方 1.17.1,原版存在；配对已恢复
42601920,Erdtree Burial Watchdog (Cliffbottom Catacombs),4260,是,2,是,否,官方 1.17.1,原版存在；配对已恢复
42601940,Erdtree Burial Watchdog (Minor Erdtree Catacombs),4260,是,2,是,否,官方 1.17.1,原版存在；配对已恢复
42602000,Erdtree Burial Watchdog,4260,是,2,是,否,官方 1.17.1,原版存在；配对已恢复
42602002,,4260,否,2,是,否,官方 1.17.1,同模型新增变体；沿用官方处决配对
42602100,Erdtree Burial Watchdog,4260,是,2,是,否,官方 1.17.1,原版存在；配对已恢复
42602500,Erdtree Burial Watchdog,4260,是,2,是,否,官方 1.17.1,原版存在；配对已恢复
42602600,Erdtree Burial Watchdog,4260,是,2,是,否,官方 1.17.1,原版存在；配对已恢复
42602932,Erdtree Burial Watchdog (Wyndham Catacombs),4260,是,2,是,否,官方 1.17.1,原版存在；配对已恢复
42603000,Erdtree Burial Watchdog,4260,是,2,是,否,官方 1.17.1,原版存在；配对已恢复
42603100,Erdtree Burial Watchdog,4260,是,2,是,否,官方 1.17.1,原版存在；配对已恢复
42603500,Erdtree Burial Watchdog,4260,是,2,是,否,官方 1.17.1,原版存在；配对已恢复
42603600,Erdtree Burial Watchdog,4260,是,2,是,否,官方 1.17.1,原版存在；配对已恢复
42604000,Erdtree Burial Watchdog,4260,是,2,是,否,官方 1.17.1,原版存在；配对已恢复
42604100,Erdtree Burial Watchdog,4260,是,2,是,否,官方 1.17.1,原版存在；配对已恢复
42604150,Erdtree Burial Watchdog,4260,是,2,是,否,官方 1.17.1,原版存在；配对已恢复
42604152,Erdtree Burial Watchdog,4260,是,2,是,否,官方 1.17.1,原版存在；配对已恢复
42604500,Erdtree Burial Watchdog,4260,是,2,是,否,官方 1.17.1,原版存在；配对已恢复
42604600,Erdtree Burial Watchdog,4260,是,2,是,否,官方 1.17.1,原版存在；配对已恢复
42604650,Erdtree Burial Watchdog,4260,是,2,是,否,官方 1.17.1,原版存在；配对已恢复
42604652,Erdtree Burial Watchdog,4260,是,2,是,否,官方 1.17.1,原版存在；配对已恢复
42605000,Erdtree Burial Watchdog,4260,是,2,是,否,官方 1.17.1,原版存在；配对已恢复
42605100,Erdtree Burial Watchdog,4260,是,2,是,否,官方 1.17.1,原版存在；配对已恢复
42605150,Erdtree Burial Watchdog,4260,是,2,是,否,官方 1.17.1,原版存在；配对已恢复
42605152,Erdtree Burial Watchdog,4260,是,2,是,否,官方 1.17.1,原版存在；配对已恢复
42605500,Erdtree Burial Watchdog,4260,是,2,是,否,官方 1.17.1,原版存在；配对已恢复
42605600,Erdtree Burial Watchdog,4260,是,2,是,否,官方 1.17.1,原版存在；配对已恢复
42700000,Elder Lion,4270,是,1,是,否,官方 1.17.1,原版存在；配对已恢复
42700001,,4270,否,1,是,否,官方 1.17.1,同模型新增变体；沿用官方处决配对
42700002,,4270,否,1,是,否,官方 1.17.1,同模型新增变体；沿用官方处决配对
42700014,Elder Lion (Stormveil Castle),4270,是,1,是,否,官方 1.17.1,原版存在；配对已恢复
42700020,Elder Lion,4270,是,1,是,否,官方 1.17.1,原版存在；配对已恢复
42700030,Elder Lion,4270,是,1,是,否,官方 1.17.1,原版存在；配对已恢复
42700034,Elder Lion  (Leyndell),4270,是,1,是,否,官方 1.17.1,原版存在；配对已恢复
42700040,Elder Lion,4270,是,1,是,否,官方 1.17.1,原版存在；配对已恢复
42700041,Elder Lion,4270,是,1,是,否,官方 1.17.1,原版存在；配对已恢复
42701000,Elder Lion,4270,是,1,是,否,官方 1.17.1,原版存在；配对已恢复
42701051,Elder Lion,4270,是,1,是,否,官方 1.17.1,原版存在；配对已恢复
42800000,Giant Ant,4280,是,6,是,否,官方 1.17.1,原版存在；配对已恢复
42800001,,4280,否,6,是,否,官方 1.17.1,同模型新增变体；沿用官方处决配对
42800002,,4280,否,6,是,否,官方 1.17.1,同模型新增变体；沿用官方处决配对
42800054,Giant Ant,4280,是,6,是,否,官方 1.17.1,原版存在；配对已恢复
42800056,Giant Ant,4280,是,6,是,否,官方 1.17.1,原版存在；配对已恢复
42800060,Giant Ant (Ainsel River),4280,是,6,是,否,官方 1.17.1,原版存在；配对已恢复
42800062,Giant Ant,4280,是,6,是,否,官方 1.17.1,原版存在；配对已恢复
42800066,Giant Ant,4280,是,6,是,否,官方 1.17.1,原版存在；配对已恢复
42800100,Giant Ant (Stinger),4280,是,6,是,否,官方 1.17.1,原版存在；配对已恢复
42800160,Giant Ant (Stinger) (Ainsel River),4280,是,6,是,否,官方 1.17.1,原版存在；配对已恢复
42800166,Giant Ant (Stinger),4280,是,6,是,否,官方 1.17.1,原版存在；配对已恢复
42800200,"Giant Ant (Stinger, Large Abdomen)",4280,是,6,是,否,官方 1.17.1,原版存在；配对已恢复
42800260,"Giant Ant (Stinger, Large Abdomen) (Ainsel River)",4280,是,6,是,否,官方 1.17.1,原版存在；配对已恢复
42800300,Giant Ant (Replete),4280,是,6,是,否,官方 1.17.1,原版存在；配对已恢复
42800354,Giant Ant (Replete),4280,是,6,是,否,官方 1.17.1,原版存在；配对已恢复
42800360,Giant Ant (Replete) (Ainsel River),4280,是,6,是,否,官方 1.17.1,原版存在；配对已恢复
42800362,Giant Ant (Replete),4280,是,6,是,否,官方 1.17.1,原版存在；配对已恢复
42800366,Giant Ant (Replete),4280,是,6,是,否,官方 1.17.1,原版存在；配对已恢复
42800400,Giant Ant (Winged),4280,是,6,是,否,官方 1.17.1,原版存在；配对已恢复
42800462,Giant Ant (Winged),4280,是,6,是,否,官方 1.17.1,原版存在；配对已恢复
42800466,Giant Ant (Winged),4280,是,6,是,否,官方 1.17.1,原版存在；配对已恢复
42800500,Giant Ant,4280,是,6,是,否,官方 1.17.1,原版存在；配对已恢复
42800562,Giant Ant,4280,是,6,是,否,官方 1.17.1,原版存在；配对已恢复
42800566,Giant Ant,4280,是,6,是,否,官方 1.17.1,原版存在；配对已恢复
42800862,Giant Ant,4280,是,6,是,否,官方 1.17.1,原版存在；配对已恢复
42801100,Giant Ant (Mounted),4280,是,6,是,否,官方 1.17.1,原版存在；配对已恢复
42801162,Giant Ant (Mounted),4280,是,6,是,否,官方 1.17.1,原版存在；配对已恢复
42810000,Skull Plate Giant Ant,4281,是,0,否,否,官方 1.17.1,原版存在；未定义官方处决配对
42810060,Skull Plate Giant Ant (Ainsel River),4281,是,0,否,否,官方 1.17.1,原版存在；配对已恢复
42810062,Skull Plate Giant Ant,4281,是,0,否,否,官方 1.17.1,原版存在；配对已恢复
42810066,Skull Plate Giant Ant,4281,是,0,否,否,官方 1.17.1,原版存在；配对已恢复
42900000,Bloodhound Knight,4290,是,2,是,否,官方 1.17.1,原版存在；配对已恢复
42900001,,4290,否,2,是,否,官方 1.17.1,同模型新增变体；沿用官方处决配对
42900002,,4290,否,2,是,否,官方 1.17.1,同模型新增变体；沿用官方处决配对
42900010,Bloodhound Knight Darriwil,4290,是,2,是,否,官方 1.17.1,原版存在；配对已恢复
42900020,Bloodhound Knight,4290,是,2,是,否,官方 1.17.1,原版存在；配对已恢复
42900032,Bloodhound Knight,4290,是,2,是,否,官方 1.17.1,原版存在；配对已恢复
42900038,Bloodhound Knight,4290,是,2,是,否,官方 1.17.1,原版存在；配对已恢复
42900040,Bloodhound Knight,4290,是,2,是,否,官方 1.17.1,原版存在；配对已恢复
42900100,Bloodhound Knight,4290,是,2,是,否,官方 1.17.1,原版存在；配对已恢复
42900132,Bloodhound Knight,4290,是,2,是,否,官方 1.17.1,原版存在；配对已恢复
42900138,Bloodhound Knight,4290,是,2,是,否,官方 1.17.1,原版存在；配对已恢复
42900220,Bloodhound Knight,4290,是,2,是,否,官方 1.17.1,原版存在；配对已恢复
42900920,Bloodhound Knight (Boss),4290,是,2,是,否,官方 1.17.1,原版存在；配对已恢复
42901000,Bloodhound Knight,4290,是,2,是,否,官方 1.17.1,原版存在；配对已恢复
42909000,Bloodhound Knight,4290,是,2,是,否,官方 1.17.1,原版存在；配对已恢复
42909024,Bloodhound Knight,4290,是,2,是,否,官方 1.17.1,原版存在；配对已恢复
43000000,Wandering Noble,4300,是,14,否,否,官方 1.17.1,原版存在；配对已恢复
43000006,Wandering Noble,4300,是,14,否,否,官方 1.17.1,原版存在；配对已恢复
43000010,Wandering Noble,4300,是,14,否,否,官方 1.17.1,原版存在；配对已恢复
43000012,Wandering Noble,4300,是,14,否,否,官方 1.17.1,原版存在；配对已恢复
43000020,Wandering Noble,4300,是,14,否,否,官方 1.17.1,原版存在；配对已恢复
43000024,Wandering Noble,4300,是,14,否,否,官方 1.17.1,原版存在；配对已恢复
43000030,Wandering Noble,4300,是,14,否,否,官方 1.17.1,原版存在；配对已恢复
43000032,Wandering Noble,4300,是,14,否,否,官方 1.17.1,原版存在；配对已恢复
43000033,Wandering Noble,4300,是,14,否,否,官方 1.17.1,原版存在；配对已恢复
43000040,Wandering Noble,4300,是,14,否,否,官方 1.17.1,原版存在；配对已恢复
43000052,Wandering Noble,4300,是,14,否,否,官方 1.17.1,原版存在；配对已恢复
43000100,Wandering Noble,4300,是,14,否,否,官方 1.17.1,原版存在；配对已恢复
43000110,Wandering Noble,4300,是,14,否,否,官方 1.17.1,原版存在；配对已恢复
43000112,Wandering Noble,4300,是,14,否,否,官方 1.17.1,原版存在；配对已恢复
43000130,Wandering Noble,4300,是,14,否,否,官方 1.17.1,原版存在；配对已恢复
43000131,Wandering Noble (Shaded Castle),4300,是,14,否,否,官方 1.17.1,原版存在；配对已恢复
43000133,Wandering Noble,4300,是,14,否,否,官方 1.17.1,原版存在；配对已恢复
43000140,Wandering Noble,4300,是,14,否,否,官方 1.17.1,原版存在；配对已恢复
43000152,Wandering Noble,4300,是,14,否,否,官方 1.17.1,原版存在；配对已恢复
43000200,Wandering Noble,4300,是,14,否,否,官方 1.17.1,原版存在；配对已恢复
43000210,Wandering Noble,4300,是,14,否,否,官方 1.17.1,原版存在；配对已恢复
43000212,Wandering Noble,4300,是,14,否,否,官方 1.17.1,原版存在；配对已恢复
43000230,Wandering Noble,4300,是,14,否,否,官方 1.17.1,原版存在；配对已恢复
43000233,Wandering Noble,4300,是,14,否,否,官方 1.17.1,原版存在；配对已恢复
43000240,Wandering Noble,4300,是,14,否,否,官方 1.17.1,原版存在；配对已恢复
43000252,Wandering Noble,4300,是,14,否,否,官方 1.17.1,原版存在；配对已恢复
43000300,Wandering Noble (Puppet),4300,是,14,否,否,官方 1.17.1,原版存在；配对已恢复
43000320,Wandering Noble (Puppet),4300,是,14,否,否,官方 1.17.1,原版存在；配对已恢复
43000410,Wandering Noble,4300,是,14,否,否,官方 1.17.1,原版存在；配对已恢复
43000600,Wandering Noble,4300,是,14,否,否,官方 1.17.1,原版存在；配对已恢复
43000800,Wandering Noble,4300,是,14,否,否,官方 1.17.1,原版存在；配对已恢复
43000900,Wandering Noble,4300,是,14,否,否,官方 1.17.1,原版存在；配对已恢复
43001000,Wandering Noble,4300,是,14,否,否,官方 1.17.1,原版存在；配对已恢复
43001010,Wandering Noble,4300,是,14,否,否,官方 1.17.1,原版存在；配对已恢复
43001012,Wandering Noble,4300,是,14,否,否,官方 1.17.1,原版存在；配对已恢复
43001020,Wandering Noble,4300,是,14,否,否,官方 1.17.1,原版存在；配对已恢复
43001021,Wandering Noble,4300,是,14,否,否,官方 1.17.1,原版存在；配对已恢复
43001024,Wandering Noble,4300,是,14,否,否,官方 1.17.1,原版存在；配对已恢复
43001030,Wandering Noble,4300,是,14,否,否,官方 1.17.1,原版存在；配对已恢复
43001031,Wandering Noble (Shaded Castle),4300,是,14,否,否,官方 1.17.1,原版存在；配对已恢复
43001032,Wandering Noble,4300,是,14,否,否,官方 1.17.1,原版存在；配对已恢复
43001033,Wandering Noble,4300,是,14,否,否,官方 1.17.1,原版存在；配对已恢复
43001040,Wandering Noble,4300,是,14,否,否,官方 1.17.1,原版存在；配对已恢复
43001052,Wandering Noble,4300,是,14,否,否,官方 1.17.1,原版存在；配对已恢复
43001100,Wandering Noble,4300,是,14,否,否,官方 1.17.1,原版存在；配对已恢复
43001120,Wandering Noble,4300,是,14,否,否,官方 1.17.1,原版存在；配对已恢复
43001128,Wandering Noble,4300,是,14,否,否,官方 1.17.1,原版存在；配对已恢复
43001200,Wandering Noble,4300,是,14,否,否,官方 1.17.1,原版存在；配对已恢复
43001230,Wandering Noble,4300,是,14,否,否,官方 1.17.1,原版存在；配对已恢复
43001240,Wandering Noble,4300,是,14,否,否,官方 1.17.1,原版存在；配对已恢复
43001528,Wandering Noble,4300,是,14,否,否,官方 1.17.1,原版存在；配对已恢复
43001800,Wandering Noble,4300,是,14,否,否,官方 1.17.1,原版存在；配对已恢复
43001900,Wandering Noble,4300,是,14,否,否,官方 1.17.1,原版存在；配对已恢复
43002000,Wandering Noble (Sorcerer),4300,是,14,否,否,官方 1.17.1,原版存在；配对已恢复
43002009,Wandering Noble (Sorcerer),4300,是,14,否,否,官方 1.17.1,原版存在；配对已恢复
43002010,Wandering Noble (Sorcerer),4300,是,14,否,否,官方 1.17.1,原版存在；配对已恢复
43002012,Wandering Noble (Sorcerer),4300,是,14,否,否,官方 1.17.1,原版存在；配对已恢复
43002020,Wandering Noble (Sorcerer),4300,是,14,否,否,官方 1.17.1,原版存在；配对已恢复
43002021,Wandering Noble (Sorcerer),4300,是,14,否,否,官方 1.17.1,原版存在；配对已恢复
43002024,Wandering Noble (Sorcerer),4300,是,14,否,否,官方 1.17.1,原版存在；配对已恢复
43002030,Wandering Noble (Sorcerer),4300,是,14,否,否,官方 1.17.1,原版存在；配对已恢复
43002031,Wandering Noble (Sorcerer) (Shaded Castle),4300,是,14,否,否,官方 1.17.1,原版存在；配对已恢复
43002032,Wandering Noble (Sorcerer),4300,是,14,否,否,官方 1.17.1,原版存在；配对已恢复
43002033,Wandering Noble (Sorcerer),4300,是,14,否,否,官方 1.17.1,原版存在；配对已恢复
43002040,Wandering Noble (Sorcerer),4300,是,14,否,否,官方 1.17.1,原版存在；配对已恢复
43002052,Wandering Noble (Sorcerer),4300,是,14,否,否,官方 1.17.1,原版存在；配对已恢复
43002110,Wandering Noble (Sorcerer),4300,是,14,否,否,官方 1.17.1,原版存在；配对已恢复
43002140,Wandering Noble (Sorcerer),4300,是,14,否,否,官方 1.17.1,原版存在；配对已恢复
43002200,Wandering Noble (Sorcerer),4300,是,14,否,否,官方 1.17.1,原版存在；配对已恢复
43002220,Wandering Noble (Sorcerer),4300,是,14,否,否,官方 1.17.1,原版存在；配对已恢复
43002228,Wandering Noble (Sorcerer),4300,是,14,否,否,官方 1.17.1,原版存在；配对已恢复
43002300,Wandering Noble (Sorcerer),4300,是,14,否,否,官方 1.17.1,原版存在；配对已恢复
43002320,Wandering Noble (Sorcerer),4300,是,14,否,否,官方 1.17.1,原版存在；配对已恢复
43002322,Wandering Noble (Sorcerer),4300,是,14,否,否,官方 1.17.1,原版存在；配对已恢复
43002400,Wandering Noble (Sorcerer),4300,是,14,否,否,官方 1.17.1,原版存在；配对已恢复
43002410,Wandering Noble (Sorcerer),4300,是,14,否,否,官方 1.17.1,原版存在；配对已恢复
43002800,Wandering Noble (Sorcerer),4300,是,14,否,否,官方 1.17.1,原版存在；配对已恢复
43002900,Wandering Noble (Sorcerer),4300,是,14,否,否,官方 1.17.1,原版存在；配对已恢复
43003000,Wandering Noble (Banner),4300,是,14,否,否,官方 1.17.1,原版存在；配对已恢复
43003010,Wandering Noble (Banner),4300,是,14,否,否,官方 1.17.1,原版存在；配对已恢复
43003012,Wandering Noble (Banner),4300,是,14,否,否,官方 1.17.1,原版存在；配对已恢复
43003020,Wandering Noble (Banner),4300,是,14,否,否,官方 1.17.1,原版存在；配对已恢复
43003030,Wandering Noble (Banner),4300,是,14,否,否,官方 1.17.1,原版存在；配对已恢复
43003032,Wandering Noble (Banner),4300,是,14,否,否,官方 1.17.1,原版存在；配对已恢复
43003033,Wandering Noble (Banner),4300,是,14,否,否,官方 1.17.1,原版存在；配对已恢复
43003040,Wandering Noble (Banner),4300,是,14,否,否,官方 1.17.1,原版存在；配对已恢复
43003052,Wandering Noble (Banner),4300,是,14,否,否,官方 1.17.1,原版存在；配对已恢复
43003800,Wandering Noble (Banner),4300,是,14,否,否,官方 1.17.1,原版存在；配对已恢复
43003900,Wandering Noble (Banner),4300,是,14,否,否,官方 1.17.1,原版存在；配对已恢复
43004000,Wandering Noble (Chest),4300,是,14,否,否,官方 1.17.1,原版存在；配对已恢复
43004030,Wandering Noble (Chest),4300,是,14,否,否,官方 1.17.1,原版存在；配对已恢复
43004033,Wandering Noble (Chest),4300,是,14,否,否,官方 1.17.1,原版存在；配对已恢复
43004052,Wandering Noble (Chest),4300,是,14,否,否,官方 1.17.1,原版存在；配对已恢复
43004100,Wandering Noble (Chest),4300,是,14,否,否,官方 1.17.1,原版存在；配对已恢复
43004130,Wandering Noble (Chest),4300,是,14,否,否,官方 1.17.1,原版存在；配对已恢复
43004152,Wandering Noble (Chest),4300,是,14,否,否,官方 1.17.1,原版存在；配对已恢复
43004800,Wandering Noble,4300,是,14,否,否,官方 1.17.1,原版存在；配对已恢复
43004900,Wandering Noble,4300,是,14,否,否,官方 1.17.1,原版存在；配对已恢复
43005000,Wandering Noble,4300,是,14,否,否,官方 1.17.1,原版存在；配对已恢复
43005006,Wandering Noble,4300,是,14,否,否,官方 1.17.1,原版存在；配对已恢复
43005010,Wandering Noble,4300,是,14,否,否,官方 1.17.1,原版存在；配对已恢复
43005012,Wandering Noble,4300,是,14,否,否,官方 1.17.1,原版存在；配对已恢复
43005020,Wandering Noble,4300,是,14,否,否,官方 1.17.1,原版存在；配对已恢复
43005024,Wandering Noble,4300,是,14,否,否,官方 1.17.1,原版存在；配对已恢复
43005030,Wandering Noble,4300,是,14,否,否,官方 1.17.1,原版存在；配对已恢复
43005032,Wandering Noble,4300,是,14,否,否,官方 1.17.1,原版存在；配对已恢复
43005033,Wandering Noble,4300,是,14,否,否,官方 1.17.1,原版存在；配对已恢复
43005040,Wandering Noble,4300,是,14,否,否,官方 1.17.1,原版存在；配对已恢复
43005052,Wandering Noble,4300,是,14,否,否,官方 1.17.1,原版存在；配对已恢复
43005100,Wandering Noble,4300,是,14,否,否,官方 1.17.1,原版存在；配对已恢复
43005110,Wandering Noble,4300,是,14,否,否,官方 1.17.1,原版存在；配对已恢复
43005112,Wandering Noble,4300,是,14,否,否,官方 1.17.1,原版存在；配对已恢复
43005130,Wandering Noble,4300,是,14,否,否,官方 1.17.1,原版存在；配对已恢复
43005133,Wandering Noble,4300,是,14,否,否,官方 1.17.1,原版存在；配对已恢复
43005152,Wandering Noble,4300,是,14,否,否,官方 1.17.1,原版存在；配对已恢复
43005200,Wandering Noble,4300,是,14,否,否,官方 1.17.1,原版存在；配对已恢复
43005210,Wandering Noble,4300,是,14,否,否,官方 1.17.1,原版存在；配对已恢复
43005212,Wandering Noble,4300,是,14,否,否,官方 1.17.1,原版存在；配对已恢复
43005230,Wandering Noble,4300,是,14,否,否,官方 1.17.1,原版存在；配对已恢复
43005233,Wandering Noble,4300,是,14,否,否,官方 1.17.1,原版存在；配对已恢复
43005252,Wandering Noble,4300,是,14,否,否,官方 1.17.1,原版存在；配对已恢复
43006000,Wandering Noble (Poisoned),4300,是,14,否,否,官方 1.17.1,原版存在；配对已恢复
43006010,Wandering Noble (Poisoned),4300,是,14,否,否,官方 1.17.1,原版存在；配对已恢复
43006012,Wandering Noble (Poisoned),4300,是,14,否,否,官方 1.17.1,原版存在；配对已恢复
43006024,Wandering Noble (Poisoned),4300,是,14,否,否,官方 1.17.1,原版存在；配对已恢复
43006030,Wandering Noble (Poisoned),4300,是,14,否,否,官方 1.17.1,原版存在；配对已恢复
43006032,Wandering Noble (Poisoned),4300,是,14,否,否,官方 1.17.1,原版存在；配对已恢复
43006033,Wandering Noble (Poisoned),4300,是,14,否,否,官方 1.17.1,原版存在；配对已恢复
43006052,Wandering Noble (Poisoned),4300,是,14,否,否,官方 1.17.1,原版存在；配对已恢复
43006100,Wandering Noble (Poisoned),4300,是,14,否,否,官方 1.17.1,原版存在；配对已恢复
43006110,Wandering Noble (Poisoned),4300,是,14,否,否,官方 1.17.1,原版存在；配对已恢复
43006112,Wandering Noble (Poisoned),4300,是,14,否,否,官方 1.17.1,原版存在；配对已恢复
43006130,Wandering Noble (Poisoned),4300,是,14,否,否,官方 1.17.1,原版存在；配对已恢复
43006133,Wandering Noble (Poisoned),4300,是,14,否,否,官方 1.17.1,原版存在；配对已恢复
43006152,Wandering Noble (Poisoned),4300,是,14,否,否,官方 1.17.1,原版存在；配对已恢复
43006200,Wandering Noble (Poisoned),4300,是,14,否,否,官方 1.17.1,原版存在；配对已恢复
43006210,Wandering Noble (Poisoned),4300,是,14,否,否,官方 1.17.1,原版存在；配对已恢复
43006212,Wandering Noble (Poisoned),4300,是,14,否,否,官方 1.17.1,原版存在；配对已恢复
43006230,Wandering Noble (Poisoned),4300,是,14,否,否,官方 1.17.1,原版存在；配对已恢复
43006233,Wandering Noble (Poisoned),4300,是,14,否,否,官方 1.17.1,原版存在；配对已恢复
43006252,Wandering Noble (Poisoned),4300,是,14,否,否,官方 1.17.1,原版存在；配对已恢复
43006300,Wandering Noble (Poisoned),4300,是,14,否,否,官方 1.17.1,原版存在；配对已恢复
43006352,Wandering Noble (Poisoned),4300,是,14,否,否,官方 1.17.1,原版存在；配对已恢复
43006600,Wandering Noble (Poisoned),4300,是,14,否,否,官方 1.17.1,原版存在；配对已恢复
43006630,Wandering Noble (Poisoned),4300,是,14,否,否,官方 1.17.1,原版存在；配对已恢复
43006633,Wandering Noble (Poisoned),4300,是,14,否,否,官方 1.17.1,原版存在；配对已恢复
43006638,Wandering Noble (Poisoned),4300,是,14,否,否,官方 1.17.1,原版存在；配对已恢复
43006700,Wandering Noble (Poisoned),4300,是,14,否,否,官方 1.17.1,原版存在；配对已恢复
43006738,Wandering Noble (Poisoned),4300,是,14,否,否,官方 1.17.1,原版存在；配对已恢复
43006800,Wandering Noble (Poisoned),4300,是,14,否,否,官方 1.17.1,原版存在；配对已恢复
43006838,Wandering Noble (Poisoned),4300,是,14,否,否,官方 1.17.1,原版存在；配对已恢复
43007000,Wandering Noble,4300,是,14,否,否,官方 1.17.1,原版存在；配对已恢复
43007010,Wandering Noble,4300,是,14,否,否,官方 1.17.1,原版存在；配对已恢复
43007012,Wandering Noble,4300,是,14,否,否,官方 1.17.1,原版存在；配对已恢复
43007020,Wandering Noble,4300,是,14,否,否,官方 1.17.1,原版存在；配对已恢复
43007030,Wandering Noble,4300,是,14,否,否,官方 1.17.1,原版存在；配对已恢复
43007040,Wandering Noble,4300,是,14,否,否,官方 1.17.1,原版存在；配对已恢复
43007052,Wandering Noble,4300,是,14,否,否,官方 1.17.1,原版存在；配对已恢复
43007100,Wandering Noble,4300,是,14,否,否,官方 1.17.1,原版存在；配对已恢复
43007110,Wandering Noble,4300,是,14,否,否,官方 1.17.1,原版存在；配对已恢复
43007112,Wandering Noble,4300,是,14,否,否,官方 1.17.1,原版存在；配对已恢复
43007120,Wandering Noble,4300,是,14,否,否,官方 1.17.1,原版存在；配对已恢复
43007130,Wandering Noble,4300,是,14,否,否,官方 1.17.1,原版存在；配对已恢复
43007150,Wandering Noble,4300,是,14,否,否,官方 1.17.1,原版存在；配对已恢复
43009000,Wandering Noble (Stranded Soul),4300,是,14,否,否,官方 1.17.1,原版存在；配对已恢复
43009010,Wandering Noble (Stranded Soul),4300,是,14,否,否,官方 1.17.1,原版存在；配对已恢复
43009012,Wandering Noble (Stranded Soul),4300,是,14,否,否,官方 1.17.1,原版存在；配对已恢复
43009100,Wandering Noble (Stranded Soul),4300,是,14,否,否,官方 1.17.1,原版存在；配对已恢复
43009110,Wandering Noble (Stranded Soul),4300,是,14,否,否,官方 1.17.1,原版存在；配对已恢复
43009120,Wandering Noble (Stranded Soul),4300,是,14,否,否,官方 1.17.1,原版存在；配对已恢复
43009130,Wandering Noble (Stranded Soul),4300,是,14,否,否,官方 1.17.1,原版存在；配对已恢复
43009132,Wandering Noble (Stranded Soul),4300,是,14,否,否,官方 1.17.1,原版存在；配对已恢复
43009140,Wandering Noble (Stranded Soul),4300,是,14,否,否,官方 1.17.1,原版存在；配对已恢复
43009150,Wandering Noble (Stranded Soul),4300,是,14,否,否,官方 1.17.1,原版存在；配对已恢复
43009200,Wandering Noble (Stranded Soul),4300,是,14,否,否,官方 1.17.1,原版存在；配对已恢复
43009212,Wandering Noble (Stranded Soul),4300,是,14,否,否,官方 1.17.1,原版存在；配对已恢复
43009220,Wandering Noble (Stranded Soul),4300,是,14,否,否,官方 1.17.1,原版存在；配对已恢复
43009232,Wandering Noble (Stranded Soul),4300,是,14,否,否,官方 1.17.1,原版存在；配对已恢复
43009240,Wandering Noble (Stranded Soul),4300,是,14,否,否,官方 1.17.1,原版存在；配对已恢复
43009250,Wandering Noble (Stranded Soul),4300,是,14,否,否,官方 1.17.1,原版存在；配对已恢复
43009252,Wandering Noble (Stranded Soul),4300,是,14,否,否,官方 1.17.1,原版存在；配对已恢复
43009300,Wandering Noble (Stranded Soul),4300,是,14,否,否,官方 1.17.1,原版存在；配对已恢复
43009320,Wandering Noble (Stranded Soul),4300,是,14,否,否,官方 1.17.1,原版存在；配对已恢复
43009330,Wandering Noble (Stranded Soul),4300,是,14,否,否,官方 1.17.1,原版存在；配对已恢复
43009332,Wandering Noble (Stranded Soul),4300,是,14,否,否,官方 1.17.1,原版存在；配对已恢复
43009340,Wandering Noble (Stranded Soul),4300,是,14,否,否,官方 1.17.1,原版存在；配对已恢复
43009350,Wandering Noble (Stranded Soul),4300,是,14,否,否,官方 1.17.1,原版存在；配对已恢复
43009352,Wandering Noble (Stranded Soul),4300,是,14,否,否,官方 1.17.1,原版存在；配对已恢复
43009366,Wandering Noble (Stranded Soul),4300,是,14,否,否,官方 1.17.1,原版存在；配对已恢复
43110000,Godrick Soldier,4311,是,13,否,否,官方 1.17.1,原版存在；配对已恢复
43110009,Godrick Soldier,4311,是,13,否,否,官方 1.17.1,原版存在；配对已恢复
43110010,Godrick Soldier,4311,是,13,否,否,官方 1.17.1,原版存在；配对已恢复
43110012,Godrick Soldier,4311,是,13,否,否,官方 1.17.1,原版存在；配对已恢复
43110013,Godrick Soldier,4311,是,13,否,否,官方 1.17.1,原版存在；配对已恢复
43110912,Godrick Soldier,4311,是,13,否,否,官方 1.17.1,原版存在；配对已恢复
43110914,Godrick Soldier (Stormveil Castle),4311,是,13,否,否,官方 1.17.1,原版存在；配对已恢复
43111100,Godrick Soldier,4311,是,13,否,否,官方 1.17.1,原版存在；配对已恢复
43111110,Godrick Soldier,4311,是,13,否,否,官方 1.17.1,原版存在；配对已恢复
43111112,Godrick Soldier,4311,是,13,否,否,官方 1.17.1,原版存在；配对已恢复
43111140,Godrick Soldier,4311,是,13,否,否,官方 1.17.1,原版存在；配对已恢复
43111200,Godrick Soldier,4311,是,13,否,否,官方 1.17.1,原版存在；配对已恢复
43111210,Godrick Soldier,4311,是,13,否,否,官方 1.17.1,原版存在；配对已恢复
43111212,Godrick Soldier,4311,是,13,否,否,官方 1.17.1,原版存在；配对已恢复
43111300,Godrick Soldier,4311,是,13,否,否,官方 1.17.1,原版存在；配对已恢复
43111306,Godrick Soldier,4311,是,13,否,否,官方 1.17.1,原版存在；配对已恢复
43111310,Godrick Soldier,4311,是,13,否,否,官方 1.17.1,原版存在；配对已恢复
43111312,Godrick Soldier,4311,是,13,否,否,官方 1.17.1,原版存在；配对已恢复
43111313,Godrick Soldier,4311,是,13,否,否,官方 1.17.1,原版存在；配对已恢复
43111400,Godrick Soldier,4311,是,13,否,否,官方 1.17.1,原版存在；配对已恢复
43111410,Godrick Soldier,4311,是,13,否,否,官方 1.17.1,原版存在；配对已恢复
43111412,Godrick Soldier,4311,是,13,否,否,官方 1.17.1,原版存在；配对已恢复
43112000,Godrick Soldier,4311,是,13,否,否,官方 1.17.1,原版存在；配对已恢复
43112010,Godrick Soldier,4311,是,13,否,否,官方 1.17.1,原版存在；配对已恢复
43112012,Godrick Soldier,4311,是,13,否,否,官方 1.17.1,原版存在；配对已恢复
43112100,Godrick Soldier,4311,是,13,否,否,官方 1.17.1,原版存在；配对已恢复
43112110,Godrick Soldier,4311,是,13,否,否,官方 1.17.1,原版存在；配对已恢复
43112112,Godrick Soldier,4311,是,13,否,否,官方 1.17.1,原版存在；配对已恢复
43112200,Godrick Soldier,4311,是,13,否,否,官方 1.17.1,原版存在；配对已恢复
43112210,Godrick Soldier,4311,是,13,否,否,官方 1.17.1,原版存在；配对已恢复
43112212,Godrick Soldier,4311,是,13,否,否,官方 1.17.1,原版存在；配对已恢复
43112300,Godrick Soldier,4311,是,13,否,否,官方 1.17.1,原版存在；配对已恢复
43112400,Godrick Soldier,4311,是,13,否,否,官方 1.17.1,原版存在；配对已恢复
43112410,Godrick Soldier,4311,是,13,否,否,官方 1.17.1,原版存在；配对已恢复
43112412,Godrick Soldier,4311,是,13,否,否,官方 1.17.1,原版存在；配对已恢复
43113000,Godrick Soldier,4311,是,13,否,否,官方 1.17.1,原版存在；配对已恢复
43113010,Godrick Soldier,4311,是,13,否,否,官方 1.17.1,原版存在；配对已恢复
43113012,Godrick Soldier,4311,是,13,否,否,官方 1.17.1,原版存在；配对已恢复
43113040,Godrick Soldier,4311,是,13,否,否,官方 1.17.1,原版存在；配对已恢复
43113906,Soldier of Godrick (Boss),4311,是,13,否,否,官方 1.17.1,原版存在；配对已恢复
43114000,Godrick Soldier,4311,是,13,否,否,官方 1.17.1,原版存在；配对已恢复
43114006,Godrick Soldier,4311,是,13,否,否,官方 1.17.1,原版存在；配对已恢复
43114010,Godrick Soldier,4311,是,13,否,否,官方 1.17.1,原版存在；配对已恢复
43114012,Godrick Soldier,4311,是,13,否,否,官方 1.17.1,原版存在；配对已恢复
43114013,Godrick Soldier,4311,是,13,否,否,官方 1.17.1,原版存在；配对已恢复
43114090,Godrick Soldier,4311,是,13,否,否,官方 1.17.1,原版存在；配对已恢复
43120000,Raya Lucaria Soldier,4312,是,13,否,否,官方 1.17.1,原版存在；配对已恢复
43120020,Raya Lucaria Soldier,4312,是,13,否,否,官方 1.17.1,原版存在；配对已恢复
43120021,Raya Lucaria Soldier,4312,是,13,否,否,官方 1.17.1,原版存在；配对已恢复
43120028,Raya Lucaria Soldier,4312,是,13,否,否,官方 1.17.1,原版存在；配对已恢复
43120100,Raya Lucaria Soldier,4312,是,13,否,否,官方 1.17.1,原版存在；配对已恢复
43120120,Raya Lucaria Soldier,4312,是,13,否,否,官方 1.17.1,原版存在；配对已恢复
43120200,Raya Lucaria Soldier,4312,是,13,否,否,官方 1.17.1,原版存在；配对已恢复
43120300,Raya Lucaria Soldier,4312,是,13,否,否,官方 1.17.1,原版存在；配对已恢复
43120320,Raya Lucaria Soldier,4312,是,13,否,否,官方 1.17.1,原版存在；配对已恢复
43120321,Raya Lucaria Soldier,4312,是,13,否,否,官方 1.17.1,原版存在；配对已恢复
43121000,Raya Lucaria Soldier,4312,是,13,否,否,官方 1.17.1,原版存在；配对已恢复
43121020,Raya Lucaria Soldier,4312,是,13,否,否,官方 1.17.1,原版存在；配对已恢复
43121021,Raya Lucaria Soldier,4312,是,13,否,否,官方 1.17.1,原版存在；配对已恢复
43121100,Raya Lucaria Soldier,4312,是,13,否,否,官方 1.17.1,原版存在；配对已恢复
43121120,Raya Lucaria Soldier,4312,是,13,否,否,官方 1.17.1,原版存在；配对已恢复
43121200,Raya Lucaria Soldier,4312,是,13,否,否,官方 1.17.1,原版存在；配对已恢复
43121300,Raya Lucaria Soldier,4312,是,13,否,否,官方 1.17.1,原版存在；配对已恢复
43121320,Raya Lucaria Soldier,4312,是,13,否,否,官方 1.17.1,原版存在；配对已恢复
43121321,Raya Lucaria Soldier,4312,是,13,否,否,官方 1.17.1,原版存在；配对已恢复
43121820,Raya Lucaria Soldier,4312,是,13,否,否,官方 1.17.1,原版存在；配对已恢复
43122000,Raya Lucaria Soldier,4312,是,13,否,否,官方 1.17.1,原版存在；配对已恢复
43122020,Raya Lucaria Soldier,4312,是,13,否,否,官方 1.17.1,原版存在；配对已恢复
43122021,Raya Lucaria Soldier,4312,是,13,否,否,官方 1.17.1,原版存在；配对已恢复
43123000,Raya Lucaria Soldier,4312,是,13,否,否,官方 1.17.1,原版存在；配对已恢复
43123020,Raya Lucaria Soldier,4312,是,13,否,否,官方 1.17.1,原版存在；配对已恢复
43123021,Raya Lucaria Soldier,4312,是,13,否,否,官方 1.17.1,原版存在；配对已恢复
43123028,Raya Lucaria Soldier,4312,是,13,否,否,官方 1.17.1,原版存在；配对已恢复
43130000,Leyndell Soldier,4313,是,13,否,否,官方 1.17.1,原版存在；配对已恢复
43130030,Leyndell Soldier,4313,是,13,否,否,官方 1.17.1,原版存在；配对已恢复
43130032,Leyndell Soldier,4313,是,13,否,否,官方 1.17.1,原版存在；配对已恢复
43130034,Leyndell Soldier  (Leyndell),4313,是,13,否,否,官方 1.17.1,原版存在；配对已恢复
43130035,Leyndell Soldier,4313,是,13,否,否,官方 1.17.1,原版存在；配对已恢复
43130100,Leyndell Soldier,4313,是,13,否,否,官方 1.17.1,原版存在；配对已恢复
43130130,Leyndell Soldier,4313,是,13,否,否,官方 1.17.1,原版存在；配对已恢复
43130132,Leyndell Soldier,4313,是,13,否,否,官方 1.17.1,原版存在；配对已恢复
43130134,Leyndell Soldier (Leyndell),4313,是,13,否,否,官方 1.17.1,原版存在；配对已恢复
43130150,Leyndell Soldier,4313,是,13,否,否,官方 1.17.1,原版存在；配对已恢复
43130200,Leyndell Soldier,4313,是,13,否,否,官方 1.17.1,原版存在；配对已恢复
43130230,Leyndell Soldier,4313,是,13,否,否,官方 1.17.1,原版存在；配对已恢复
43130232,Leyndell Soldier,4313,是,13,否,否,官方 1.17.1,原版存在；配对已恢复
43130234,Leyndell Soldier (Leyndell),4313,是,13,否,否,官方 1.17.1,原版存在；配对已恢复
43130300,Leyndell Soldier,4313,是,13,否,否,官方 1.17.1,原版存在；配对已恢复
43130330,Leyndell Soldier,4313,是,13,否,否,官方 1.17.1,原版存在；配对已恢复
43130332,Leyndell Soldier,4313,是,13,否,否,官方 1.17.1,原版存在；配对已恢复
43130334,Leyndell Soldier (Leyndell),4313,是,13,否,否,官方 1.17.1,原版存在；配对已恢复
43130335,Leyndell Soldier,4313,是,13,否,否,官方 1.17.1,原版存在；配对已恢复
43130400,Leyndell Soldier,4313,是,13,否,否,官方 1.17.1,原版存在；配对已恢复
43130435,Leyndell Soldier,4313,是,13,否,否,官方 1.17.1,原版存在；配对已恢复
43130500,Leyndell Soldier,4313,是,13,否,否,官方 1.17.1,原版存在；配对已恢复
43130535,Leyndell Soldier,4313,是,13,否,否,官方 1.17.1,原版存在；配对已恢复
43131000,Leyndell Soldier,4313,是,13,否,否,官方 1.17.1,原版存在；配对已恢复
43131030,Leyndell Soldier,4313,是,13,否,否,官方 1.17.1,原版存在；配对已恢复
43131032,Leyndell Soldier,4313,是,13,否,否,官方 1.17.1,原版存在；配对已恢复
43131034,Leyndell Soldier (Leyndell),4313,是,13,否,否,官方 1.17.1,原版存在；配对已恢复
43131100,Leyndell Soldier,4313,是,13,否,否,官方 1.17.1,原版存在；配对已恢复
43131130,Leyndell Soldier,4313,是,13,否,否,官方 1.17.1,原版存在；配对已恢复
43131132,Leyndell Soldier,4313,是,13,否,否,官方 1.17.1,原版存在；配对已恢复
43131200,Leyndell Soldier,4313,是,13,否,否,官方 1.17.1,原版存在；配对已恢复
43131300,Leyndell Soldier,4313,是,13,否,否,官方 1.17.1,原版存在；配对已恢复
43131330,Leyndell Soldier,4313,是,13,否,否,官方 1.17.1,原版存在；配对已恢复
43132000,Leyndell Soldier,4313,是,13,否,否,官方 1.17.1,原版存在；配对已恢复
43132030,Leyndell Soldier,4313,是,13,否,否,官方 1.17.1,原版存在；配对已恢复
43132032,Leyndell Soldier,4313,是,13,否,否,官方 1.17.1,原版存在；配对已恢复
43132034,Leyndell Soldier (Leyndell),4313,是,13,否,否,官方 1.17.1,原版存在；配对已恢复
43133000,Leyndell Soldier,4313,是,13,否,否,官方 1.17.1,原版存在；配对已恢复
43133030,Leyndell Soldier,4313,是,13,否,否,官方 1.17.1,原版存在；配对已恢复
43133032,Leyndell Soldier,4313,是,13,否,否,官方 1.17.1,原版存在；配对已恢复
43133034,Leyndell Soldier (Leyndell),4313,是,13,否,否,官方 1.17.1,原版存在；配对已恢复
43133035,Leyndell Soldier,4313,是,13,否,否,官方 1.17.1,原版存在；配对已恢复
43133100,Leyndell Soldier,4313,是,13,否,否,官方 1.17.1,原版存在；配对已恢复
43133135,Leyndell Soldier,4313,是,13,否,否,官方 1.17.1,原版存在；配对已恢复
43134032,Leyndell Soldier,4313,是,13,否,否,官方 1.17.1,原版存在；配对已恢复
43134132,Leyndell Soldier,4313,是,13,否,否,官方 1.17.1,原版存在；配对已恢复
43134232,Leyndell Soldier,4313,是,13,否,否,官方 1.17.1,原版存在；配对已恢复
43134332,Leyndell Soldier,4313,是,13,否,否,官方 1.17.1,原版存在；配对已恢复
43135032,Leyndell Soldier,4313,是,13,否,否,官方 1.17.1,原版存在；配对已恢复
43135132,Leyndell Soldier,4313,是,13,否,否,官方 1.17.1,原版存在；配对已恢复
43136032,Leyndell Soldier,4313,是,13,否,否,官方 1.17.1,原版存在；配对已恢复
43137032,Leyndell Soldier,4313,是,13,否,否,官方 1.17.1,原版存在；配对已恢复
43140000,Radahn Soldier,4314,是,13,否,否,官方 1.17.1,原版存在；配对已恢复
43140040,Radahn Soldier,4314,是,13,否,否,官方 1.17.1,原版存在；配对已恢复
43140041,Radahn Soldier,4314,是,13,否,否,官方 1.17.1,原版存在；配对已恢复
43140042,Radahn Soldier,4314,是,13,否,否,官方 1.17.1,原版存在；配对已恢复
43140100,Radahn Soldier,4314,是,13,否,否,官方 1.17.1,原版存在；配对已恢复
43140140,Radahn Soldier,4314,是,13,否,否,官方 1.17.1,原版存在；配对已恢复
43140200,Radahn Soldier,4314,是,13,否,否,官方 1.17.1,原版存在；配对已恢复
43140240,Radahn Soldier,4314,是,13,否,否,官方 1.17.1,原版存在；配对已恢复
43140242,Radahn Soldier,4314,是,13,否,否,官方 1.17.1,原版存在；配对已恢复
43140300,Radahn Soldier,4314,是,13,否,否,官方 1.17.1,原版存在；配对已恢复
43140340,Radahn Soldier,4314,是,13,否,否,官方 1.17.1,原版存在；配对已恢复
43140341,Radahn Soldier,4314,是,13,否,否,官方 1.17.1,原版存在；配对已恢复
43140342,Radahn Soldier,4314,是,13,否,否,官方 1.17.1,原版存在；配对已恢复
43140440,Radahn Soldier,4314,是,13,否,否,官方 1.17.1,原版存在；配对已恢复
43140500,Radahn Soldier,4314,是,13,否,否,官方 1.17.1,原版存在；配对已恢复
43140542,Radahn Soldier,4314,是,13,否,否,官方 1.17.1,原版存在；配对已恢复
43140642,Radahn Soldier,4314,是,13,否,否,官方 1.17.1,原版存在；配对已恢复
43141000,Radahn Soldier,4314,是,13,否,否,官方 1.17.1,原版存在；配对已恢复
43141040,Radahn Soldier,4314,是,13,否,否,官方 1.17.1,原版存在；配对已恢复
43141042,Radahn Soldier,4314,是,13,否,否,官方 1.17.1,原版存在；配对已恢复
43141100,Radahn Soldier,4314,是,13,否,否,官方 1.17.1,原版存在；配对已恢复
43141140,Radahn Soldier,4314,是,13,否,否,官方 1.17.1,原版存在；配对已恢复
43141141,Radahn Soldier,4314,是,13,否,否,官方 1.17.1,原版存在；配对已恢复
43141200,Radahn Soldier,4314,是,13,否,否,官方 1.17.1,原版存在；配对已恢复
43141300,Radahn Soldier,4314,是,13,否,否,官方 1.17.1,原版存在；配对已恢复
43141340,Radahn Soldier,4314,是,13,否,否,官方 1.17.1,原版存在；配对已恢复
43141342,Radahn Soldier,4314,是,13,否,否,官方 1.17.1,原版存在；配对已恢复
43141400,Radahn Soldier,4314,是,13,否,否,官方 1.17.1,原版存在；配对已恢复
43141442,Radahn Soldier,4314,是,13,否,否,官方 1.17.1,原版存在；配对已恢复
43142000,Radahn Soldier,4314,是,13,否,否,官方 1.17.1,原版存在；配对已恢复
43142040,Radahn Soldier,4314,是,13,否,否,官方 1.17.1,原版存在；配对已恢复
43142042,Radahn Soldier,4314,是,13,否,否,官方 1.17.1,原版存在；配对已恢复
43142100,Radahn Soldier,4314,是,13,否,否,官方 1.17.1,原版存在；配对已恢复
43142142,Radahn Soldier,4314,是,13,否,否,官方 1.17.1,原版存在；配对已恢复
43142242,Radahn Soldier,4314,是,13,否,否,官方 1.17.1,原版存在；配对已恢复
43143000,Radahn Soldier,4314,是,13,否,否,官方 1.17.1,原版存在；配对已恢复
43143040,Radahn Soldier,4314,是,13,否,否,官方 1.17.1,原版存在；配对已恢复
43143041,Radahn Soldier,4314,是,13,否,否,官方 1.17.1,原版存在；配对已恢复
43143042,Radahn Soldier,4314,是,13,否,否,官方 1.17.1,原版存在；配对已恢复
43143100,Radahn Soldier,4314,是,13,否,否,官方 1.17.1,原版存在；配对已恢复
43143142,Radahn Soldier,4314,是,13,否,否,官方 1.17.1,原版存在；配对已恢复
43143242,Radahn Soldier,4314,是,13,否,否,官方 1.17.1,原版存在；配对已恢复
43150000,Mausoleum Soldier,4315,是,13,否,否,官方 1.17.1,原版存在；配对已恢复
43150012,Mausoleum Soldier,4315,是,13,否,否,官方 1.17.1,原版存在；配对已恢复
43150020,Mausoleum Soldier,4315,是,13,否,否,官方 1.17.1,原版存在；配对已恢复
43150052,Mausoleum Soldier,4315,是,13,否,否,官方 1.17.1,原版存在；配对已恢复
43150066,Mausoleum Soldier,4315,是,13,否,否,官方 1.17.1,原版存在；配对已恢复
43150200,Mausoleum Soldier,4315,是,13,否,否,官方 1.17.1,原版存在；配对已恢复
43150266,Mausoleum Soldier,4315,是,13,否,否,官方 1.17.1,原版存在；配对已恢复
43150300,Mausoleum Soldier,4315,是,13,否,否,官方 1.17.1,原版存在；配对已恢复
43150320,Mausoleum Soldier,4315,是,13,否,否,官方 1.17.1,原版存在；配对已恢复
43150366,Mausoleum Soldier,4315,是,13,否,否,官方 1.17.1,原版存在；配对已恢复
43151000,Mausoleum Soldier,4315,是,13,否,否,官方 1.17.1,原版存在；配对已恢复
43151020,Mausoleum Soldier,4315,是,13,否,否,官方 1.17.1,原版存在；配对已恢复
43151052,Mausoleum Soldier,4315,是,13,否,否,官方 1.17.1,原版存在；配对已恢复
43151066,Mausoleum Soldier,4315,是,13,否,否,官方 1.17.1,原版存在；配对已恢复
43151200,Mausoleum Soldier,4315,是,13,否,否,官方 1.17.1,原版存在；配对已恢复
43151266,Mausoleum Soldier,4315,是,13,否,否,官方 1.17.1,原版存在；配对已恢复
43151300,Mausoleum Soldier,4315,是,13,否,否,官方 1.17.1,原版存在；配对已恢复
43151366,Mausoleum Soldier,4315,是,13,否,否,官方 1.17.1,原版存在；配对已恢复
43152000,Mausoleum Soldier,4315,是,13,否,否,官方 1.17.1,原版存在；配对已恢复
43152052,Mausoleum Soldier,4315,是,13,否,否,官方 1.17.1,原版存在；配对已恢复
43152066,Mausoleum Soldier,4315,是,13,否,否,官方 1.17.1,原版存在；配对已恢复
43153000,Mausoleum Soldier,4315,是,13,否,否,官方 1.17.1,原版存在；配对已恢复
43153052,Mausoleum Soldier,4315,是,13,否,否,官方 1.17.1,原版存在；配对已恢复
43153066,Mausoleum Soldier,4315,是,13,否,否,官方 1.17.1,原版存在；配对已恢复
43160000,Haligtree Soldier,4316,是,13,否,否,官方 1.17.1,原版存在；配对已恢复
43160056,Haligtree Soldier,4316,是,13,否,否,官方 1.17.1,原版存在；配对已恢复
43160100,Haligtree Soldier,4316,是,13,否,否,官方 1.17.1,原版存在；配对已恢复
43160156,Haligtree Soldier,4316,是,13,否,否,官方 1.17.1,原版存在；配对已恢复
43160200,Haligtree Soldier,4316,是,13,否,否,官方 1.17.1,原版存在；配对已恢复
43160256,Haligtree Soldier,4316,是,13,否,否,官方 1.17.1,原版存在；配对已恢复
43160300,Haligtree Soldier,4316,是,13,否,否,官方 1.17.1,原版存在；配对已恢复
43160356,Haligtree Soldier,4316,是,13,否,否,官方 1.17.1,原版存在；配对已恢复
43160556,Haligtree Soldier,4316,是,13,否,否,官方 1.17.1,原版存在；配对已恢复
43160656,Haligtree Soldier,4316,是,13,否,否,官方 1.17.1,原版存在；配对已恢复
43160756,Haligtree Soldier,4316,是,13,否,否,官方 1.17.1,原版存在；配对已恢复
43160856,Haligtree Soldier,4316,是,13,否,否,官方 1.17.1,原版存在；配对已恢复
43161000,Haligtree Soldier,4316,是,13,否,否,官方 1.17.1,原版存在；配对已恢复
43161056,Haligtree Soldier,4316,是,13,否,否,官方 1.17.1,原版存在；配对已恢复
43161100,Haligtree Soldier,4316,是,13,否,否,官方 1.17.1,原版存在；配对已恢复
43161156,Haligtree Soldier,4316,是,13,否,否,官方 1.17.1,原版存在；配对已恢复
43161200,Haligtree Soldier,4316,是,13,否,否,官方 1.17.1,原版存在；配对已恢复
43161256,Haligtree Soldier,4316,是,13,否,否,官方 1.17.1,原版存在；配对已恢复
43161300,Haligtree Soldier,4316,是,13,否,否,官方 1.17.1,原版存在；配对已恢复
43161356,Haligtree Soldier,4316,是,13,否,否,官方 1.17.1,原版存在；配对已恢复
43161556,Haligtree Soldier,4316,是,13,否,否,官方 1.17.1,原版存在；配对已恢复
43161656,Haligtree Soldier,4316,是,13,否,否,官方 1.17.1,原版存在；配对已恢复
43161756,Haligtree Soldier,4316,是,13,否,否,官方 1.17.1,原版存在；配对已恢复
43161856,Haligtree Soldier,4316,是,13,否,否,官方 1.17.1,原版存在；配对已恢复
43162000,Haligtree Soldier,4316,是,13,否,否,官方 1.17.1,原版存在；配对已恢复
43162056,Haligtree Soldier,4316,是,13,否,否,官方 1.17.1,原版存在；配对已恢复
43162556,Haligtree Soldier,4316,是,13,否,否,官方 1.17.1,原版存在；配对已恢复
43163000,Haligtree Soldier,4316,是,13,否,否,官方 1.17.1,原版存在；配对已恢复
43163056,Haligtree Soldier,4316,是,13,否,否,官方 1.17.1,原版存在；配对已恢复
43163556,Haligtree Soldier,4316,是,13,否,否,官方 1.17.1,原版存在；配对已恢复
43210000,Vulgar Militia,4321,是,13,否,否,官方 1.17.1,原版存在；配对已恢复
43210012,Vulgar Militia,4321,是,13,否,否,官方 1.17.1,原版存在；配对已恢复
43210020,Vulgar Militia,4321,是,13,否,否,官方 1.17.1,原版存在；配对已恢复
43210026,Vulgar Militia,4321,是,13,否,否,官方 1.17.1,原版存在；配对已恢复
43210030,Vulgar Militia,4321,是,13,否,否,官方 1.17.1,原版存在；配对已恢复
43210033,Vulgar Militia,4321,是,13,否,否,官方 1.17.1,原版存在；配对已恢复
43210040,Vulgar Militia,4321,是,13,否,否,官方 1.17.1,原版存在；配对已恢复
43210100,Vulgar Militia,4321,是,13,否,否,官方 1.17.1,原版存在；配对已恢复
43210142,Vulgar Militia,4321,是,13,否,否,官方 1.17.1,原版存在；配对已恢复
43210150,Vulgar Militia,4321,是,13,否,否,官方 1.17.1,原版存在；配对已恢复
43210152,Vulgar Militia,4321,是,13,否,否,官方 1.17.1,原版存在；配对已恢复
43211000,Vulgar Militia,4321,是,13,否,否,官方 1.17.1,原版存在；配对已恢复
43211012,Vulgar Militia,4321,是,13,否,否,官方 1.17.1,原版存在；配对已恢复
43211020,Vulgar Militia,4321,是,13,否,否,官方 1.17.1,原版存在；配对已恢复
43211026,Vulgar Militia,4321,是,13,否,否,官方 1.17.1,原版存在；配对已恢复
43211030,Vulgar Militia,4321,是,13,否,否,官方 1.17.1,原版存在；配对已恢复
43211040,Vulgar Militia,4321,是,13,否,否,官方 1.17.1,原版存在；配对已恢复
43211100,Vulgar Militia,4321,是,13,否,否,官方 1.17.1,原版存在；配对已恢复
43211142,Vulgar Militia,4321,是,13,否,否,官方 1.17.1,原版存在；配对已恢复
43211150,Vulgar Militia,4321,是,13,否,否,官方 1.17.1,原版存在；配对已恢复
43211152,Vulgar Militia,4321,是,13,否,否,官方 1.17.1,原版存在；配对已恢复
43212000,Vulgar Militia,4321,是,13,否,否,官方 1.17.1,原版存在；配对已恢复
43212012,Vulgar Militia,4321,是,13,否,否,官方 1.17.1,原版存在；配对已恢复
43212020,Vulgar Militia,4321,是,13,否,否,官方 1.17.1,原版存在；配对已恢复
43212026,Vulgar Militia,4321,是,13,否,否,官方 1.17.1,原版存在；配对已恢复
43212030,Vulgar Militia,4321,是,13,否,否,官方 1.17.1,原版存在；配对已恢复
43212033,Vulgar Militia,4321,是,13,否,否,官方 1.17.1,原版存在；配对已恢复
43212040,Vulgar Militia,4321,是,13,否,否,官方 1.17.1,原版存在；配对已恢复
43212100,Vulgar Militia,4321,是,13,否,否,官方 1.17.1,原版存在；配对已恢复
43212142,Vulgar Militia,4321,是,13,否,否,官方 1.17.1,原版存在；配对已恢复
43212150,Vulgar Militia,4321,是,13,否,否,官方 1.17.1,原版存在；配对已恢复
43212152,Vulgar Militia,4321,是,13,否,否,官方 1.17.1,原版存在；配对已恢复
43400000,Mad Pumpkin Head,4340,是,10,是,否,官方 1.17.1,原版存在；配对已恢复
43400001,,4340,否,10,是,否,官方 1.17.1,同模型新增变体；沿用官方处决配对
43400010,Mad Pumpkin Head,4340,是,10,是,否,官方 1.17.1,原版存在；配对已恢复
43400020,Mad Pumpkin Head,4340,是,10,是,否,官方 1.17.1,原版存在；配对已恢复
43400030,Mad Pumpkin Head,4340,是,10,是,否,官方 1.17.1,原版存在；配对已恢复
43400032,Mad Pumpkin Head,4340,是,10,是,否,官方 1.17.1,原版存在；配对已恢复
43400040,Mad Pumpkin Head,4340,是,10,是,否,官方 1.17.1,原版存在；配对已恢复
43400100,Mad Pumpkin Head,4340,是,10,是,否,官方 1.17.1,原版存在；配对已恢复
43400200,Mad Pumpkin Head,4340,是,10,是,否,官方 1.17.1,原版存在；配对已恢复
43400300,Mad Pumpkin Head,4340,是,10,是,否,官方 1.17.1,原版存在；配对已恢复
43400400,Mad Pumpkin Head,4340,是,10,是,否,官方 1.17.1,原版存在；配对已恢复
43400430,Mad Pumpkin Head,4340,是,10,是,否,官方 1.17.1,原版存在；配对已恢复
43400500,Mad Pumpkin Head,4340,是,10,是,否,官方 1.17.1,原版存在；配对已恢复
43400910,Mad Pumpkin Head (Boss),4340,是,10,是,否,官方 1.17.1,原版存在；配对已恢复
43400940,Mad Pumpkin Head (Flail),4340,是,10,是,否,官方 1.17.1,原版存在；配对已恢复
43401000,Mad Pumpkin Head,4340,是,10,是,否,官方 1.17.1,原版存在；配对已恢复
43401013,Mad Pumpkin Head,4340,是,10,是,否,官方 1.17.1,原版存在；配对已恢复
43401024,Mad Pumpkin Head,4340,是,10,是,否,官方 1.17.1,原版存在；配对已恢复
43401030,Mad Pumpkin Head,4340,是,10,是,否,官方 1.17.1,原版存在；配对已恢复
43401032,Mad Pumpkin Head,4340,是,10,是,否,官方 1.17.1,原版存在；配对已恢复
43401040,Mad Pumpkin Head,4340,是,10,是,否,官方 1.17.1,原版存在；配对已恢复
43401041,Mad Pumpkin Head,4340,是,10,是,否,官方 1.17.1,原版存在；配对已恢复
43401100,Mad Pumpkin Head,4340,是,10,是,否,官方 1.17.1,原版存在；配对已恢复
43401110,Mad Pumpkin Head,4340,是,10,是,否,官方 1.17.1,原版存在；配对已恢复
43401130,Mad Pumpkin Head,4340,是,10,是,否,官方 1.17.1,原版存在；配对已恢复
43401940,Mad Pumpkin Head (Hammer),4340,是,10,是,否,官方 1.17.1,原版存在；配对已恢复
43410000,Thin Mad Pumpkin Head,4341,是,0,否,否,官方 1.17.1,原版存在；未定义官方处决配对
43411000,Thin Mad Pumpkin Head,4341,是,0,否,否,官方 1.17.1,原版存在；配对已恢复
43510000,Godrick Knight,4351,是,13,否,否,官方 1.17.1,原版存在；配对已恢复
43510010,Godrick Knight,4351,是,13,否,否,官方 1.17.1,原版存在；配对已恢复
43510100,Godrick Knight,4351,是,13,否,否,官方 1.17.1,原版存在；配对已恢复
43510110,Godrick Knight (Blood),4351,是,13,否,否,官方 1.17.1,原版存在；配对已恢复
43511000,Godrick Knight,4351,是,13,否,否,官方 1.17.1,原版存在；配对已恢复
43511010,Godrick Knight,4351,是,13,否,否,官方 1.17.1,原版存在；配对已恢复
43511100,Godrick Knight,4351,是,13,否,否,官方 1.17.1,原版存在；配对已恢复
43511110,Godrick Knight,4351,是,13,否,否,官方 1.17.1,原版存在；配对已恢复
43511112,Godrick Knight,4351,是,13,否,否,官方 1.17.1,原版存在；配对已恢复
43512000,Godrick Knight,4351,是,13,否,否,官方 1.17.1,原版存在；配对已恢复
43520000,Cuckoo Knight,4352,是,13,否,否,官方 1.17.1,原版存在；配对已恢复
43520020,Cuckoo Knight,4352,是,13,否,否,官方 1.17.1,原版存在；配对已恢复
43521000,Cuckoo Knight,4352,是,13,否,否,官方 1.17.1,原版存在；配对已恢复
43521100,Cuckoo Knight,4352,是,13,否,否,官方 1.17.1,原版存在；配对已恢复
43521120,Cuckoo Knight,4352,是,13,否,否,官方 1.17.1,原版存在；配对已恢复
43522000,Cuckoo Knight,4352,是,13,否,否,官方 1.17.1,原版存在；配对已恢复
43530000,Leyndell Knight,4353,是,13,否,否,官方 1.17.1,原版存在；配对已恢复
43530020,Leyndell Knight,4353,是,13,否,否,官方 1.17.1,原版存在；配对已恢复
43530030,Leyndell Knight,4353,是,13,否,否,官方 1.17.1,原版存在；配对已恢复
43530032,Leyndell Knight,4353,是,13,否,否,官方 1.17.1,原版存在；配对已恢复
43530034,Leyndell Knight (Leyndell),4353,是,13,否,否,官方 1.17.1,原版存在；配对已恢复
43530035,Leyndell Knight,4353,是,13,否,否,官方 1.17.1,原版存在；配对已恢复
43530036,Leyndell Knight,4353,是,13,否,否,官方 1.17.1,原版存在；配对已恢复
43530100,Leyndell Knight,4353,是,13,否,否,官方 1.17.1,原版存在；配对已恢复
43530132,Leyndell Knight,4353,是,13,否,否,官方 1.17.1,原版存在；配对已恢复
43530200,Leyndell Knight,4353,是,13,否,否,官方 1.17.1,原版存在；配对已恢复
43530235,Leyndell Knight,4353,是,13,否,否,官方 1.17.1,原版存在；配对已恢复
43530500,Leyndell Knight,4353,是,13,否,否,官方 1.17.1,原版存在；配对已恢复
43530534,Leyndell Knight (Leyndell),4353,是,13,否,否,官方 1.17.1,原版存在；配对已恢复
43531000,Leyndell Knight,4353,是,13,否,否,官方 1.17.1,原版存在；配对已恢复
43531030,Leyndell Knight,4353,是,13,否,否,官方 1.17.1,原版存在；配对已恢复
43531032,Leyndell Knight,4353,是,13,否,否,官方 1.17.1,原版存在；配对已恢复
43531034,Leyndell Knight (Leyndell),4353,是,13,否,否,官方 1.17.1,原版存在；配对已恢复
43531036,Leyndell Knight,4353,是,13,否,否,官方 1.17.1,原版存在；配对已恢复
43531100,Leyndell Knight,4353,是,13,否,否,官方 1.17.1,原版存在；配对已恢复
43531130,Leyndell Knight,4353,是,13,否,否,官方 1.17.1,原版存在；配对已恢复
43531132,Leyndell Knight,4353,是,13,否,否,官方 1.17.1,原版存在；配对已恢复
43531136,Leyndell Knight,4353,是,13,否,否,官方 1.17.1,原版存在；配对已恢复
43531150,Leyndell Knight,4353,是,13,否,否,官方 1.17.1,原版存在；配对已恢复
43531200,Leyndell Knight,4353,是,13,否,否,官方 1.17.1,原版存在；配对已恢复
43531232,Leyndell Knight,4353,是,13,否,否,官方 1.17.1,原版存在；配对已恢复
43531234,Leyndell Knight (Leyndell),4353,是,13,否,否,官方 1.17.1,原版存在；配对已恢复
43531300,Leyndell Knight,4353,是,13,否,否,官方 1.17.1,原版存在；配对已恢复
43531500,Leyndell Knight,4353,是,13,否,否,官方 1.17.1,原版存在；配对已恢复
43531534,Leyndell Knight (Leyndell),4353,是,13,否,否,官方 1.17.1,原版存在；配对已恢复
43532000,Leyndell Knight,4353,是,13,否,否,官方 1.17.1,原版存在；配对已恢复
43532030,Leyndell Knight,4353,是,13,否,否,官方 1.17.1,原版存在；配对已恢复
43532034,Leyndell Knight - Archer (Leyndell),4353,是,13,否,否,官方 1.17.1,原版存在；配对已恢复
43532050,Leyndell Knight,4353,是,13,否,否,官方 1.17.1,原版存在；配对已恢复
43532100,Leyndell Knight,4353,是,13,否,否,官方 1.17.1,原版存在；配对已恢复
43540000,Redmane Knight,4354,是,13,否,否,官方 1.17.1,原版存在；配对已恢复
43540040,Redmane Knight,4354,是,13,否,否,官方 1.17.1,原版存在；配对已恢复
43540041,Redmane Knight,4354,是,13,否,否,官方 1.17.1,原版存在；配对已恢复
43540042,Redmane Knight,4354,是,13,否,否,官方 1.17.1,原版存在；配对已恢复
43540200,Redmane Knight,4354,是,13,否,否,官方 1.17.1,原版存在；配对已恢复
43540242,Redmane Knight,4354,是,13,否,否,官方 1.17.1,原版存在；配对已恢复
43540342,Redmane Knight,4354,是,13,否,否,官方 1.17.1,原版存在；配对已恢复
43541000,Redmane Knight,4354,是,13,否,否,官方 1.17.1,原版存在；配对已恢复
43541040,Redmane Knight,4354,是,13,否,否,官方 1.17.1,原版存在；配对已恢复
43541041,Redmane Knight,4354,是,13,否,否,官方 1.17.1,原版存在；配对已恢复
43541042,Redmane Knight,4354,是,13,否,否,官方 1.17.1,原版存在；配对已恢复
43541100,Redmane Knight,4354,是,13,否,否,官方 1.17.1,原版存在；配对已恢复
43541140,Redmane Knight,4354,是,13,否,否,官方 1.17.1,原版存在；配对已恢复
43541200,Redmane Knight,4354,是,13,否,否,官方 1.17.1,原版存在；配对已恢复
43541242,Redmane Knight,4354,是,13,否,否,官方 1.17.1,原版存在；配对已恢复
43542000,Redmane Knight,4354,是,13,否,否,官方 1.17.1,原版存在；配对已恢复
43542040,Redmane Knight,4354,是,13,否,否,官方 1.17.1,原版存在；配对已恢复
43542042,Redmane Knight,4354,是,13,否,否,官方 1.17.1,原版存在；配对已恢复
43542200,Redmane Knight,4354,是,13,否,否,官方 1.17.1,原版存在；配对已恢复
43542242,Redmane Knight,4354,是,13,否,否,官方 1.17.1,原版存在；配对已恢复
43550000,Mausoleum Knight,4355,是,13,否,否,官方 1.17.1,原版存在；配对已恢复
43550020,Mausoleum Knight,4355,是,13,否,否,官方 1.17.1,原版存在；配对已恢复
43550052,Mausoleum Knight,4355,是,13,否,否,官方 1.17.1,原版存在；配对已恢复
43550066,Mausoleum Knight,4355,是,13,否,否,官方 1.17.1,原版存在；配对已恢复
43551000,Mausoleum Knight,4355,是,13,否,否,官方 1.17.1,原版存在；配对已恢复
43551052,Mausoleum Knight,4355,是,13,否,否,官方 1.17.1,原版存在；配对已恢复
43551066,Mausoleum Knight,4355,是,13,否,否,官方 1.17.1,原版存在；配对已恢复
43551100,Mausoleum Knight,4355,是,13,否,否,官方 1.17.1,原版存在；配对已恢复
43551152,Mausoleum Knight,4355,是,13,否,否,官方 1.17.1,原版存在；配对已恢复
43551166,Mausoleum Knight,4355,是,13,否,否,官方 1.17.1,原版存在；配对已恢复
43552000,Mausoleum Knight,4355,是,13,否,否,官方 1.17.1,原版存在；配对已恢复
43552052,Mausoleum Knight,4355,是,13,否,否,官方 1.17.1,原版存在；配对已恢复
43552066,Mausoleum Knight,4355,是,13,否,否,官方 1.17.1,原版存在；配对已恢复
43560000,Haligtree Knight,4356,是,13,否,否,官方 1.17.1,原版存在；配对已恢复
43560034,Haligtree Knight (Leyndell),4356,是,13,否,否,官方 1.17.1,原版存在；配对已恢复
43560056,Haligtree Knight,4356,是,13,否,否,官方 1.17.1,原版存在；配对已恢复
43560556,Haligtree Knight,4356,是,13,否,否,官方 1.17.1,原版存在；配对已恢复
43561000,Haligtree Knight,4356,是,13,否,否,官方 1.17.1,原版存在；配对已恢复
43561056,Haligtree Knight,4356,是,13,否,否,官方 1.17.1,原版存在；配对已恢复
43561556,Haligtree Knight,4356,是,13,否,否,官方 1.17.1,原版存在；配对已恢复
43562000,Haligtree Knight,4356,是,13,否,否,官方 1.17.1,原版存在；配对已恢复
43562056,Haligtree Knight,4356,是,13,否,否,官方 1.17.1,原版存在；配对已恢复
43562556,Haligtree Knight,4356,是,13,否,否,官方 1.17.1,原版存在；配对已恢复
43580000,,4358,是,13,否,否,官方 1.17.1,原版存在；配对已恢复
43581000,,4358,是,13,否,否,官方 1.17.1,原版存在；配对已恢复
43581100,,4358,是,13,否,否,官方 1.17.1,原版存在；配对已恢复
43582000,,4358,是,13,否,否,官方 1.17.1,原版存在；配对已恢复
43610000,Godrick Knight's Horse,4361,是,0,否,否,官方 1.17.1,原版存在；未定义官方处决配对
43610010,Godrick Knight's Horse,4361,是,0,否,否,官方 1.17.1,原版存在；配对已恢复
43610012,Godrick Knight's Horse,4361,是,0,否,否,官方 1.17.1,原版存在；配对已恢复
43610100,Godrick Knight's Horse,4361,是,0,否,否,官方 1.17.1,原版存在；配对已恢复
43620000,Cuckoo Knight's Horse,4362,是,0,否,否,官方 1.17.1,原版存在；未定义官方处决配对
43620020,Cuckoo Knight's Horse,4362,是,0,否,否,官方 1.17.1,原版存在；配对已恢复
43620100,Cuckoo Knight's Horse,4362,是,0,否,否,官方 1.17.1,原版存在；配对已恢复
43630000,Leyndell Knight's Horse,4363,是,0,否,否,官方 1.17.1,原版存在；未定义官方处决配对
43630030,Leyndell Knight's Horse,4363,是,0,否,否,官方 1.17.1,原版存在；配对已恢复
43630050,Leyndell Knight's Horse,4363,是,0,否,否,官方 1.17.1,原版存在；配对已恢复
43630100,Leyndell Knight's Horse,4363,是,0,否,否,官方 1.17.1,原版存在；配对已恢复
43640000,Redmane Knight's Horse,4364,是,0,否,否,官方 1.17.1,原版存在；未定义官方处决配对
43640040,Redmane Knight's Horse,4364,是,0,否,否,官方 1.17.1,原版存在；配对已恢复
43640100,Redmane Knight's Horse,4364,是,0,否,否,官方 1.17.1,原版存在；配对已恢复
43650000,Mausoleum Knight's Horse,4365,是,0,否,否,官方 1.17.1,原版存在；未定义官方处决配对
43650052,Mausoleum Knight's Horse,4365,是,0,否,否,官方 1.17.1,原版存在；配对已恢复
43650066,Mausoleum Knight's Horse,4365,是,0,否,否,官方 1.17.1,原版存在；配对已恢复
43680000,,4368,是,0,否,否,官方 1.17.1,原版存在；未定义官方处决配对
43680100,,4368,是,0,否,否,官方 1.17.1,原版存在；配对已恢复
43710000,Godrick Foot Soldier,4371,是,13,否,否,官方 1.17.1,原版存在；配对已恢复
43710010,Godrick Foot Soldier,4371,是,13,否,否,官方 1.17.1,原版存在；配对已恢复
43710012,Godrick Foot Soldier,4371,是,13,否,否,官方 1.17.1,原版存在；配对已恢复
43710013,Godrick Foot Soldier,4371,是,13,否,否,官方 1.17.1,原版存在；配对已恢复
43710040,Godrick Foot Soldier,4371,是,13,否,否,官方 1.17.1,原版存在；配对已恢复
43710500,Godrick Foot Soldier,4371,是,13,否,否,官方 1.17.1,原版存在；配对已恢复
43710510,Godrick Foot Soldier,4371,是,13,否,否,官方 1.17.1,原版存在；配对已恢复
43710512,Godrick Foot Soldier,4371,是,13,否,否,官方 1.17.1,原版存在；配对已恢复
43710540,Godrick Foot Soldier,4371,是,13,否,否,官方 1.17.1,原版存在；配对已恢复
43711000,Godrick Foot Soldier,4371,是,13,否,否,官方 1.17.1,原版存在；配对已恢复
43711010,Godrick Foot Soldier,4371,是,13,否,否,官方 1.17.1,原版存在；配对已恢复
43711012,Godrick Foot Soldier,4371,是,13,否,否,官方 1.17.1,原版存在；配对已恢复
43711040,Godrick Foot Soldier,4371,是,13,否,否,官方 1.17.1,原版存在；配对已恢复
43711400,Godrick Foot Soldier,4371,是,13,否,否,官方 1.17.1,原版存在；配对已恢复
43711500,Godrick Foot Soldier,4371,是,13,否,否,官方 1.17.1,原版存在；配对已恢复
43711510,Godrick Foot Soldier,4371,是,13,否,否,官方 1.17.1,原版存在；配对已恢复
43711512,Godrick Foot Soldier,4371,是,13,否,否,官方 1.17.1,原版存在；配对已恢复
43711600,Godrick Foot Soldier,4371,是,13,否,否,官方 1.17.1,原版存在；配对已恢复
43711612,Godrick Foot Soldier,4371,是,13,否,否,官方 1.17.1,原版存在；配对已恢复
43711700,Godrick Foot Soldier,4371,是,13,否,否,官方 1.17.1,原版存在；配对已恢复
43711710,Godrick Foot Soldier,4371,是,13,否,否,官方 1.17.1,原版存在；配对已恢复
43711712,Godrick Foot Soldier,4371,是,13,否,否,官方 1.17.1,原版存在；配对已恢复
43711800,Godrick Foot Soldier,4371,是,13,否,否,官方 1.17.1,原版存在；配对已恢复
43711812,Godrick Foot Soldier,4371,是,13,否,否,官方 1.17.1,原版存在；配对已恢复
43712000,Godrick Foot Soldier,4371,是,13,否,否,官方 1.17.1,原版存在；配对已恢复
43712010,Godrick Foot Soldier,4371,是,13,否,否,官方 1.17.1,原版存在；配对已恢复
43712012,Godrick Foot Soldier,4371,是,13,否,否,官方 1.17.1,原版存在；配对已恢复
43712500,Godrick Foot Soldier,4371,是,13,否,否,官方 1.17.1,原版存在；配对已恢复
43712510,Godrick Foot Soldier,4371,是,13,否,否,官方 1.17.1,原版存在；配对已恢复
43712512,Godrick Foot Soldier,4371,是,13,否,否,官方 1.17.1,原版存在；配对已恢复
43712540,Godrick Foot Soldier,4371,是,13,否,否,官方 1.17.1,原版存在；配对已恢复
43713000,Godrick Foot Soldier,4371,是,13,否,否,官方 1.17.1,原版存在；配对已恢复
43713010,Godrick Foot Soldier,4371,是,13,否,否,官方 1.17.1,原版存在；配对已恢复
43713012,Godrick Foot Soldier,4371,是,13,否,否,官方 1.17.1,原版存在；配对已恢复
43713040,Godrick Foot Soldier,4371,是,13,否,否,官方 1.17.1,原版存在；配对已恢复
43714000,Godrick Foot Soldier,4371,是,13,否,否,官方 1.17.1,原版存在；配对已恢复
43714010,Godrick Foot Soldier,4371,是,13,否,否,官方 1.17.1,原版存在；配对已恢复
43714012,Godrick Foot Soldier,4371,是,13,否,否,官方 1.17.1,原版存在；配对已恢复
43714013,Godrick Foot Soldier,4371,是,13,否,否,官方 1.17.1,原版存在；配对已恢复
43714040,Godrick Foot Soldier,4371,是,13,否,否,官方 1.17.1,原版存在；配对已恢复
43716000,Godrick Foot Soldier,4371,是,13,否,否,官方 1.17.1,原版存在；配对已恢复
43716010,Godrick Foot Soldier,4371,是,13,否,否,官方 1.17.1,原版存在；配对已恢复
43716012,Godrick Foot Soldier,4371,是,13,否,否,官方 1.17.1,原版存在；配对已恢复
43716040,Godrick Foot Soldier,4371,是,13,否,否,官方 1.17.1,原版存在；配对已恢复
43717000,Godrick Foot Soldier,4371,是,13,否,否,官方 1.17.1,原版存在；配对已恢复
43717010,Godrick Foot Soldier,4371,是,13,否,否,官方 1.17.1,原版存在；配对已恢复
43717012,Godrick Foot Soldier,4371,是,13,否,否,官方 1.17.1,原版存在；配对已恢复
43720000,Raya Lucaria Foot Soldier,4372,是,13,否,否,官方 1.17.1,原版存在；配对已恢复
43720020,Raya Lucaria Foot Soldier,4372,是,13,否,否,官方 1.17.1,原版存在；配对已恢复
43720500,Raya Lucaria Foot Soldier,4372,是,13,否,否,官方 1.17.1,原版存在；配对已恢复
43720520,Raya Lucaria Foot Soldier,4372,是,13,否,否,官方 1.17.1,原版存在；配对已恢复
43721000,Raya Lucaria Foot Soldier,4372,是,13,否,否,官方 1.17.1,原版存在；配对已恢复
43721400,Raya Lucaria Foot Soldier,4372,是,13,否,否,官方 1.17.1,原版存在；配对已恢复
43721500,Raya Lucaria Foot Soldier,4372,是,13,否,否,官方 1.17.1,原版存在；配对已恢复
43721600,Raya Lucaria Foot Soldier,4372,是,13,否,否,官方 1.17.1,原版存在；配对已恢复
43721700,Raya Lucaria Foot Soldier,4372,是,13,否,否,官方 1.17.1,原版存在；配对已恢复
43721800,Raya Lucaria Foot Soldier,4372,是,13,否,否,官方 1.17.1,原版存在；配对已恢复
43721820,Raya Lucaria Foot Soldier,4372,是,13,否,否,官方 1.17.1,原版存在；配对已恢复
43722000,Raya Lucaria Foot Soldier,4372,是,13,否,否,官方 1.17.1,原版存在；配对已恢复
43722020,Raya Lucaria Foot Soldier,4372,是,13,否,否,官方 1.17.1,原版存在；配对已恢复
43722500,Raya Lucaria Foot Soldier,4372,是,13,否,否,官方 1.17.1,原版存在；配对已恢复
43723000,Raya Lucaria Foot Soldier,4372,是,13,否,否,官方 1.17.1,原版存在；配对已恢复
43723020,Raya Lucaria Foot Soldier,4372,是,13,否,否,官方 1.17.1,原版存在；配对已恢复
43724000,Raya Lucaria Foot Soldier,4372,是,13,否,否,官方 1.17.1,原版存在；配对已恢复
43724020,Raya Lucaria Foot Soldier,4372,是,13,否,否,官方 1.17.1,原版存在；配对已恢复
43726000,Raya Lucaria Foot Soldier,4372,是,13,否,否,官方 1.17.1,原版存在；配对已恢复
43727000,Raya Lucaria Foot Soldier,4372,是,13,否,否,官方 1.17.1,原版存在；配对已恢复
43727020,Raya Lucaria Foot Soldier,4372,是,13,否,否,官方 1.17.1,原版存在；配对已恢复
43728000,Raya Lucaria Foot Soldier,4372,是,13,否,否,官方 1.17.1,原版存在；配对已恢复
43728100,Raya Lucaria Foot Soldier,4372,是,13,否,否,官方 1.17.1,原版存在；配对已恢复
43728200,Raya Lucaria Foot Soldier,4372,是,13,否,否,官方 1.17.1,原版存在；配对已恢复
43728300,Raya Lucaria Foot Soldier,4372,是,13,否,否,官方 1.17.1,原版存在；配对已恢复
43728400,Raya Lucaria Foot Soldier,4372,是,13,否,否,官方 1.17.1,原版存在；配对已恢复
43730000,Leyndell Foot Soldier,4373,是,13,否,否,官方 1.17.1,原版存在；配对已恢复
43730030,Leyndell Foot Soldier,4373,是,13,否,否,官方 1.17.1,原版存在；配对已恢复
43730032,Leyndell Foot Soldier,4373,是,13,否,否,官方 1.17.1,原版存在；配对已恢复
43730033,Leyndell Foot Soldier,4373,是,13,否,否,官方 1.17.1,原版存在；配对已恢复
43730500,Leyndell Foot Soldier,4373,是,13,否,否,官方 1.17.1,原版存在；配对已恢复
43730530,Leyndell Foot Soldier,4373,是,13,否,否,官方 1.17.1,原版存在；配对已恢复
43730532,Leyndell Foot Soldier,4373,是,13,否,否,官方 1.17.1,原版存在；配对已恢复
43730534,Leyndell Foot Soldier (Leyndell),4373,是,13,否,否,官方 1.17.1,原版存在；配对已恢复
43731000,Leyndell Foot Soldier,4373,是,13,否,否,官方 1.17.1,原版存在；配对已恢复
43731030,Leyndell Foot Soldier,4373,是,13,否,否,官方 1.17.1,原版存在；配对已恢复
43731050,Leyndell Foot Soldier,4373,是,13,否,否,官方 1.17.1,原版存在；配对已恢复
43731400,Leyndell Foot Soldier,4373,是,13,否,否,官方 1.17.1,原版存在；配对已恢复
43731500,Leyndell Foot Soldier,4373,是,13,否,否,官方 1.17.1,原版存在；配对已恢复
43731530,Leyndell Foot Soldier,4373,是,13,否,否,官方 1.17.1,原版存在；配对已恢复
43731600,Leyndell Foot Soldier,4373,是,13,否,否,官方 1.17.1,原版存在；配对已恢复
43731630,Leyndell Foot Soldier,4373,是,13,否,否,官方 1.17.1,原版存在；配对已恢复
43731700,Leyndell Foot Soldier,4373,是,13,否,否,官方 1.17.1,原版存在；配对已恢复
43731730,Leyndell Foot Soldier,4373,是,13,否,否,官方 1.17.1,原版存在；配对已恢复
43731732,Leyndell Foot Soldier,4373,是,13,否,否,官方 1.17.1,原版存在；配对已恢复
43731800,Leyndell Foot Soldier,4373,是,13,否,否,官方 1.17.1,原版存在；配对已恢复
43732000,Leyndell Foot Soldier,4373,是,13,否,否,官方 1.17.1,原版存在；配对已恢复
43732030,Leyndell Foot Soldier,4373,是,13,否,否,官方 1.17.1,原版存在；配对已恢复
43732500,Leyndell Foot Soldier,4373,是,13,否,否,官方 1.17.1,原版存在；配对已恢复
43732530,Leyndell Foot Soldier,4373,是,13,否,否,官方 1.17.1,原版存在；配对已恢复
43732534,Leyndell Foot Soldier (Leyndell),4373,是,13,否,否,官方 1.17.1,原版存在；配对已恢复
43733000,Leyndell Foot Soldier,4373,是,13,否,否,官方 1.17.1,原版存在；配对已恢复
43734000,Leyndell Foot Soldier,4373,是,13,否,否,官方 1.17.1,原版存在；配对已恢复
43734030,Leyndell Foot Soldier,4373,是,13,否,否,官方 1.17.1,原版存在；配对已恢复
43734032,Leyndell Foot Soldier,4373,是,13,否,否,官方 1.17.1,原版存在；配对已恢复
43734034,Leyndell Foot Soldier (Leyndell),4373,是,13,否,否,官方 1.17.1,原版存在；配对已恢复
43734035,Leyndell Foot Soldier,4373,是,13,否,否,官方 1.17.1,原版存在；配对已恢复
43734050,Leyndell Foot Soldier,4373,是,13,否,否,官方 1.17.1,原版存在；配对已恢复
43734500,Leyndell Foot Soldier,4373,是,13,否,否,官方 1.17.1,原版存在；配对已恢复
43734535,Leyndell Foot Soldier,4373,是,13,否,否,官方 1.17.1,原版存在；配对已恢复
43736000,Leyndell Foot Soldier,4373,是,13,否,否,官方 1.17.1,原版存在；配对已恢复
43736030,Leyndell Foot Soldier,4373,是,13,否,否,官方 1.17.1,原版存在；配对已恢复
43736032,Leyndell Foot Soldier,4373,是,13,否,否,官方 1.17.1,原版存在；配对已恢复
43737000,Leyndell Foot Soldier,4373,是,13,否,否,官方 1.17.1,原版存在；配对已恢复
43737030,Leyndell Foot Soldier,4373,是,13,否,否,官方 1.17.1,原版存在；配对已恢复
43737032,Leyndell Foot Soldier,4373,是,13,否,否,官方 1.17.1,原版存在；配对已恢复
43737033,Leyndell Foot Soldier,4373,是,13,否,否,官方 1.17.1,原版存在；配对已恢复
43737050,Leyndell Foot Soldier,4373,是,13,否,否,官方 1.17.1,原版存在；配对已恢复
43738000,Leyndell Foot Soldier,4373,是,13,否,否,官方 1.17.1,原版存在；配对已恢复
43738032,Leyndell Foot Soldier,4373,是,13,否,否,官方 1.17.1,原版存在；配对已恢复
43738100,Leyndell Foot Soldier,4373,是,13,否,否,官方 1.17.1,原版存在；配对已恢复
43738200,Leyndell Foot Soldier,4373,是,13,否,否,官方 1.17.1,原版存在；配对已恢复
43738300,Leyndell Foot Soldier,4373,是,13,否,否,官方 1.17.1,原版存在；配对已恢复
43738400,Leyndell Foot Soldier,4373,是,13,否,否,官方 1.17.1,原版存在；配对已恢复
43740000,Radahn Foot Soldier,4374,是,13,否,否,官方 1.17.1,原版存在；配对已恢复
43740040,Radahn Foot Soldier,4374,是,13,否,否,官方 1.17.1,原版存在；配对已恢复
43740041,Radahn Foot Soldier,4374,是,13,否,否,官方 1.17.1,原版存在；配对已恢复
43740042,Radahn Foot Soldier,4374,是,13,否,否,官方 1.17.1,原版存在；配对已恢复
43740342,Radahn Foot Soldier,4374,是,13,否,否,官方 1.17.1,原版存在；配对已恢复
43740500,Radahn Foot Soldier,4374,是,13,否,否,官方 1.17.1,原版存在；配对已恢复
43740540,Radahn Foot Soldier,4374,是,13,否,否,官方 1.17.1,原版存在；配对已恢复
43740541,Radahn Foot Soldier,4374,是,13,否,否,官方 1.17.1,原版存在；配对已恢复
43740542,Radahn Foot Soldier,4374,是,13,否,否,官方 1.17.1,原版存在；配对已恢复
43741000,Radahn Foot Soldier,4374,是,13,否,否,官方 1.17.1,原版存在；配对已恢复
43741040,Radahn Foot Soldier,4374,是,13,否,否,官方 1.17.1,原版存在；配对已恢复
43741400,Radahn Foot Soldier,4374,是,13,否,否,官方 1.17.1,原版存在；配对已恢复
43741441,Radahn Foot Soldier,4374,是,13,否,否,官方 1.17.1,原版存在；配对已恢复
43741500,Radahn Foot Soldier,4374,是,13,否,否,官方 1.17.1,原版存在；配对已恢复
43741541,Radahn Foot Soldier,4374,是,13,否,否,官方 1.17.1,原版存在；配对已恢复
43741600,Radahn Foot Soldier,4374,是,13,否,否,官方 1.17.1,原版存在；配对已恢复
43741700,Radahn Foot Soldier,4374,是,13,否,否,官方 1.17.1,原版存在；配对已恢复
43741800,Radahn Foot Soldier,4374,是,13,否,否,官方 1.17.1,原版存在；配对已恢复
43741841,Radahn Foot Soldier,4374,是,13,否,否,官方 1.17.1,原版存在；配对已恢复
43742000,Radahn Foot Soldier,4374,是,13,否,否,官方 1.17.1,原版存在；配对已恢复
43742040,Radahn Foot Soldier,4374,是,13,否,否,官方 1.17.1,原版存在；配对已恢复
43742041,Radahn Foot Soldier,4374,是,13,否,否,官方 1.17.1,原版存在；配对已恢复
43742042,Radahn Foot Soldier,4374,是,13,否,否,官方 1.17.1,原版存在；配对已恢复
43742500,Radahn Foot Soldier,4374,是,13,否,否,官方 1.17.1,原版存在；配对已恢复
43742540,Radahn Foot Soldier,4374,是,13,否,否,官方 1.17.1,原版存在；配对已恢复
43743000,Radahn Foot Soldier,4374,是,13,否,否,官方 1.17.1,原版存在；配对已恢复
43743040,Radahn Foot Soldier,4374,是,13,否,否,官方 1.17.1,原版存在；配对已恢复
43744000,Radahn Foot Soldier,4374,是,13,否,否,官方 1.17.1,原版存在；配对已恢复
43746000,Radahn Foot Soldier,4374,是,13,否,否,官方 1.17.1,原版存在；配对已恢复
43746040,Radahn Foot Soldier,4374,是,13,否,否,官方 1.17.1,原版存在；配对已恢复
43746041,Radahn Foot Soldier,4374,是,13,否,否,官方 1.17.1,原版存在；配对已恢复
43746042,Radahn Foot Soldier,4374,是,13,否,否,官方 1.17.1,原版存在；配对已恢复
43747000,Radahn Foot Soldier,4374,是,13,否,否,官方 1.17.1,原版存在；配对已恢复
43747040,Radahn Foot Soldier,4374,是,13,否,否,官方 1.17.1,原版存在；配对已恢复
43747041,Radahn Foot Soldier,4374,是,13,否,否,官方 1.17.1,原版存在；配对已恢复
43747042,Radahn Foot Soldier,4374,是,13,否,否,官方 1.17.1,原版存在；配对已恢复
43750000,Mausoleum Foot Soldier,4375,是,13,否,否,官方 1.17.1,原版存在；配对已恢复
43750500,Mausoleum Foot Soldier,4375,是,13,否,否,官方 1.17.1,原版存在；配对已恢复
43751000,Mausoleum Foot Soldier,4375,是,13,否,否,官方 1.17.1,原版存在；配对已恢复
43751052,Mausoleum Foot Soldier,4375,是,13,否,否,官方 1.17.1,原版存在；配对已恢复
43752000,Mausoleum Foot Soldier,4375,是,13,否,否,官方 1.17.1,原版存在；配对已恢复
43752500,Mausoleum Foot Soldier,4375,是,13,否,否,官方 1.17.1,原版存在；配对已恢复
43753000,Mausoleum Foot Soldier,4375,是,13,否,否,官方 1.17.1,原版存在；配对已恢复
43754000,Mausoleum Foot Soldier,4375,是,13,否,否,官方 1.17.1,原版存在；配对已恢复
43756000,Mausoleum Foot Soldier,4375,是,13,否,否,官方 1.17.1,原版存在；配对已恢复
43760000,Haligtree Foot Soldier,4376,是,13,否,否,官方 1.17.1,原版存在；配对已恢复
43760056,Haligtree Foot Soldier,4376,是,13,否,否,官方 1.17.1,原版存在；配对已恢复
43760500,Haligtree Foot Soldier,4376,是,13,否,否,官方 1.17.1,原版存在；配对已恢复
43760556,Haligtree Foot Soldier,4376,是,13,否,否,官方 1.17.1,原版存在；配对已恢复
43761000,Haligtree Foot Soldier,4376,是,13,否,否,官方 1.17.1,原版存在；配对已恢复
43761400,Haligtree Foot Soldier,4376,是,13,否,否,官方 1.17.1,原版存在；配对已恢复
43761500,Haligtree Foot Soldier,4376,是,13,否,否,官方 1.17.1,原版存在；配对已恢复
43761556,Haligtree Foot Soldier,4376,是,13,否,否,官方 1.17.1,原版存在；配对已恢复
43761600,Haligtree Foot Soldier,4376,是,13,否,否,官方 1.17.1,原版存在；配对已恢复
43761656,Haligtree Foot Soldier,4376,是,13,否,否,官方 1.17.1,原版存在；配对已恢复
43761700,Haligtree Foot Soldier,4376,是,13,否,否,官方 1.17.1,原版存在；配对已恢复
43761756,Haligtree Foot Soldier,4376,是,13,否,否,官方 1.17.1,原版存在；配对已恢复
43761800,Haligtree Foot Soldier,4376,是,13,否,否,官方 1.17.1,原版存在；配对已恢复
43762000,Haligtree Foot Soldier,4376,是,13,否,否,官方 1.17.1,原版存在；配对已恢复
43762500,Haligtree Foot Soldier,4376,是,13,否,否,官方 1.17.1,原版存在；配对已恢复
43763000,Haligtree Foot Soldier,4376,是,13,否,否,官方 1.17.1,原版存在；配对已恢复
43764000,Haligtree Foot Soldier,4376,是,13,否,否,官方 1.17.1,原版存在；配对已恢复
43764056,Haligtree Foot Soldier,4376,是,13,否,否,官方 1.17.1,原版存在；配对已恢复
43766000,Haligtree Foot Soldier,4376,是,13,否,否,官方 1.17.1,原版存在；配对已恢复
43766056,Haligtree Foot Soldier,4376,是,13,否,否,官方 1.17.1,原版存在；配对已恢复
43767000,Haligtree Foot Soldier,4376,是,13,否,否,官方 1.17.1,原版存在；配对已恢复
43767056,Haligtree Foot Soldier,4376,是,13,否,否,官方 1.17.1,原版存在；配对已恢复
43770000,Highwayman,4377,是,13,否,否,官方 1.17.1,原版存在；配对已恢复
43770012,Highwayman,4377,是,13,否,否,官方 1.17.1,原版存在；配对已恢复
43770500,Highwayman,4377,是,13,否,否,官方 1.17.1,原版存在；配对已恢复
43771000,Highwayman,4377,是,13,否,否,官方 1.17.1,原版存在；配对已恢复
43771400,Highwayman,4377,是,13,否,否,官方 1.17.1,原版存在；配对已恢复
43771500,Highwayman,4377,是,13,否,否,官方 1.17.1,原版存在；配对已恢复
43771600,Highwayman,4377,是,13,否,否,官方 1.17.1,原版存在；配对已恢复
43771700,Highwayman,4377,是,13,否,否,官方 1.17.1,原版存在；配对已恢复
43771800,Highwayman,4377,是,13,否,否,官方 1.17.1,原版存在；配对已恢复
43772000,Highwayman,4377,是,13,否,否,官方 1.17.1,原版存在；配对已恢复
43772012,Highwayman,4377,是,13,否,否,官方 1.17.1,原版存在；配对已恢复
43772500,Highwayman,4377,是,13,否,否,官方 1.17.1,原版存在；配对已恢复
43772512,Highwayman,4377,是,13,否,否,官方 1.17.1,原版存在；配对已恢复
43773000,Highwayman,4377,是,13,否,否,官方 1.17.1,原版存在；配对已恢复
43776000,Highwayman,4377,是,13,否,否,官方 1.17.1,原版存在；配对已恢复
43777000,Highwayman,4377,是,13,否,否,官方 1.17.1,原版存在；配对已恢复
43800000,Starcaller,4380,是,13,是,否,官方 1.17.1,原版存在；配对已恢复
43800012,Starcaller,4380,是,13,是,否,官方 1.17.1,原版存在；配对已恢复
43800032,Starcaller,4380,是,13,是,否,官方 1.17.1,原版存在；配对已恢复
43800042,Starcaller,4380,是,13,是,否,官方 1.17.1,原版存在；配对已恢复
43800062,Starcaller,4380,是,13,是,否,官方 1.17.1,原版存在；配对已恢复
43800100,Starcaller,4380,是,13,是,否,官方 1.17.1,原版存在；配对已恢复
43800130,Starcaller,4380,是,13,是,否,官方 1.17.1,原版存在；配对已恢复
43810000,Guilty,4381,是,13,否,否,官方 1.17.1,原版存在；配对已恢复
43810002,,4381,否,13,否,否,官方 1.17.1,同模型新增变体；沿用官方处决配对
43810020,Guilty,4381,是,13,否,否,官方 1.17.1,原版存在；配对已恢复
43810032,Guilty,4381,是,13,否,否,官方 1.17.1,原版存在；配对已恢复
43810100,Guilty,4381,是,13,否,否,官方 1.17.1,原版存在；配对已恢复
43810132,Guilty,4381,是,13,否,否,官方 1.17.1,原版存在；配对已恢复
43810200,Guilty,4381,是,13,否,否,官方 1.17.1,原版存在；配对已恢复
43810250,Guilty,4381,是,13,否,否,官方 1.17.1,原版存在；配对已恢复
43810300,Guilty,4381,是,13,否,否,官方 1.17.1,原版存在；配对已恢复
43810350,Guilty,4381,是,13,否,否,官方 1.17.1,原版存在；配对已恢复
43811000,Guilty,4381,是,13,否,否,官方 1.17.1,原版存在；配对已恢复
43811020,Guilty,4381,是,13,否,否,官方 1.17.1,原版存在；配对已恢复
43811100,Guilty,4381,是,13,否,否,官方 1.17.1,原版存在；配对已恢复
43811150,Guilty,4381,是,13,否,否,官方 1.17.1,原版存在；配对已恢复
43820000,Stonedigger,4382,是,13,否,否,官方 1.17.1,原版存在；配对已恢复
43820010,Stonedigger,4382,是,13,否,否,官方 1.17.1,原版存在；配对已恢复
43820012,Stonedigger,4382,是,13,否,否,官方 1.17.1,原版存在；配对已恢复
43820026,Stonedigger,4382,是,13,否,否,官方 1.17.1,原版存在；配对已恢复
43820030,Stonedigger,4382,是,13,否,否,官方 1.17.1,原版存在；配对已恢复
43820033,Stonedigger,4382,是,13,否,否,官方 1.17.1,原版存在；配对已恢复
43820052,Stonedigger,4382,是,13,否,否,官方 1.17.1,原版存在；配对已恢复
43820100,Stonedigger,4382,是,13,否,否,官方 1.17.1,原版存在；配对已恢复
43820140,Stonedigger,4382,是,13,否,否,官方 1.17.1,原版存在；配对已恢复
43821000,Stonedigger,4382,是,13,否,否,官方 1.17.1,原版存在；配对已恢复
43821010,Stonedigger,4382,是,13,否,否,官方 1.17.1,原版存在；配对已恢复
43821012,Stonedigger,4382,是,13,否,否,官方 1.17.1,原版存在；配对已恢复
43821020,Stonedigger,4382,是,13,否,否,官方 1.17.1,原版存在；配对已恢复
43821026,Stonedigger,4382,是,13,否,否,官方 1.17.1,原版存在；配对已恢复
43821030,Stonedigger,4382,是,13,否,否,官方 1.17.1,原版存在；配对已恢复
43821033,Stonedigger,4382,是,13,否,否,官方 1.17.1,原版存在；配对已恢复
43821052,Stonedigger,4382,是,13,否,否,官方 1.17.1,原版存在；配对已恢复
43821100,Stonedigger,4382,是,13,否,否,官方 1.17.1,原版存在；配对已恢复
43822000,Stonedigger,4382,是,13,否,否,官方 1.17.1,原版存在；配对已恢复
43822010,Stonedigger,4382,是,13,否,否,官方 1.17.1,原版存在；配对已恢复
43822026,Stonedigger,4382,是,13,否,否,官方 1.17.1,原版存在；配对已恢复
43822100,Stonedigger,4382,是,13,否,否,官方 1.17.1,原版存在；配对已恢复
43822140,Stonedigger,4382,是,13,否,否,官方 1.17.1,原版存在；配对已恢复
43823000,Stonedigger,4382,是,13,否,否,官方 1.17.1,原版存在；配对已恢复
43823010,Stonedigger,4382,是,13,否,否,官方 1.17.1,原版存在；配对已恢复
43823012,Stonedigger,4382,是,13,否,否,官方 1.17.1,原版存在；配对已恢复
43823030,Stonedigger,4382,是,13,否,否,官方 1.17.1,原版存在；配对已恢复
43823033,Stonedigger,4382,是,13,否,否,官方 1.17.1,原版存在；配对已恢复
43823040,Stonedigger,4382,是,13,否,否,官方 1.17.1,原版存在；配对已恢复
43823100,Stonedigger,4382,是,13,否,否,官方 1.17.1,原版存在；配对已恢复
43824000,Stonedigger,4382,是,13,否,否,官方 1.17.1,原版存在；配对已恢复
43824100,Stonedigger,4382,是,13,否,否,官方 1.17.1,原版存在；配对已恢复
43825000,Stonedigger,4382,是,13,否,否,官方 1.17.1,原版存在；配对已恢复
43825026,Stonedigger,4382,是,13,否,否,官方 1.17.1,原版存在；配对已恢复
43825100,Stonedigger,4382,是,13,否,否,官方 1.17.1,原版存在；配对已恢复
43826000,Stonedigger,4382,是,13,否,否,官方 1.17.1,原版存在；配对已恢复
43826033,Stonedigger,4382,是,13,否,否,官方 1.17.1,原版存在；配对已恢复
43826100,Stonedigger,4382,是,13,否,否,官方 1.17.1,原版存在；配对已恢复
43827000,Stonedigger,4382,是,13,否,否,官方 1.17.1,原版存在；配对已恢复
43827012,Stonedigger,4382,是,13,否,否,官方 1.17.1,原版存在；配对已恢复
43827052,Stonedigger,4382,是,13,否,否,官方 1.17.1,原版存在；配对已恢复
43827100,Stonedigger,4382,是,13,否,否,官方 1.17.1,原版存在；配对已恢复
43828000,Stonedigger,4382,是,13,否,否,官方 1.17.1,原版存在；配对已恢复
43828033,Stonedigger,4382,是,13,否,否,官方 1.17.1,原版存在；配对已恢复
43828100,Stonedigger,4382,是,13,否,否,官方 1.17.1,原版存在；配对已恢复
43829000,Stonedigger,4382,是,13,否,否,官方 1.17.1,原版存在；配对已恢复
43829030,Stonedigger,4382,是,13,否,否,官方 1.17.1,原版存在；配对已恢复
43829100,Stonedigger,4382,是,13,否,否,官方 1.17.1,原版存在；配对已恢复
43829140,Stonedigger,4382,是,13,否,否,官方 1.17.1,原版存在；配对已恢复
43830000,Glintstone Digger,4383,是,13,否,否,官方 1.17.1,原版存在；配对已恢复
43830010,Glintstone Digger,4383,是,13,否,否,官方 1.17.1,原版存在；配对已恢复
43830020,Glintstone Digger,4383,是,13,否,否,官方 1.17.1,原版存在；配对已恢复
43830030,Glintstone Digger,4383,是,13,否,否,官方 1.17.1,原版存在；配对已恢复
43830040,Glintstone Digger (Sellia Tunnel),4383,是,13,否,否,官方 1.17.1,原版存在；配对已恢复
43831000,Glintstone Digger,4383,是,13,否,否,官方 1.17.1,原版存在；配对已恢复
43831020,Glintstone Digger,4383,是,13,否,否,官方 1.17.1,原版存在；配对已恢复
43831030,Glintstone Digger,4383,是,13,否,否,官方 1.17.1,原版存在；配对已恢复
43831040,Glintstone Digger (Sellia Hideaway),4383,是,13,否,否,官方 1.17.1,原版存在；配对已恢复
43840000,Glintstone Digger,4384,是,13,否,否,官方 1.17.1,原版存在；配对已恢复
43840020,Large Glintstone Digger,4384,是,13,否,否,官方 1.17.1,原版存在；配对已恢复
43840040,Large Glintstone Digger,4384,是,13,否,否,官方 1.17.1,原版存在；配对已恢复
43850000,Disciple of Rot,4385,是,13,否,否,官方 1.17.1,原版存在；配对已恢复
43850001,,4385,否,13,否,否,官方 1.17.1,同模型新增变体；沿用官方处决配对
43850002,,4385,否,13,否,否,官方 1.17.1,同模型新增变体；沿用官方处决配对
43850010,Disciple of Rot,4385,是,13,否,否,官方 1.17.1,原版存在；配对已恢复
43850012,Disciple of Rot,4385,是,13,否,否,官方 1.17.1,原版存在；配对已恢复
43850020,Disciple of Rot,4385,是,13,否,否,官方 1.17.1,原版存在；配对已恢复
43850032,Disciple of Rot,4385,是,13,否,否,官方 1.17.1,原版存在；配对已恢复
43850040,Disciple of Rot,4385,是,13,否,否,官方 1.17.1,原版存在；配对已恢复
43850100,Disciple of Rot,4385,是,13,否,否,官方 1.17.1,原版存在；配对已恢复
43850110,Disciple of Rot,4385,是,13,否,否,官方 1.17.1,原版存在；配对已恢复
43850112,Disciple of Rot,4385,是,13,否,否,官方 1.17.1,原版存在；配对已恢复
43850120,Disciple of Rot,4385,是,13,否,否,官方 1.17.1,原版存在；配对已恢复
43850132,Disciple of Rot,4385,是,13,否,否,官方 1.17.1,原版存在；配对已恢复
43850140,Disciple of Rot,4385,是,13,否,否,官方 1.17.1,原版存在；配对已恢复
43850200,Disciple of Rot,4385,是,13,否,否,官方 1.17.1,原版存在；配对已恢复
43850210,Disciple of Rot,4385,是,13,否,否,官方 1.17.1,原版存在；配对已恢复
43850212,Disciple of Rot,4385,是,13,否,否,官方 1.17.1,原版存在；配对已恢复
43850220,Disciple of Rot,4385,是,13,否,否,官方 1.17.1,原版存在；配对已恢复
43850232,Disciple of Rot,4385,是,13,否,否,官方 1.17.1,原版存在；配对已恢复
43850240,Disciple of Rot,4385,是,13,否,否,官方 1.17.1,原版存在；配对已恢复
43858000,Disciple of Rot,4385,是,13,否,否,官方 1.17.1,原版存在；配对已恢复
43858040,Disciple of Rot,4385,是,13,否,否,官方 1.17.1,原版存在；配对已恢复
43858100,Disciple of Rot,4385,是,13,否,否,官方 1.17.1,原版存在；配对已恢复
43858140,Disciple of Rot,4385,是,13,否,否,官方 1.17.1,原版存在；配对已恢复
43858200,Disciple of Rot,4385,是,13,否,否,官方 1.17.1,原版存在；配对已恢复
43858240,Disciple of Rot,4385,是,13,否,否,官方 1.17.1,原版存在；配对已恢复
44200000,Giant Crayfish,4420,是,3,是,否,官方 1.17.1,原版存在；配对已恢复
44200001,,4420,否,3,是,否,官方 1.17.1,同模型新增变体；沿用官方处决配对
44200002,,4420,否,3,是,否,官方 1.17.1,同模型新增变体；沿用官方处决配对
44200020,Giant Crayfish,4420,是,3,是,否,官方 1.17.1,原版存在；配对已恢复
44200035,Giant Crayfish,4420,是,3,是,否,官方 1.17.1,原版存在；配对已恢复
44200120,Giant Crayfish,4420,是,3,是,否,官方 1.17.1,原版存在；配对已恢复
44201000,Giant Crayfish,4420,是,3,是,否,官方 1.17.1,原版存在；配对已恢复
44201020,Giant Crayfish,4420,是,3,是,否,官方 1.17.1,原版存在；配对已恢复
44202000,Giant Crayfish,4420,是,3,是,否,官方 1.17.1,原版存在；配对已恢复
44202020,Giant Crayfish,4420,是,3,是,否,官方 1.17.1,原版存在；配对已恢复
44203000,Giant Crayfish,4420,是,3,是,否,官方 1.17.1,原版存在；配对已恢复
44203050,Giant Crayfish,4420,是,3,是,否,官方 1.17.1,原版存在；配对已恢复
44204000,Giant Crayfish,4420,是,3,是,否,官方 1.17.1,原版存在；配对已恢复
44204050,Giant Crayfish,4420,是,3,是,否,官方 1.17.1,原版存在；配对已恢复
44205000,Giant Crayfish,4420,是,3,是,否,官方 1.17.1,原版存在；配对已恢复
44205050,Giant Crayfish,4420,是,3,是,否,官方 1.17.1,原版存在；配对已恢复
44300000,Watcher Stones,4430,是,0,否,否,官方 1.17.1,原版存在；未定义官方处决配对
44300010,Watcher Stones,4430,是,0,否,否,官方 1.17.1,原版存在；配对已恢复
44300012,Watcher Stones,4430,是,0,否,否,官方 1.17.1,原版存在；配对已恢复
44300020,Watcher Stones,4430,是,0,否,否,官方 1.17.1,原版存在；配对已恢复
44300022,Watcher Stones,4430,是,0,否,否,官方 1.17.1,原版存在；配对已恢复
44300030,Watcher Stones,4430,是,0,否,否,官方 1.17.1,原版存在；配对已恢复
44300040,Watcher Stones,4430,是,0,否,否,官方 1.17.1,原版存在；配对已恢复
44300050,Watcher Stones,4430,是,0,否,否,官方 1.17.1,原版存在；配对已恢复
44300100,Watcher Stones,4430,是,0,否,否,官方 1.17.1,原版存在；配对已恢复
44300110,Watcher Stones,4430,是,0,否,否,官方 1.17.1,原版存在；配对已恢复
44300150,Watcher Stones,4430,是,0,否,否,官方 1.17.1,原版存在；配对已恢复
44300200,Watcher Stones,4430,是,0,否,否,官方 1.17.1,原版存在；配对已恢复
44300250,Watcher Stones,4430,是,0,否,否,官方 1.17.1,原版存在；配对已恢复
44300300,Watcher Stones,4430,是,0,否,否,官方 1.17.1,原版存在；配对已恢复
44300310,Watcher Stones,4430,是,0,否,否,官方 1.17.1,原版存在；配对已恢复
44300340,Watcher Stones,4430,是,0,否,否,官方 1.17.1,原版存在；配对已恢复
44300350,Watcher Stones,4430,是,0,否,否,官方 1.17.1,原版存在；配对已恢复
44301000,Watcher Stones,4430,是,0,否,否,官方 1.17.1,原版存在；配对已恢复
44301010,Watcher Stones,4430,是,0,否,否,官方 1.17.1,原版存在；配对已恢复
44301033,Watcher Stones,4430,是,0,否,否,官方 1.17.1,原版存在；配对已恢复
44301040,Watcher Stones,4430,是,0,否,否,官方 1.17.1,原版存在；配对已恢复
44400000,Land Squirt,4440,是,1,否,否,官方 1.17.1,原版存在；配对已恢复
44400010,Land Squirt,4440,是,1,否,否,官方 1.17.1,原版存在；配对已恢复
44400012,Land Squirt,4440,是,1,否,否,官方 1.17.1,原版存在；配对已恢复
44400020,Land Squirt,4440,是,1,否,否,官方 1.17.1,原版存在；配对已恢复
44400032,Land Squirt,4440,是,1,否,否,官方 1.17.1,原版存在；配对已恢复
44400033,Land Squirt,4440,是,1,否,否,官方 1.17.1,原版存在；配对已恢复
44400040,Land Squirt,4440,是,1,否,否,官方 1.17.1,原版存在；配对已恢复
44400050,Land Squirt,4440,是,1,否,否,官方 1.17.1,原版存在；配对已恢复
44410000,Giant Land Squirt,4441,是,1,否,否,官方 1.17.1,原版存在；配对已恢复
44410020,Giant Land Squirt,4441,是,1,否,否,官方 1.17.1,原版存在；配对已恢复
44410050,Giant Land Squirt,4441,是,1,否,否,官方 1.17.1,原版存在；配对已恢复
44420000,Giant Land Squirt,4442,是,1,否,否,官方 1.17.1,原版存在；配对已恢复
44420040,Giant Rotten Land Squirt,4442,是,1,否,否,官方 1.17.1,原版存在；配对已恢复
44500000,Walking Mausoleum,4450,是,0,否,否,官方 1.17.1,原版存在；未定义官方处决配对
44500012,Walking Mausoleum,4450,是,0,否,否,官方 1.17.1,原版存在；配对已恢复
44500020,Walking Mausoleum,4450,是,0,否,否,官方 1.17.1,原版存在；配对已恢复
44500050,Walking Mausoleum,4450,是,0,否,否,官方 1.17.1,原版存在；配对已恢复
44500052,Walking Mausoleum,4450,是,0,否,否,官方 1.17.1,原版存在；配对已恢复
44500066,Walking Mausoleum,4450,是,0,否,否,官方 1.17.1,原版存在；配对已恢复
44501000,Walking Mausoleum,4450,是,0,否,否,官方 1.17.1,原版存在；配对已恢复
44501020,Walking Mausoleum,4450,是,0,否,否,官方 1.17.1,原版存在；配对已恢复
44600000,Flame Chariot,4460,是,4,否,否,官方 1.17.1,原版存在；配对已恢复
44600020,Flame Chariot,4460,是,4,否,否,官方 1.17.1,原版存在；配对已恢复
44600032,Flame Chariot,4460,是,4,否,否,官方 1.17.1,原版存在；配对已恢复
44600036,Flame Chariot,4460,是,4,否,否,官方 1.17.1,原版存在；配对已恢复
44600040,Flame Chariot,4460,是,4,否,否,官方 1.17.1,原版存在；配对已恢复
44600840,Flame Chariot,4460,是,4,否,否,官方 1.17.1,原版存在；配对已恢复
44601000,Flame Chariot,4460,是,4,否,否,官方 1.17.1,原版存在；配对已恢复
44601032,Flame Chariot,4460,是,4,否,否,官方 1.17.1,原版存在；配对已恢复
44601040,Flame Chariot,4460,是,4,否,否,官方 1.17.1,原版存在；配对已恢复
44601840,Flame Chariot,4460,是,4,否,否,官方 1.17.1,原版存在；配对已恢复
44607000,Flame Chariot,4460,是,4,否,否,官方 1.17.1,原版存在；配对已恢复
44607020,Flame Chariot,4460,是,4,否,否,官方 1.17.1,原版存在；配对已恢复
44607032,Flame Chariot,4460,是,4,否,否,官方 1.17.1,原版存在；配对已恢复
44607040,Flame Chariot,4460,是,4,否,否,官方 1.17.1,原版存在；配对已恢复
44607100,Flame Chariot,4460,是,4,否,否,官方 1.17.1,原版存在；配对已恢复
44607120,Flame Chariot,4460,是,4,否,否,官方 1.17.1,原版存在；配对已恢复
44607132,Flame Chariot,4460,是,4,否,否,官方 1.17.1,原版存在；配对已恢复
44607200,Flame Chariot,4460,是,4,否,否,官方 1.17.1,原版存在；配对已恢复
44607220,Flame Chariot,4460,是,4,否,否,官方 1.17.1,原版存在；配对已恢复
44607800,Flame Chariot,4460,是,4,否,否,官方 1.17.1,原版存在；配对已恢复
44607840,Flame Chariot,4460,是,4,否,否,官方 1.17.1,原版存在；配对已恢复
44608000,Flame Chariot,4460,是,4,否,否,官方 1.17.1,原版存在；配对已恢复
44608032,Flame Chariot,4460,是,4,否,否,官方 1.17.1,原版存在；配对已恢复
44608040,Flame Chariot,4460,是,4,否,否,官方 1.17.1,原版存在；配对已恢复
44608600,Flame Chariot,4460,是,4,否,否,官方 1.17.1,原版存在；配对已恢复
44608640,Flame Chariot,4460,是,4,否,否,官方 1.17.1,原版存在；配对已恢复
44608700,Flame Chariot,4460,是,4,否,否,官方 1.17.1,原版存在；配对已恢复
44608740,Flame Chariot,4460,是,4,否,否,官方 1.17.1,原版存在；配对已恢复
44608800,Flame Chariot,4460,是,4,否,否,官方 1.17.1,原版存在；配对已恢复
44608840,Flame Chariot,4460,是,4,否,否,官方 1.17.1,原版存在；配对已恢复
44700000,Abductor Virgin (Unscaled),4470,是,0,是,否,官方 1.17.1,原版存在；未定义官方处决配对
44700001,,4470,否,0,是,否,官方 1.17.1,同模型新增变体；沿用官方处决配对
44700002,,4470,否,0,是,否,官方 1.17.1,同模型新增变体；沿用官方处决配对
44700020,Abductor Virgin,4470,是,0,是,否,官方 1.17.1,原版存在；配对已恢复
44700024,Abductor Virgin,4470,是,0,是,否,官方 1.17.1,原版存在；配对已恢复
44700032,Abductor Virgin,4470,是,0,是,否,官方 1.17.1,原版存在；配对已恢复
44700034,Abductor Virgin (Leyndell),4470,是,0,是,否,官方 1.17.1,原版存在；配对已恢复
44700038,Abductor Virgin,4470,是,0,是,否,官方 1.17.1,原版存在；配对已恢复
44700040,Abductor Virgin,4470,是,0,是,否,官方 1.17.1,原版存在；配对已恢复
44700938,Abductor Virgin (Boss),4470,是,0,是,否,官方 1.17.1,原版存在；配对已恢复
44701000,Abductor Virgin (Unscaled),4470,是,0,是,否,官方 1.17.1,原版存在；配对已恢复
44701021,Abductor Virgin,4470,是,0,是,否,官方 1.17.1,原版存在；配对已恢复
44701024,Abductor Virgin,4470,是,0,是,否,官方 1.17.1,原版存在；配对已恢复
44701032,Abductor Virgin,4470,是,0,是,否,官方 1.17.1,原版存在；配对已恢复
44701033,Abductor Virgin,4470,是,0,是,否,官方 1.17.1,原版存在；配对已恢复
44701034,Abductor Virgin (Leyndell),4470,是,0,是,否,官方 1.17.1,原版存在；配对已恢复
44701038,Abductor Virgin,4470,是,0,是,否,官方 1.17.1,原版存在；配对已恢复
44701100,Abductor Virgin - Broken (Unscaled),4470,是,0,是,否,官方 1.17.1,原版存在；配对已恢复
44701132,Abductor Virgin - Broken,4470,是,0,是,否,官方 1.17.1,原版存在；配对已恢复
44701938,Abductor Virgin (Boss),4470,是,0,是,否,官方 1.17.1,原版存在；配对已恢复
44702000,Abductor Virgin (Unscaled),4470,是,0,是,否,官方 1.17.1,原版存在；配对已恢复
44702041,Abductor Virgin Both,4470,是,0,是,否,官方 1.17.1,原版存在；配对已恢复
44800000,Miranda Blossom,4480,是,2,是,否,官方 1.17.1,原版存在；配对已恢复
44800010,Miranda Blossom,4480,是,2,是,否,官方 1.17.1,原版存在；配对已恢复
44800012,Miranda Blossom,4480,是,2,是,否,官方 1.17.1,原版存在；配对已恢复
44800020,Miranda Blossom,4480,是,2,是,否,官方 1.17.1,原版存在；配对已恢复
44800032,Miranda Blossom,4480,是,2,是,否,官方 1.17.1,原版存在；配对已恢复
44800034,Miranda Blossom (Leyndell),4480,是,2,是,否,官方 1.17.1,原版存在；配对已恢复
44800035,Miranda Blossom,4480,是,2,是,否,官方 1.17.1,原版存在；配对已恢复
44800040,Miranda Blossom,4480,是,2,是,否,官方 1.17.1,原版存在；配对已恢复
44800054,Miranda Blossom,4480,是,2,是,否,官方 1.17.1,原版存在；配对已恢复
44800064,Miranda Blossom (Siofra River),4480,是,2,是,否,官方 1.17.1,原版存在；配对已恢复
44800100,Miranda Blossom (Frenzy),4480,是,2,是,否,官方 1.17.1,原版存在；配对已恢复
44800120,Miranda Blossom (Frenzy),4480,是,2,是,否,官方 1.17.1,原版存在；配对已恢复
44800130,Miranda Blossom (Frenzy),4480,是,2,是,否,官方 1.17.1,原版存在；配对已恢复
44800140,Miranda Blossom (Frenzy),4480,是,2,是,否,官方 1.17.1,原版存在；配对已恢复
44800162,Miranda Blossom (Frenzy),4480,是,2,是,否,官方 1.17.1,原版存在；配对已恢复
44800200,Miranda Blossom (Magic),4480,是,2,是,否,官方 1.17.1,原版存在；配对已恢复
44800220,Miranda Blossom (Magic),4480,是,2,是,否,官方 1.17.1,原版存在；配对已恢复
44800300,Miranda Blossom,4480,是,2,是,否,官方 1.17.1,原版存在；配对已恢复
44800330,Miranda Blossom,4480,是,2,是,否,官方 1.17.1,原版存在；配对已恢复
44800370,Miranda Blossom,4480,是,2,是,否,官方 1.17.1,原版存在；配对已恢复
44800400,Miranda Blossom,4480,是,2,是,否,官方 1.17.1,原版存在；配对已恢复
44800430,Miranda Blossom,4480,是,2,是,否,官方 1.17.1,原版存在；配对已恢复
44800912,Miranda Blossom,4480,是,2,是,否,官方 1.17.1,原版存在；配对已恢复
44800930,Miranda the Blighted Bloom,4480,是,2,是,否,官方 1.17.1,原版存在；配对已恢复
44810000,Miranda Sprout,4481,是,0,否,否,官方 1.17.1,原版存在；未定义官方处决配对
44810010,Miranda Sprout,4481,是,0,否,否,官方 1.17.1,原版存在；配对已恢复
44810012,Miranda Sprout,4481,是,0,否,否,官方 1.17.1,原版存在；配对已恢复
44810020,Miranda Sprout,4481,是,0,否,否,官方 1.17.1,原版存在；配对已恢复
44810032,Miranda Sprout,4481,是,0,否,否,官方 1.17.1,原版存在；配对已恢复
44810034,Miranda Sprout (Leyndell),4481,是,0,否,否,官方 1.17.1,原版存在；配对已恢复
44810035,Miranda Sprout,4481,是,0,否,否,官方 1.17.1,原版存在；配对已恢复
44810040,Miranda Sprout,4481,是,0,否,否,官方 1.17.1,原版存在；配对已恢复
44810054,Miranda Sprout,4481,是,0,否,否,官方 1.17.1,原版存在；配对已恢复
44810064,Miranda Sprout (Siofra River),4481,是,0,否,否,官方 1.17.1,原版存在；配对已恢复
44810100,Miranda Sprout (Frenzy),4481,是,0,否,否,官方 1.17.1,原版存在；配对已恢复
44810120,Miranda Sprout (Frenzy),4481,是,0,否,否,官方 1.17.1,原版存在；配对已恢复
44810130,Miranda Sprout (Frenzy),4481,是,0,否,否,官方 1.17.1,原版存在；配对已恢复
44810162,Miranda Sprout (Frenzy),4481,是,0,否,否,官方 1.17.1,原版存在；配对已恢复
44810200,Miranda Sprout (Magic),4481,是,0,否,否,官方 1.17.1,原版存在；配对已恢复
44810220,Miranda Sprout (Magic),4481,是,0,否,否,官方 1.17.1,原版存在；配对已恢复
44810300,Miranda Sprout,4481,是,0,否,否,官方 1.17.1,原版存在；配对已恢复
44810330,Miranda Sprout,4481,是,0,否,否,官方 1.17.1,原版存在；配对已恢复
44810370,Miranda Sprout,4481,是,0,否,否,官方 1.17.1,原版存在；配对已恢复
44810400,Miranda Sprout,4481,是,0,否,否,官方 1.17.1,原版存在；配对已恢复
44810430,Miranda Sprout,4481,是,0,否,否,官方 1.17.1,原版存在；配对已恢复
44810500,Miranda Sprout,4481,是,0,否,否,官方 1.17.1,原版存在；配对已恢复
44810540,Miranda Sprout,4481,是,0,否,否,官方 1.17.1,原版存在；配对已恢复
44810830,Miranda Sprout,4481,是,0,否,否,官方 1.17.1,原版存在；配对已恢复
44810912,Miranda Sprout (Boss),4481,是,0,否,否,官方 1.17.1,原版存在；配对已恢复
44811000,Miranda Sprout (Burrowed),4481,是,0,否,否,官方 1.17.1,原版存在；配对已恢复
44811012,Miranda Sprout (Burrowed),4481,是,0,否,否,官方 1.17.1,原版存在；配对已恢复
44811100,Miranda Sprout (Burrowed),4481,是,0,否,否,官方 1.17.1,原版存在；配对已恢复
44811200,Miranda Sprout (Burrowed),4481,是,0,否,否,官方 1.17.1,原版存在；配对已恢复
44811300,Miranda Sprout (Burrowed),4481,是,0,否,否,官方 1.17.1,原版存在；配对已恢复
44811330,Miranda Sprout (Burrowed),4481,是,0,否,否,官方 1.17.1,原版存在；配对已恢复
44811400,Miranda Sprout (Burrowed),4481,是,0,否,否,官方 1.17.1,原版存在；配对已恢复
44811430,Miranda Sprout (Burrowed),4481,是,0,否,否,官方 1.17.1,原版存在；配对已恢复
44811830,Miranda Sprout (Burrowed),4481,是,0,否,否,官方 1.17.1,原版存在；配对已恢复
44820000,Fading Miranda Blossom,4482,是,2,否,否,官方 1.17.1,原版存在；配对已恢复
44820031,Fading Miranda Blossom (Shaded Castle),4482,是,2,否,否,官方 1.17.1,原版存在；配对已恢复
44820040,Rotten Miranda Blossom,4482,是,2,否,否,官方 1.17.1,原版存在；配对已恢复
44820054,Rotten Miranda Blossom,4482,是,2,否,否,官方 1.17.1,原版存在；配对已恢复
44820056,Rotten Miranda Blossom,4482,是,2,否,否,官方 1.17.1,原版存在；配对已恢复
44830000,Rotten Miranda Sprout,4483,是,0,否,否,官方 1.17.1,原版存在；未定义官方处决配对
44830030,Rotten Miranda Sprout,4483,是,0,否,否,官方 1.17.1,原版存在；配对已恢复
44830031,Rotten Miranda Sprout (Shaded Castle),4483,是,0,否,否,官方 1.17.1,原版存在；配对已恢复
44830040,Rotten Miranda Sprout,4483,是,0,否,否,官方 1.17.1,原版存在；配对已恢复
44830054,Rotten Miranda Sprout,4483,是,0,否,否,官方 1.17.1,原版存在；配对已恢复
44831000,Rotten Miranda Sprout,4483,是,0,否,否,官方 1.17.1,原版存在；配对已恢复
44831040,Rotten Miranda Sprout,4483,是,0,否,否,官方 1.17.1,原版存在；配对已恢复
44831054,Rotten Miranda Sprout,4483,是,0,否,否,官方 1.17.1,原版存在；配对已恢复
44831056,Rotten Miranda Sprout,4483,是,0,否,否,官方 1.17.1,原版存在；配对已恢复
44900000,Living Jar Warrior,4490,是,0,是,否,官方 1.17.1,原版存在；未定义官方处决配对
44900011,Living Jar Warrior,4490,是,0,是,否,官方 1.17.1,原版存在；配对已恢复
44900014,Living Jar Warrior (Stormveil Castle),4490,是,0,是,否,官方 1.17.1,原版存在；配对已恢复
44900020,Living Jar Warrior,4490,是,0,是,否,官方 1.17.1,原版存在；配对已恢复
44900021,Living Jar Warrior,4490,是,0,是,否,官方 1.17.1,原版存在；配对已恢复
44900024,Living Jar Warrior,4490,是,0,是,否,官方 1.17.1,原版存在；配对已恢复
44900032,Living Jar Warrior,4490,是,0,是,否,官方 1.17.1,原版存在；配对已恢复
44900033,Living Jar Warrior,4490,是,0,是,否,官方 1.17.1,原版存在；配对已恢复
44900034,Living Jar Warrior (Leyndell),4490,是,0,是,否,官方 1.17.1,原版存在；配对已恢复
44900035,Living Jar Warrior,4490,是,0,是,否,官方 1.17.1,原版存在；配对已恢复
44900038,Living Jar Warrior,4490,是,0,是,否,官方 1.17.1,原版存在；配对已恢复
44900050,Living Jar Warrior,4490,是,0,是,否,官方 1.17.1,原版存在；配对已恢复
44900100,Living Jar Warrior,4490,是,0,是,否,官方 1.17.1,原版存在；配对已恢复
44900124,Living Jar Warrior,4490,是,0,是,否,官方 1.17.1,原版存在；配对已恢复
44900200,Living Jar Warrior,4490,是,0,是,否,官方 1.17.1,原版存在；配对已恢复
44900320,Living Jar Warrior,4490,是,0,是,否,官方 1.17.1,原版存在；配对已恢复
44907000,Living Jar Warrior,4490,是,0,是,否,官方 1.17.1,原版存在；配对已恢复
44907014,Living Jar Warrior (Stormveil Castle),4490,是,0,是,否,官方 1.17.1,原版存在；配对已恢复
44907021,Living Jar Warrior,4490,是,0,是,否,官方 1.17.1,原版存在；配对已恢复
44907033,Living Jar Warrior,4490,是,0,是,否,官方 1.17.1,原版存在；配对已恢复
44907035,Living Jar Warrior,4490,是,0,是,否,官方 1.17.1,原版存在；配对已恢复
44907038,Living Jar Warrior,4490,是,0,是,否,官方 1.17.1,原版存在；配对已恢复
44907050,Living Jar Warrior,4490,是,0,是,否,官方 1.17.1,原版存在；配对已恢复
44907100,Living Jar Warrior,4490,是,0,是,否,官方 1.17.1,原版存在；配对已恢复
44907121,Living Jar Warrior,4490,是,0,是,否,官方 1.17.1,原版存在；配对已恢复
44907133,Living Jar Warrior,4490,是,0,是,否,官方 1.17.1,原版存在；配对已恢复
44907150,Living Jar Warrior,4490,是,0,是,否,官方 1.17.1,原版存在；配对已恢复
44907200,Living Jar Warrior,4490,是,0,是,否,官方 1.17.1,原版存在；配对已恢复
44907221,Living Jar Warrior,4490,是,0,是,否,官方 1.17.1,原版存在；配对已恢复
44907233,Living Jar Warrior,4490,是,0,是,否,官方 1.17.1,原版存在；配对已恢复
44907250,Living Jar Warrior,4490,是,0,是,否,官方 1.17.1,原版存在；配对已恢复
44907300,Living Jar Warrior,4490,是,0,是,否,官方 1.17.1,原版存在；配对已恢复
44907333,Living Jar Warrior,4490,是,0,是,否,官方 1.17.1,原版存在；配对已恢复
44907350,Living Jar Warrior,4490,是,0,是,否,官方 1.17.1,原版存在；配对已恢复
44907400,Living Jar Warrior,4490,是,0,是,否,官方 1.17.1,原版存在；配对已恢复
44907450,Living Jar Warrior,4490,是,0,是,否,官方 1.17.1,原版存在；配对已恢复
44908100,Living Jar Warrior,4490,是,0,是,否,官方 1.17.1,原版存在；配对已恢复
44908124,Living Jar Warrior,4490,是,0,是,否,官方 1.17.1,原版存在；配对已恢复
44908300,Living Jar Warrior,4490,是,0,是,否,官方 1.17.1,原版存在；配对已恢复
44908320,Living Jar Warrior,4490,是,0,是,否,官方 1.17.1,原版存在；配对已恢复
44908400,Living Jar Warrior,4490,是,0,是,否,官方 1.17.1,原版存在；配对已恢复
44908420,Living Jar Warrior,4490,是,0,是,否,官方 1.17.1,原版存在；配对已恢复
44909000,"Alexander, Warrior Jar",4490,是,0,是,否,官方 1.17.1,原版存在；配对已恢复
44909040,"Alexander, Warrior Jar",4490,是,0,是,否,官方 1.17.1,原版存在；配对已恢复
44909100,"Alexander, Warrior Jar",4490,是,0,是,否,官方 1.17.1,原版存在；配对已恢复
44909132,"Alexander, Warrior Jar",4490,是,0,是,否,官方 1.17.1,原版存在；配对已恢复
44909200,"Alexander, Warrior Jar",4490,是,0,是,否,官方 1.17.1,原版存在；配对已恢复
44909310,"Alexander, Warrior Jar",4490,是,0,是,否,官方 1.17.1,原版存在；配对已恢复
44909410,"Alexander, Warrior Jar",4490,是,0,是,否,官方 1.17.1,原版存在；配对已恢复
44909540,"Alexander, Warrior Jar",4490,是,0,是,否,官方 1.17.1,原版存在；配对已恢复
44909620,"Alexander, Warrior Jar",4490,是,0,是,否,官方 1.17.1,原版存在；配对已恢复
44909640,"Alexander, Warrior Jar",4490,是,0,是,否,官方 1.17.1,原版存在；配对已恢复
44909732,"Alexander, Warrior Jar",4490,是,0,是,否,官方 1.17.1,原版存在；配对已恢复
44909850,"Alexander, Warrior Jar",4490,是,0,是,否,官方 1.17.1,原版存在；配对已恢复
44909972,"Alexander, Warrior Jar",4490,是,0,是,否,官方 1.17.1,原版存在；配对已恢复
44910000,Living Jar,4491,是,0,否,否,官方 1.17.1,原版存在；未定义官方处决配对
44910002,Living Jar,4491,是,0,否,否,官方 1.17.1,原版存在；配对已恢复
44910014,Living Jar (Stormveil Castle),4491,是,0,否,否,官方 1.17.1,原版存在；配对已恢复
44910020,Living Jar,4491,是,0,否,否,官方 1.17.1,原版存在；配对已恢复
44910021,Living Jar,4491,是,0,否,否,官方 1.17.1,原版存在；配对已恢复
44910024,Living Jar,4491,是,0,否,否,官方 1.17.1,原版存在；配对已恢复
44910032,Living Jar,4491,是,0,否,否,官方 1.17.1,原版存在；配对已恢复
44910033,Living Jar,4491,是,0,否,否,官方 1.17.1,原版存在；配对已恢复
44910034,Living Jar (Leyndell),4491,是,0,否,否,官方 1.17.1,原版存在；配对已恢复
44910035,Living Jar,4491,是,0,否,否,官方 1.17.1,原版存在；配对已恢复
44910038,Living Jar,4491,是,0,否,否,官方 1.17.1,原版存在；配对已恢复
44910050,Living Jar,4491,是,0,否,否,官方 1.17.1,原版存在；配对已恢复
44910100,Living Jar,4491,是,0,否,否,官方 1.17.1,原版存在；配对已恢复
44910124,Living Jar,4491,是,0,否,否,官方 1.17.1,原版存在；配对已恢复
44910150,Living Jar,4491,是,0,否,否,官方 1.17.1,原版存在；配对已恢复
44910200,Living Fire Jar,4491,是,0,否,否,官方 1.17.1,原版存在；配对已恢复
44910232,Living Fire Jar,4491,是,0,否,否,官方 1.17.1,原版存在；配对已恢复
44910233,Living Fire Jar,4491,是,0,否,否,官方 1.17.1,原版存在；配对已恢复
44910234,Living Fire Jar (Leyndell),4491,是,0,否,否,官方 1.17.1,原版存在；配对已恢复
44910238,Living Fire Jar,4491,是,0,否,否,官方 1.17.1,原版存在；配对已恢复
44910250,Living Fire Jar,4491,是,0,否,否,官方 1.17.1,原版存在；配对已恢复
44910300,Living Jar,4491,是,0,否,否,官方 1.17.1,原版存在；配对已恢复
44910333,Living Jar,4491,是,0,否,否,官方 1.17.1,原版存在；配对已恢复
44910350,Living Jar,4491,是,0,否,否,官方 1.17.1,原版存在；配对已恢复
44910400,Living Jar,4491,是,0,否,否,官方 1.17.1,原版存在；配对已恢复
44910500,Living Jar,4491,是,0,否,否,官方 1.17.1,原版存在；配对已恢复
44910600,Living Jar,4491,是,0,否,否,官方 1.17.1,原版存在；配对已恢复
44910720,Living Jar,4491,是,0,否,否,官方 1.17.1,原版存在；配对已恢复
44910933,Living Jar,4491,是,0,否,否,官方 1.17.1,原版存在；配对已恢复
44919000,Jar-Bairn,4491,是,0,否,否,官方 1.17.1,原版存在；配对已恢复
44919020,Jar-Bairn,4491,是,0,否,否,官方 1.17.1,原版存在；配对已恢复
44919120,Jar-Bairn,4491,是,0,否,否,官方 1.17.1,原版存在；配对已恢复
44919220,Jar-Bairn,4491,是,0,否,否,官方 1.17.1,原版存在；配对已恢复
44919320,Jar-Bairn,4491,是,0,否,否,官方 1.17.1,原版存在；配对已恢复
44920000,Greatjar,4492,是,0,否,否,官方 1.17.1,原版存在；未定义官方处决配对
44920040,Greatjar,4492,是,0,否,否,官方 1.17.1,原版存在；配对已恢复
44920100,Greatjar,4492,是,0,否,否,官方 1.17.1,原版存在；配对已恢复
45000000,Flying Dragon (Unscaled),4500,是,2,是,否,官方 1.17.1,原版存在；配对已恢复
45000010,Flying Dragon Agheel (Limgrave),4500,是,2,是,否,官方 1.17.1,原版存在；配对已恢复
45000042,Flying Dragon Greyll (Caelid),4500,是,2,是,否,官方 1.17.1,原版存在；配对已恢复
45000072,Flying Dragon,4500,是,2,是,否,官方 1.17.1,原版存在；配对已恢复
45001000,Flying Dragon (Unscaled),4500,是,2,是,否,官方 1.17.1,原版存在；配对已恢复
45001072,Flying Dragon,4500,是,2,是,否,官方 1.17.1,原版存在；配对已恢复
45008000,Flying Dragon (Unscaled),4500,是,2,是,否,官方 1.17.1,原版存在；配对已恢复
45008024,Flying Dragon (Rennala),4500,是,2,是,否,官方 1.17.1,原版存在；配对已恢复
45010000,Decaying Ekzykes (Unscaled),4501,是,2,否,否,官方 1.17.1,原版存在；配对已恢复
45010040,Decaying Ekzykes (Caelid),4501,是,2,否,否,官方 1.17.1,原版存在；配对已恢复
45020000,Glintstone (Unscaled),4502,是,2,否,否,官方 1.17.1,原版存在；配对已恢复
45020022,Glintstone Dragon (Moonlight Plateau),4502,是,2,否,否,官方 1.17.1,原版存在；配对已恢复
45020920,Glintstone Dragon Smarag,4502,是,2,否,否,官方 1.17.1,原版存在；配对已恢复
45021000,Glintstone Dragon (Unscaled),4502,是,2,否,否,官方 1.17.1,原版存在；配对已恢复
45021920,Glintstone Dragon Smarag,4502,是,2,否,否,官方 1.17.1,原版存在；配对已恢复
45021922,Glintstone Dragon Adula,4502,是,2,否,否,官方 1.17.1,原版存在；配对已恢复
45021923,,4502,否,2,否,否,官方 1.17.1,同模型新增变体；沿用官方处决配对
45030000,Borealis the Freezing Fog (Unscaled),4503,是,2,否,否,官方 1.17.1,原版存在；配对已恢复
45030050,Borealis the Freezing Fog (Mountaintops),4503,是,2,否,否,官方 1.17.1,原版存在；配对已恢复
45040000,Elder Dragon Greyoll,4504,是,0,否,否,官方 1.17.1,原版存在；未定义官方处决配对
45040042,Elder Dragon Greyoll,4504,是,0,否,否,官方 1.17.1,原版存在；配对已恢复
45050000,Flying Dragon (Small),4505,是,2,否,否,官方 1.17.1,原版存在；配对已恢复
45050042,Flying Dragon (Small),4505,是,2,否,否,官方 1.17.1,原版存在；配对已恢复
45100000,Ancient Dragon,4510,是,1,是,否,官方 1.17.1,原版存在；配对已恢复
45100001,,4510,否,1,是,否,官方 1.17.1,同模型新增变体；沿用官方处决配对
45100002,,4510,否,1,是,否,官方 1.17.1,同模型新增变体；沿用官方处决配对
45100072,Ancient Dragon,4510,是,1,是,否,官方 1.17.1,原版存在；配对已恢复
45100172,Ancient Dragon,4510,是,1,是,否,官方 1.17.1,原版存在；配对已恢复
45100272,Ancient Dragon,4510,是,1,是,否,官方 1.17.1,原版存在；配对已恢复
45100572,Ancient Dragon,4510,是,1,是,否,官方 1.17.1,原版存在；配对已恢复
45101000,Ancient Dragon,4510,是,1,是,否,官方 1.17.1,原版存在；配对已恢复
45101100,Ancient Dragon,4510,是,1,是,否,官方 1.17.1,原版存在；配对已恢复
45101200,Ancient Dragon,4510,是,1,是,否,官方 1.17.1,原版存在；配对已恢复
45101272,Ancient Dragon,4510,是,1,是,否,官方 1.17.1,原版存在；配对已恢复
45102000,Ancient Dragon,4510,是,1,是,否,官方 1.17.1,原版存在；配对已恢复
45102030,Ancient Dragon Lansseax (Boss),4510,是,1,是,否,官方 1.17.1,原版存在；配对已恢复
45102100,Ancient Dragon,4510,是,1,是,否,官方 1.17.1,原版存在；配对已恢复
45102200,Ancient Dragon,4510,是,1,是,否,官方 1.17.1,原版存在；配对已恢复
45102272,Ancient Dragon,4510,是,1,是,否,官方 1.17.1,原版存在；配对已恢复
45110000,Lichdragon Fortissax,4511,是,1,否,否,官方 1.17.1,原版存在；配对已恢复
45110001,,4511,否,1,否,否,官方 1.17.1,同模型新增变体；沿用官方处决配对
45110066,Lichdragon Fortissax,4511,是,1,否,否,官方 1.17.1,原版存在；配对已恢复
45200000,Dragonlord Placidusax (Unscaled),4520,是,1,是,否,官方 1.17.1,原版存在；配对已恢复
45200072,Dragonlord Placidusax,4520,是,1,是,否,官方 1.17.1,原版存在；配对已恢复
45200073,,4520,否,1,是,否,官方 1.17.1,同模型新增变体；沿用官方处决配对
45200100,Dragonlord Placidusax (Unscaled),4520,是,1,是,否,官方 1.17.1,原版存在；配对已恢复
45500000,Giant Dog,4550,是,2,是,否,官方 1.17.1,原版存在；配对已恢复
45500001,,4550,否,2,是,否,官方 1.17.1,同模型新增变体；沿用官方处决配对
45500002,,4550,否,2,是,否,官方 1.17.1,同模型新增变体；沿用官方处决配对
45500040,Giant Dog,4550,是,2,是,否,官方 1.17.1,原版存在；配对已恢复
45500042,Giant Dog,4550,是,2,是,否,官方 1.17.1,原版存在；配对已恢复
45501000,Giant Dog,4550,是,2,是,否,官方 1.17.1,原版存在；配对已恢复
45501040,Giant Dog,4550,是,2,是,否,官方 1.17.1,原版存在；配对已恢复
45502000,Giant Dog,4550,是,2,是,否,官方 1.17.1,原版存在；配对已恢复
45502040,Giant Dog,4550,是,2,是,否,官方 1.17.1,原版存在；配对已恢复
45502042,Giant Dog,4550,是,2,是,否,官方 1.17.1,原版存在；配对已恢复
45503000,Giant Dog,4550,是,2,是,否,官方 1.17.1,原版存在；配对已恢复
45503040,Giant Dog,4550,是,2,是,否,官方 1.17.1,原版存在；配对已恢复
45504000,Gowry's Giant Dog,4550,是,2,是,否,官方 1.17.1,原版存在；配对已恢复
45504040,Gowry's Giant Dog,4550,是,2,是,否,官方 1.17.1,原版存在；配对已恢复
45505000,Giant Dog (Snowfield),4550,是,2,是,否,官方 1.17.1,原版存在；配对已恢复
45505050,Giant Dog (Snowfield),4550,是,2,是,否,官方 1.17.1,原版存在；配对已恢复
45506000,Giant Dog,4550,是,2,是,否,官方 1.17.1,原版存在；配对已恢复
45506050,Giant Dog,4550,是,2,是,否,官方 1.17.1,原版存在；配对已恢复
45506200,Giant Dog,4550,是,2,是,否,官方 1.17.1,原版存在；配对已恢复
45506400,Giant Dog,4550,是,2,是,否,官方 1.17.1,原版存在；配对已恢复
45506450,Giant Dog,4550,是,2,是,否,官方 1.17.1,原版存在；配对已恢复
45506600,Giant Dog,4550,是,2,是,否,官方 1.17.1,原版存在；配对已恢复
45506650,Giant Dog,4550,是,2,是,否,官方 1.17.1,原版存在；配对已恢复
45508000,Giant Dog,4550,是,2,是,否,官方 1.17.1,原版存在；配对已恢复
45508100,Giant Dog,4550,是,2,是,否,官方 1.17.1,原版存在；配对已恢复
45600000,Giant Crow,4560,是,2,是,否,官方 1.17.1,原版存在；配对已恢复
45600040,Giant Crow,4560,是,2,是,否,官方 1.17.1,原版存在；配对已恢复
45600042,Giant Crow,4560,是,2,是,否,官方 1.17.1,原版存在；配对已恢复
45601000,Giant Crow (Snowfield),4560,是,2,是,否,官方 1.17.1,原版存在；配对已恢复
45601050,Giant Crow (Snowfield),4560,是,2,是,否,官方 1.17.1,原版存在；配对已恢复
45601850,Giant Crow (Snowfield),4560,是,2,是,否,官方 1.17.1,原版存在；配对已恢复
45609000,Giant Crow,4560,是,2,是,否,官方 1.17.1,原版存在；配对已恢复
45610000,Bloodbane Giant Crow,4561,是,2,否,否,官方 1.17.1,原版存在；配对已恢复
45610001,,4561,否,2,否,否,官方 1.17.1,同模型新增变体；沿用官方处决配对
45610068,Bloodbane Giant Crow,4561,是,2,否,否,官方 1.17.1,原版存在；配对已恢复
45700000,Wormface,4570,是,3,是,否,官方 1.17.1,原版存在；配对已恢复
45700001,,4570,否,3,是,否,官方 1.17.1,同模型新增变体；沿用官方处决配对
45700002,,4570,否,3,是,否,官方 1.17.1,同模型新增变体；沿用官方处决配对
45700030,Wormface,4570,是,3,是,否,官方 1.17.1,原版存在；配对已恢复
45701000,Wormface,4570,是,3,是,否,官方 1.17.1,原版存在；配对已恢复
45701072,Wormface,4570,是,3,是,否,官方 1.17.1,原版存在；配对已恢复
45702000,Wormface,4570,是,3,是,否,官方 1.17.1,原版存在；配对已恢复
45702030,Wormface,4570,是,3,是,否,官方 1.17.1,原版存在；配对已恢复
45800000,Giant Wormface,4580,是,2,是,否,官方 1.17.1,原版存在；配对已恢复
45800001,,4580,否,2,是,否,官方 1.17.1,同模型新增变体；沿用官方处决配对
45800030,Wormface (Boss),4580,是,2,是,否,官方 1.17.1,原版存在；配对已恢复
45801000,Giant Wormface,4580,是,2,是,否,官方 1.17.1,原版存在；配对已恢复
45801072,Giant Wormface,4580,是,2,是,否,官方 1.17.1,原版存在；配对已恢复
45802000,Giant Wormface,4580,是,2,是,否,官方 1.17.1,原版存在；配对已恢复
45802132,Giant Wormface,4580,是,2,是,否,官方 1.17.1,原版存在；配对已恢复
46000000,Troll,4600,是,2,是,否,官方 1.17.1,原版存在；配对已恢复
46000002,,4600,否,2,是,否,官方 1.17.1,同模型新增变体；沿用官方处决配对
46000010,Troll,4600,是,2,是,否,官方 1.17.1,原版存在；配对已恢复
46000012,Troll,4600,是,2,是,否,官方 1.17.1,原版存在；配对已恢复
46000014,Troll (Stormveil Castle),4600,是,2,是,否,官方 1.17.1,原版存在；配对已恢复
46000020,Troll,4600,是,2,是,否,官方 1.17.1,原版存在；配对已恢复
46000032,Troll,4600,是,2,是,否,官方 1.17.1,原版存在；配对已恢复
46000033,Troll,4600,是,2,是,否,官方 1.17.1,原版存在；配对已恢复
46000040,Troll,4600,是,2,是,否,官方 1.17.1,原版存在；配对已恢复
46000050,Troll,4600,是,2,是,否,官方 1.17.1,原版存在；配对已恢复
46000065,Troll,4600,是,2,是,否,官方 1.17.1,原版存在；配对已恢复
46000100,Troll,4600,是,2,是,否,官方 1.17.1,原版存在；配对已恢复
46000150,Troll,4600,是,2,是,否,官方 1.17.1,原版存在；配对已恢复
46001000,Troll,4600,是,2,是,否,官方 1.17.1,原版存在；配对已恢复
46001010,Troll,4600,是,2,是,否,官方 1.17.1,原版存在；配对已恢复
46001020,Troll,4600,是,2,是,否,官方 1.17.1,原版存在；配对已恢复
46001030,Troll,4600,是,2,是,否,官方 1.17.1,原版存在；配对已恢复
46001032,Troll,4600,是,2,是,否,官方 1.17.1,原版存在；配对已恢复
46001099,Troll,4600,是,2,是,否,官方 1.17.1,原版存在；配对已恢复
46001120,Troll,4600,是,2,是,否,官方 1.17.1,原版存在；配对已恢复
46001130,Troll,4600,是,2,是,否,官方 1.17.1,原版存在；配对已恢复
46003000,Troll,4600,是,2,是,否,官方 1.17.1,原版存在；配对已恢复
46003041,Troll,4600,是,2,是,否,官方 1.17.1,原版存在；配对已恢复
46003140,Troll,4600,是,2,是,否,官方 1.17.1,原版存在；配对已恢复
46004000,Frenzied Troll,4600,是,2,是,否,官方 1.17.1,原版存在；配对已恢复
46004032,Frenzied Troll,4600,是,2,是,否,官方 1.17.1,原版存在；配对已恢复
46004100,Frenzied Troll,4600,是,2,是,否,官方 1.17.1,原版存在；配对已恢复
46004152,Frenzied Troll,4600,是,2,是,否,官方 1.17.1,原版存在；配对已恢复
46008000,Troll (Rennala) (Unscaled),4600,是,2,是,否,官方 1.17.1,原版存在；配对已恢复
46008024,Troll (Rennala),4600,是,2,是,否,官方 1.17.1,原版存在；配对已恢复
46010000,Troll Knight,4601,是,2,否,否,官方 1.17.1,原版存在；配对已恢复
46010020,Troll Knight,4601,是,2,否,否,官方 1.17.1,原版存在；配对已恢复
46010021,Troll Knight,4601,是,2,否,否,官方 1.17.1,原版存在；配对已恢复
46010100,Troll Knight (Mausoleum),4601,是,2,否,否,官方 1.17.1,原版存在；配对已恢复
46010120,Troll Knight (Mausoleum),4601,是,2,否,否,官方 1.17.1,原版存在；配对已恢复
46010200,Troll Knight (Puppet),4601,是,2,否,否,官方 1.17.1,原版存在；配对已恢复
46010220,Troll Knight (Puppet),4601,是,2,否,否,官方 1.17.1,原版存在；配对已恢复
46010920,Carian Knight Bols (Boss),4601,是,2,否,否,官方 1.17.1,原版存在；配对已恢复
46018000,Troll Knight,4601,是,2,否,否,官方 1.17.1,原版存在；配对已恢复
46018021,Troll Knight,4601,是,2,否,否,官方 1.17.1,原版存在；配对已恢复
46020000,Snowfield Troll,4602,是,2,否,否,官方 1.17.1,原版存在；配对已恢复
46020050,Snowfield Troll,4602,是,2,否,否,官方 1.17.1,原版存在；配对已恢复
46021000,Snowfield Troll,4602,是,2,否,否,官方 1.17.1,原版存在；配对已恢复
46021052,Snowfield Troll,4602,是,2,否,否,官方 1.17.1,原版存在；配对已恢复
46022000,Snowfield Troll,4602,是,2,否,否,官方 1.17.1,原版存在；配对已恢复
46030000,Stonedigger Troll,4603,是,2,否,否,官方 1.17.1,原版存在；配对已恢复
46030910,Stonedigger Troll (Boss),4603,是,2,否,否,官方 1.17.1,原版存在；配对已恢复
46030930,Stonedigger Troll (Boss),4603,是,2,否,否,官方 1.17.1,原版存在；配对已恢复
46040000,Smithing Master Iji,4604,是,2,否,否,官方 1.17.1,原版存在；配对已恢复
46040002,,4604,否,2,否,否,官方 1.17.1,同模型新增变体；沿用官方处决配对
46040020,Smithing Master Iji,4604,是,2,否,否,官方 1.17.1,原版存在；配对已恢复
46040120,War Counselor Iji,4604,是,2,否,否,官方 1.17.1,原版存在；配对已恢复
46040220,War Counselor Iji,4604,是,2,否,否,官方 1.17.1,原版存在；配对已恢复
46100000,,4610,是,0,否,否,官方 1.17.1,原版存在；未定义官方处决配对
46200000,"Astel, Stars of Darkness",4620,是,1,是,否,官方 1.17.1,原版存在；配对已恢复
46200062,"Astel, Stars of Darkness",4620,是,1,是,否,官方 1.17.1,原版存在；配对已恢复
46200952,"Astel, Stars of Darkness (Snowfield Mine)",4620,是,1,是,否,官方 1.17.1,原版存在；配对已恢复
46201000,Malformed Stars (Unscaled),4620,是,1,是,否,官方 1.17.1,原版存在；配对已恢复
46202000,Malformed Stars (Unscaled),4620,是,1,是,否,官方 1.17.1,原版存在；配对已恢复
46202030,Malformed Stars,4620,是,1,是,否,官方 1.17.1,原版存在；配对已恢复
46202060,Malformed Stars (Ainsel River),4620,是,1,是,否,官方 1.17.1,原版存在；配对已恢复
46202062,Malformed Stars,4620,是,1,是,否,官方 1.17.1,原版存在；配对已恢复
46209000,"Astel, Stars of Darkness (Unscaled)",4620,是,1,是,否,官方 1.17.1,原版存在；配对已恢复
46209100,Malformed Stars (Unscaled),4620,是,1,是,否,官方 1.17.1,原版存在；配对已恢复
46209152,Malformed Stars (Snowfield Mine Clone),4620,是,1,是,否,官方 1.17.1,原版存在；配对已恢复
46209200,Malformed Stars (Unscaled),4620,是,1,是,否,官方 1.17.1,原版存在；配对已恢复
46209300,Malformed Stars (Unscaled),4620,是,1,是,否,官方 1.17.1,原版存在；配对已恢复
46300000,Runebear,4630,是,2,是,否,官方 1.17.1,原版存在；配对已恢复
46300001,,4630,否,2,是,否,官方 1.17.1,同模型新增变体；沿用官方处决配对
46300010,Runebear,4630,是,2,是,否,官方 1.17.1,原版存在；配对已恢复
46300020,Runebear,4630,是,2,是,否,官方 1.17.1,原版存在；配对已恢复
46300030,Runebear,4630,是,2,是,否,官方 1.17.1,原版存在；配对已恢复
46300032,Runebear,4630,是,2,是,否,官方 1.17.1,原版存在；配对已恢复
46300033,Runebear,4630,是,2,是,否,官方 1.17.1,原版存在；配对已恢复
46300042,Runebear,4630,是,2,是,否,官方 1.17.1,原版存在；配对已恢复
46300052,Runebear,4630,是,2,是,否,官方 1.17.1,原版存在；配对已恢复
46300066,Runebear,4630,是,2,是,否,官方 1.17.1,原版存在；配对已恢复
46300072,Runebear,4630,是,2,是,否,官方 1.17.1,原版存在；配对已恢复
46300100,White Runebear,4630,是,2,是,否,官方 1.17.1,原版存在；配对已恢复
46300152,White Runebear,4630,是,2,是,否,官方 1.17.1,原版存在；配对已恢复
46300200,Elite Runebear,4630,是,2,是,否,官方 1.17.1,原版存在；配对已恢复
46300240,Elite Runebear,4630,是,2,是,否,官方 1.17.1,原版存在；配对已恢复
46300310,Runebear,4630,是,2,是,否,官方 1.17.1,原版存在；配对已恢复
46300342,Runebear,4630,是,2,是,否,官方 1.17.1,原版存在；配对已恢复
46300410,Runebear,4630,是,2,是,否,官方 1.17.1,原版存在；配对已恢复
46300652,Elite Runebear,4630,是,2,是,否,官方 1.17.1,原版存在；配对已恢复
46300700,Runebear,4630,是,2,是,否,官方 1.17.1,原版存在；配对已恢复
46300766,Runebear,4630,是,2,是,否,官方 1.17.1,原版存在；配对已恢复
46300912,Runebear (Boss),4630,是,2,是,否,官方 1.17.1,原版存在；配对已恢复
46400000,Ulcerated Tree Spirit,4640,是,1,是,否,官方 1.17.1,原版存在；配对已恢复
46400007,Ulcerated Tree Spirit (Boss),4640,是,1,是,否,官方 1.17.1,原版存在；配对已恢复
46400014,Ulcerated Tree Spirit (Stormveil Castle),4640,是,1,是,否,官方 1.17.1,原版存在；配对已恢复
46400032,Ulcerated Tree Spirit (Boss),4640,是,1,是,否,官方 1.17.1,原版存在；配对已恢复
46400033,Ulcerated Tree Spirit,4640,是,1,是,否,官方 1.17.1,原版存在；配对已恢复
46400034,Ulcerated Tree Spirit (Leyndell),4640,是,1,是,否,官方 1.17.1,原版存在；配对已恢复
46400070,Ulcerated Tree Spirit,4640,是,1,是,否,官方 1.17.1,原版存在；配对已恢复
46400100,Putrid Tree Spirit,4640,是,1,是,否,官方 1.17.1,原版存在；配对已恢复
46400156,Putrid Tree Spirit,4640,是,1,是,否,官方 1.17.1,原版存在；配对已恢复
46400162,Putrid Tree Spirit,4640,是,1,是,否,官方 1.17.1,原版存在；配对已恢复
46400942,Putrid Tree Spirit (Boss),4640,是,1,是,否,官方 1.17.1,原版存在；配对已恢复
46400943,,4640,否,1,是,否,官方 1.17.1,同模型新增变体；沿用官方处决配对
46400946,,4640,否,1,是,否,官方 1.17.1,同模型新增变体；沿用官方处决配对
46400950,Ulcerated Tree Spirit (Boss),4640,是,1,是,否,官方 1.17.1,原版存在；配对已恢复
46500000,Dragonkin Soldier (Ice Lightning) (Unscaled),4650,是,1,是,否,官方 1.17.1,原版存在；配对已恢复
46500003,,4650,否,1,是,否,官方 1.17.1,同模型新增变体；沿用官方处决配对
46500060,Dragonkin Soldier (Ice Lightning) (Nokstella),4650,是,1,是,否,官方 1.17.1,原版存在；配对已恢复
46500100,Dragonkin Soldier (Ice Lightning)  (Unscaled),4650,是,1,是,否,官方 1.17.1,原版存在；配对已恢复
46500160,Dragonkin Soldier (Ice Lightning),4650,是,1,是,否,官方 1.17.1,原版存在；配对已恢复
46500200,Dragonkin Soldier (Unscaled),4650,是,1,是,否,官方 1.17.1,原版存在；配对已恢复
46500262,Dragonkin Soldier (Lake of Rot),4650,是,1,是,否,官方 1.17.1,原版存在；配对已恢复
46500263,,4650,否,1,是,否,官方 1.17.1,同模型新增变体；沿用官方处决配对
46500265,Dragonkin Soldier (Nokron),4650,是,1,是,否,官方 1.17.1,原版存在；配对已恢复
46500300,Dragonkin Soldier Phantom (Unscaled),4650,是,1,是,否,官方 1.17.1,原版存在；配对已恢复
46500352,Dragonkin Soldier Phantom (Snowfields),4650,是,1,是,否,官方 1.17.1,原版存在；配对已恢复
46500900,Dragonkin Soldier of Nokstella Healthbar (Unscaled),4650,是,1,是,否,官方 1.17.1,原版存在；配对已恢复
46500960,Dragonkin Soldier of Nokstella Healthbar (Boss),4650,是,1,是,否,官方 1.17.1,原版存在；配对已恢复
46600000,Guardian Golem,4660,是,2,是,否,官方 1.17.1,原版存在；配对已恢复
46600010,Guardian Golem,4660,是,2,是,否,官方 1.17.1,原版存在；配对已恢复
46600030,Guardian Golem,4660,是,2,是,否,官方 1.17.1,原版存在；配对已恢复
46600034,Guardian Golem (Leyndell),4660,是,2,是,否,官方 1.17.1,原版存在；配对已恢复
46600070,Guardian Golem,4660,是,2,是,否,官方 1.17.1,原版存在；配对已恢复
46600100,Guardian Golem,4660,是,2,是,否,官方 1.17.1,原版存在；配对已恢复
46600120,Guardian Golem,4660,是,2,是,否,官方 1.17.1,原版存在；配对已恢复
46600133,Guardian Golem,4660,是,2,是,否,官方 1.17.1,原版存在；配对已恢复
46600150,Guardian Golem,4660,是,2,是,否,官方 1.17.1,原版存在；配对已恢复
46600170,Guardian Golem,4660,是,2,是,否,官方 1.17.1,原版存在；配对已恢复
46600910,Guardian Golem (Limgrave Boss),4660,是,2,是,否,官方 1.17.1,原版存在；配对已恢复
46601000,Guardian Golem,4660,是,2,是,否,官方 1.17.1,原版存在；配对已恢复
46601010,Guardian Golem,4660,是,2,是,否,官方 1.17.1,原版存在；配对已恢复
46601030,Guardian Golem,4660,是,2,是,否,官方 1.17.1,原版存在；配对已恢复
46601034,Guardian Golem (Leyndell),4660,是,2,是,否,官方 1.17.1,原版存在；配对已恢复
46601040,Guardian Golem,4660,是,2,是,否,官方 1.17.1,原版存在；配对已恢复
46601042,Guardian Golem,4660,是,2,是,否,官方 1.17.1,原版存在；配对已恢复
46601100,Guardian Golem,4660,是,2,是,否,官方 1.17.1,原版存在；配对已恢复
46601120,Guardian Golem,4660,是,2,是,否,官方 1.17.1,原版存在；配对已恢复
46601140,Guardian Golem,4660,是,2,是,否,官方 1.17.1,原版存在；配对已恢复
46602000,Guardian Golem,4660,是,2,是,否,官方 1.17.1,原版存在；配对已恢复
46602050,Guardian Golem,4660,是,2,是,否,官方 1.17.1,原版存在；配对已恢复
46602100,Guardian Golem,4660,是,2,是,否,官方 1.17.1,原版存在；配对已恢复
46603000,Guardian Golem,4660,是,2,是,否,官方 1.17.1,原版存在；配对已恢复
46603100,Guardian Golem,4660,是,2,是,否,官方 1.17.1,原版存在；配对已恢复
46604000,Guardian Golem,4660,是,2,是,否,官方 1.17.1,原版存在；配对已恢复
46604100,Guardian Golem,4660,是,2,是,否,官方 1.17.1,原版存在；配对已恢复
46604142,Guardian Golem,4660,是,2,是,否,官方 1.17.1,原版存在；配对已恢复
46605000,Guardian Golem,4660,是,2,是,否,官方 1.17.1,原版存在；配对已恢复
46605040,Guardian Golem,4660,是,2,是,否,官方 1.17.1,原版存在；配对已恢复
46605100,Guardian Golem,4660,是,2,是,否,官方 1.17.1,原版存在；配对已恢复
46605140,Guardian Golem,4660,是,2,是,否,官方 1.17.1,原版存在；配对已恢复
46606000,Guardian Golem,4660,是,2,是,否,官方 1.17.1,原版存在；配对已恢复
46606010,Guardian Golem,4660,是,2,是,否,官方 1.17.1,原版存在；配对已恢复
46606020,Guardian Golem,4660,是,2,是,否,官方 1.17.1,原版存在；配对已恢复
46607000,Guardian Golem,4660,是,2,是,否,官方 1.17.1,原版存在；配对已恢复
46607012,Guardian Golem,4660,是,2,是,否,官方 1.17.1,原版存在；配对已恢复
46607033,Guardian Golem,4660,是,2,是,否,官方 1.17.1,原版存在；配对已恢复
46608000,Guardian Golem,4660,是,2,是,否,官方 1.17.1,原版存在；配对已恢复
46609000,Guardian Golem,4660,是,2,是,否,官方 1.17.1,原版存在；配对已恢复
46609050,Guardian Golem,4660,是,2,是,否,官方 1.17.1,原版存在；配对已恢复
46700000,Ancestor Spirit,4670,是,1,是,否,官方 1.17.1,原版存在；配对已恢复
46700001,,4670,否,1,是,否,官方 1.17.1,同模型新增变体；沿用官方处决配对
46700065,Ancestor Spirit (Regal),4670,是,1,是,否,官方 1.17.1,原版存在；配对已恢复
46700100,Ancestor Spirit,4670,是,1,是,否,官方 1.17.1,原版存在；配对已恢复
46700200,Ancestor Spirit,4670,是,1,是,否,官方 1.17.1,原版存在；配对已恢复
46700300,Ancestor Spirit,4670,是,1,是,否,官方 1.17.1,原版存在；配对已恢复
46700400,Ancestor Spirit,4670,是,1,是,否,官方 1.17.1,原版存在；配对已恢复
46700964,Ancestor Spirit (Nonregal),4670,是,1,是,否,官方 1.17.1,原版存在；配对已恢复
46705000,Ancestor Spirit,4670,是,1,是,否,官方 1.17.1,原版存在；配对已恢复
46800000,Full-Grown Fallingstar Beast (Unscaled),4680,是,1,是,否,官方 1.17.1,原版存在；配对已恢复
46800002,,4680,否,1,是,否,官方 1.17.1,同模型新增变体；沿用官方处决配对
46800032,Full-Grown Fallingstar Beast (Volcano Top),4680,是,1,是,否,官方 1.17.1,原版存在；配对已恢复
46801000,Fallingstar Beast (Unscaled),4680,是,1,是,否,官方 1.17.1,原版存在；配对已恢复
46801930,Fallingstar Beast (Altus Plateau),4680,是,1,是,否,官方 1.17.1,原版存在；配对已恢复
46801940,Fallingstar Beast (Sellia Tunnel),4680,是,1,是,否,官方 1.17.1,原版存在；配对已恢复
46900000,Grafted Scion (Unscaled),4690,是,2,是,否,官方 1.17.1,原版存在；配对已恢复
46900001,,4690,否,2,是,否,官方 1.17.1,同模型新增变体；沿用官方处决配对
46900002,,4690,否,2,是,否,官方 1.17.1,同模型新增变体；沿用官方处决配对
46900007,Grafted Scion (Fringefolk Grave),4690,是,2,是,否,官方 1.17.1,原版存在；配对已恢复
46900008,Grafted Scion (Boss),4690,是,2,是,否,官方 1.17.1,原版存在；配对已恢复
46900014,Grafted Scion (Stormveil Castle),4690,是,2,是,否,官方 1.17.1,原版存在；配对已恢复
46900020,Grafted Scion (Liurnia of the Lakes),4690,是,2,是,否,官方 1.17.1,原版存在；配对已恢复
46900032,Grafted Scion (Mt. Gelmir),4690,是,2,是,否,官方 1.17.1,原版存在；配对已恢复
46900034,Grafted Scion (Leyndell),4690,是,2,是,否,官方 1.17.1,原版存在；配对已恢复
47100000,God-Devouring Serpent (Unscaled),4710,是,0,是,否,官方 1.17.1,原版存在；未定义官方处决配对
47100038,God-Devouring Serpent,4710,是,0,是,否,官方 1.17.1,原版存在；配对已恢复
47101000,Rykard- Lord of Blasphemy (Unscaled),4710,是,0,是,否,官方 1.17.1,原版存在；配对已恢复
47101038,Rykard- Lord of Blasphemy,4710,是,0,是,否,官方 1.17.1,原版存在；配对已恢复
47102000,Rykard- Lord of Blasphemy (Unscaled),4710,是,0,是,否,官方 1.17.1,原版存在；配对已恢复
47109000,Rykard- Lord of Blasphemy (Unscaled),4710,是,0,是,否,官方 1.17.1,原版存在；配对已恢复
47110000,Rykard's Corpse,4711,是,0,否,否,官方 1.17.1,原版存在；未定义官方处决配对
47110038,Rykard's Corpse,4711,是,0,否,否,官方 1.17.1,原版存在；配对已恢复
47200000,Godfrey- First Elden Lord (Unscaled),4720,是,2,是,否,官方 1.17.1,原版存在；配对已恢复
47200070,Godfrey- First Elden Lord,4720,是,2,是,否,官方 1.17.1,原版存在；配对已恢复
47200100,Godfrey- First Elden Lord (Unscaled),4720,是,2,是,否,官方 1.17.1,原版存在；配对已恢复
47200134,Godfrey- First Elden Lord (Phantom),4720,是,2,是,否,官方 1.17.1,原版存在；配对已恢复
47210000,Hoarah Loux (Unscaled),4721,是,2,是,否,官方 1.17.1,原版存在；配对已恢复
47210070,Hoarah Loux,4721,是,2,是,否,官方 1.17.1,原版存在；配对已恢复
47300000,Starscourge Radahn,4730,是,1,是,否,官方 1.17.1,原版存在；配对已恢复
47300040,Starscourge Radahn,4730,是,1,是,否,官方 1.17.1,原版存在；配对已恢复
47500000,Godrick the Grafted (Unscaled),4750,是,2,是,否,官方 1.17.1,原版存在；配对已恢复
47500014,Godrick the Grafted (Stormveil Castle),4750,是,2,是,否,官方 1.17.1,原版存在；配对已恢复
47500030,Godefroy the Grafted (Altus),4750,是,2,是,否,官方 1.17.1,原版存在；配对已恢复
47501000,Godrick the Grafted (Unscaled),4750,是,2,是,否,官方 1.17.1,原版存在；配对已恢复
47510000,Godrick - Head and Torso,4751,是,0,否,否,官方 1.17.1,原版存在；未定义官方处决配对
47510014,Godrick - Head and Torso (Stormveil Castle),4751,是,0,否,否,官方 1.17.1,原版存在；配对已恢复
47600000,Fire Giant,4760,是,1,是,否,官方 1.17.1,原版存在；配对已恢复
47600001,,4760,否,1,是,否,官方 1.17.1,同模型新增变体；沿用官方处决配对
47600050,Fire Giant,4760,是,1,是,否,官方 1.17.1,原版存在；配对已恢复
47600900,Fire Giant,4760,是,1,是,否,官方 1.17.1,原版存在；配对已恢复
47601000,Fire Giant,4760,是,1,是,否,官方 1.17.1,原版存在；配对已恢复
47601050,Fire Giant,4760,是,1,是,否,官方 1.17.1,原版存在；配对已恢复
47601900,Fire Giant,4760,是,1,是,否,官方 1.17.1,原版存在；配对已恢复
47700000,Gargoyle,4770,是,1,是,否,官方 1.17.1,原版存在；配对已恢复
47700033,Gargoyle (Capital Outskirts),4770,是,1,是,否,官方 1.17.1,原版存在；配对已恢复
47700034,Gargoyle (Leyndell - Royal Capital),4770,是,1,是,否,官方 1.17.1,原版存在；配对已恢复
47700070,Gargoyle (Leyndell - Ashen Capital),4770,是,1,是,否,官方 1.17.1,原版存在；配对已恢复
47700100,Gargoyle (Poison Breath),4770,是,1,是,否,官方 1.17.1,原版存在；配对已恢复
47700165,Valiant Gargoyle (Twinblade) (Nokron),4770,是,1,是,否,官方 1.17.1,原版存在；配对已恢复
47700200,Black Blade Kindred,4770,是,1,是,否,官方 1.17.1,原版存在；配对已恢复
47700250,Black Blade Kindred (Forbidden Lands),4770,是,1,是,否,官方 1.17.1,原版存在；配对已恢复
47701000,Gargoyle (Greatsword),4770,是,1,是,否,官方 1.17.1,原版存在；配对已恢复
47701001,,4770,否,1,是,否,官方 1.17.1,同模型新增变体；沿用官方处决配对
47701004,,4770,否,1,是,否,官方 1.17.1,同模型新增变体；沿用官方处决配对
47701034,Gargoyle (Greatsword) (Leyndell - Royal Capital),4770,是,1,是,否,官方 1.17.1,原版存在；配对已恢复
47701100,Gargoyle (Greatsword + Poison Breath),4770,是,1,是,否,官方 1.17.1,原版存在；配对已恢复
47701165,Valiant Gargoyle (Nokron),4770,是,1,是,否,官方 1.17.1,原版存在；配对已恢复
47701200,Black Blade Kindred (Greatsword),4770,是,1,是,否,官方 1.17.1,原版存在；配对已恢复
47701242,Black Blade Kindred (Dragonbarrow - Bestial Sanctum),4770,是,1,是,否,官方 1.17.1,原版存在；配对已恢复
47702000,Ruined Gargoyle,4770,是,1,是,否,官方 1.17.1,原版存在；配对已恢复
47702034,Ruined Gargoyle (Leyndell - Royal Capital),4770,是,1,是,否,官方 1.17.1,原版存在；配对已恢复
47702066,Ruined Gargoyle (Deeproot Depths),4770,是,1,是,否,官方 1.17.1,原版存在；配对已恢复
47709900,Gargoyle -Passive Battle State-,4770,是,1,是,否,官方 1.17.1,原版存在；配对已恢复
47709910,Gargoyle (Greatsword) -Passive Battle State-,4770,是,1,是,否,官方 1.17.1,原版存在；配对已恢复
48000000,"Mohg, the Omen",4800,是,2,是,否,官方 1.17.1,原版存在；配对已恢复
48000068,"Mohg, Lord of Blood",4800,是,2,是,否,官方 1.17.1,原版存在；配对已恢复
48001000,"Mohg, the Omen",4800,是,2,是,否,官方 1.17.1,原版存在；配对已恢复
48001935,"Mohg, the Omen (Sewers)",4800,是,2,是,否,官方 1.17.1,原版存在；配对已恢复
48008000,"Mohg, the Omen",4800,是,2,是,否,官方 1.17.1,原版存在；配对已恢复
48009000,"Mohg, the Omen",4800,是,2,是,否,官方 1.17.1,原版存在；配对已恢复
48100000,Erdtree Avatar,4810,是,1,是,否,官方 1.17.1,原版存在；配对已恢复
48100001,,4810,否,1,是,否,官方 1.17.1,同模型新增变体；沿用官方处决配对
48100012,Erdtree Avatar (Weeping Peninsula Boss),4810,是,1,是,否,官方 1.17.1,原版存在；配对已恢复
48100020,Erdtree Avatar (North Liurnia),4810,是,1,是,否,官方 1.17.1,原版存在；配对已恢复
48100034,Erdtree Avatar (Leyndell),4810,是,1,是,否,官方 1.17.1,原版存在；配对已恢复
48100040,Erdtree Avatar,4810,是,1,是,否,官方 1.17.1,原版存在；配对已恢复
48100066,Erdtree Avatar (Deeproot Depths),4810,是,1,是,否,官方 1.17.1,原版存在；配对已恢复
48100100,Erdtree Avatar,4810,是,1,是,否,官方 1.17.1,原版存在；配对已恢复
48100150,Erdtree Avatar (Giants Mountaintops),4810,是,1,是,否,官方 1.17.1,原版存在；配对已恢复
48100920,Erdtree Avatar (South Liurnia),4810,是,1,是,否,官方 1.17.1,原版存在；配对已恢复
48109990,Erdtree Avatar,4810,是,1,是,否,官方 1.17.1,原版存在；配对已恢复
48109991,Erdtree Avatar,4810,是,1,是,否,官方 1.17.1,原版存在；配对已恢复
48109992,Erdtree Avatar,4810,是,1,是,否,官方 1.17.1,原版存在；配对已恢复
48110000,Putrid Erdtree Avatar,4811,是,1,否,否,官方 1.17.1,原版存在；配对已恢复
48110003,,4811,否,1,否,否,官方 1.17.1,同模型新增变体；沿用官方处决配对
48110040,Putrid Erdtree Avatar,4811,是,1,否,否,官方 1.17.1,原版存在；配对已恢复
48110042,Putrid Erdtree Avatar,4811,是,1,否,否,官方 1.17.1,原版存在；配对已恢复
48110052,Putrid Erdtree Avatar (Snowfield),4811,是,1,否,否,官方 1.17.1,原版存在；配对已恢复
48110054,Putrid Erdtree Avatar,4811,是,1,否,否,官方 1.17.1,原版存在；配对已恢复
48110056,Putrid Erdtree Avatar,4811,是,1,否,否,官方 1.17.1,原版存在；配对已恢复
48200000,Omenkiller,4820,是,5,是,是,官方 1.17.1,原版存在；配对已恢复
48200001,,4820,否,5,是,是,官方 1.17.1,同模型新增变体；沿用官方处决配对
48200002,,4820,否,5,是,是,官方 1.17.1,同模型新增变体；沿用官方处决配对
48200100,Omenkiller,4820,是,5,是,是,官方 1.17.1,原版存在；配对已恢复
48200130,Omenkiller,4820,是,5,是,是,官方 1.17.1,原版存在；配对已恢复
48200134,Omenkiller (Leyndell),4820,是,5,是,是,官方 1.17.1,原版存在；配对已恢复
48200138,Omenkiller,4820,是,5,是,是,官方 1.17.1,原版存在；配对已恢复
48200820,Omenkiller,4820,是,5,是,是,官方 1.17.1,原版存在；配对已恢复
48200920,Omenkiller (Boss),4820,是,5,是,是,官方 1.17.1,原版存在；配对已恢复
48200930,Omenkiller (Boss Village),4820,是,5,是,是,官方 1.17.1,原版存在；配对已恢复
48208000,Omenkiller,4820,是,5,是,是,官方 1.17.1,原版存在；配对已恢复
48208030,Omenkiller,4820,是,5,是,是,官方 1.17.1,原版存在；配对已恢复
48208034,Omenkiller (Leyndell),4820,是,5,是,是,官方 1.17.1,原版存在；配对已恢复
48208038,Omenkiller,4820,是,5,是,是,官方 1.17.1,原版存在；配对已恢复
48208100,Omenkiller,4820,是,5,是,是,官方 1.17.1,原版存在；配对已恢复
48208138,Omenkiller,4820,是,5,是,是,官方 1.17.1,原版存在；配对已恢复
49100000,Magma Wyrm,4910,是,1,是,否,官方 1.17.1,原版存在；配对已恢复
49100002,,4910,否,1,是,否,官方 1.17.1,同模型新增变体；沿用官方处决配对
49100026,Magma Wyrm Makar (Boss),4910,是,1,是,否,官方 1.17.1,原版存在；配对已恢复
49100032,Magma Wyrm (Lava Lake Boss),4910,是,1,是,否,官方 1.17.1,原版存在；配对已恢复
49100038,Magma Wyrm (Volcano Manor),4910,是,1,是,否,官方 1.17.1,原版存在；配对已恢复
49100100,Magma Wyrm,4910,是,1,是,否,官方 1.17.1,原版存在；配对已恢复
49100940,Magma Wyrm (Gael Tunnel Boss),4910,是,1,是,否,官方 1.17.1,原版存在；配对已恢复
49110000,Great Wyrm Theodorix,4911,是,1,否,否,官方 1.17.1,原版存在；配对已恢复
49110052,Great Wyrm Theodorix (Boss),4911,是,1,否,否,官方 1.17.1,原版存在；配对已恢复
49110053,,4911,否,1,否,否,官方 1.17.1,同模型新增变体；沿用官方处决配对
49500000,Tibia Mariner,4950,是,0,是,否,官方 1.17.1,原版存在；未定义官方处决配对
49500010,Tibia Mariner (Limgrave),4950,是,0,是,否,官方 1.17.1,原版存在；配对已恢复
49500020,Tibia Mariner (Boss),4950,是,0,是,否,官方 1.17.1,原版存在；配对已恢复
49500032,Tibia Mariner (Boss),4950,是,0,是,否,官方 1.17.1,原版存在；配对已恢复
49500050,Tibia Mariner,4950,是,0,是,否,官方 1.17.1,原版存在；配对已恢复
49600000,Giant Skeleton Torso,4960,是,0,是,否,官方 1.17.1,原版存在；未定义官方处决配对
49600032,Giant Skeleton Torso,4960,是,0,是,否,官方 1.17.1,原版存在；配对已恢复
49600050,Giant Skeleton Torso,4960,是,0,是,否,官方 1.17.1,原版存在；配对已恢复
49600100,Giant Skeleton Torso,4960,是,0,是,否,官方 1.17.1,原版存在；配对已恢复
49600168,Giant Skeleton Torso,4960,是,0,是,否,官方 1.17.1,原版存在；配对已恢复
49800000,Death Bird,4980,是,1,是,否,官方 1.17.1,原版存在；配对已恢复
49800001,,4980,否,1,是,否,官方 1.17.1,同模型新增变体；沿用官方处决配对
49800010,Death Bird (Limgrave),4980,是,1,是,否,官方 1.17.1,原版存在；配对已恢复
49800012,Death Bird (Weeping Peninsula),4980,是,1,是,否,官方 1.17.1,原版存在；配对已恢复
49800020,Death Bird (Liurnia),4980,是,1,是,否,官方 1.17.1,原版存在；配对已恢复
49800032,Death Bird,4980,是,1,是,否,官方 1.17.1,原版存在；配对已恢复
49800033,Death Bird (Altus),4980,是,1,是,否,官方 1.17.1,原版存在；配对已恢复
49801000,Death Rite Bird,4980,是,1,是,否,官方 1.17.1,原版存在；配对已恢复
49801020,Death Rite Bird,4980,是,1,是,否,官方 1.17.1,原版存在；配对已恢复
49801040,Death Rite Bird,4980,是,1,是,否,官方 1.17.1,原版存在；配对已恢复
49801050,Death Rite Bird,4980,是,1,是,否,官方 1.17.1,原版存在；配对已恢复
49801052,Death Rite Bird,4980,是,1,是,否,官方 1.17.1,原版存在；配对已恢复
49801053,,4980,否,1,是,否,官方 1.17.1,同模型新增变体；沿用官方处决配对
49801057,,4980,否,1,是,否,官方 1.17.1,同模型新增变体；沿用官方处决配对
50000000,Commander Gaius,5000,是,1,是,否,官方 1.17.1,原版存在；配对已恢复
50000001,Commander Gaius,5000,是,1,是,否,官方 1.17.1,原版存在；配对已恢复
50000002,,5000,否,1,是,否,官方 1.17.1,同模型新增变体；沿用官方处决配对
50000092,Commander Gaius (Boss),5000,是,1,是,否,官方 1.17.1,原版存在；配对已恢复
50000093,,5000,否,1,是,否,官方 1.17.1,同模型新增变体；沿用官方处决配对
50100000,Golden Hippopotamus,5010,是,1,是,否,官方 1.17.1,原版存在；配对已恢复
50100001,Golden Hippopotamus,5010,是,1,是,否,官方 1.17.1,原版存在；配对已恢复
50100002,,5010,否,1,是,否,官方 1.17.1,同模型新增变体；沿用官方处决配对
50100098,Golden Hippopotamus (Boss),5010,是,1,是,否,官方 1.17.1,原版存在；配对已恢复
50100099,,5010,否,1,是,否,官方 1.17.1,同模型新增变体；沿用官方处决配对
50110000,Golden Hippopotamus (Golden Wings),5011,是,1,否,否,官方 1.17.1,原版存在；配对已恢复
50110084,Golden Hippopotamus (Charo's Hidden Grave),5011,是,1,否,否,官方 1.17.1,原版存在；配对已恢复
50110090,Golden Hippopotamus (Golden Wings),5011,是,1,否,否,官方 1.17.1,原版存在；配对已恢复
50110091,Golden Hippopotamus (Recluses' River),5011,是,1,否,否,官方 1.17.1,原版存在；配对已恢复
50110094,Golden Hippopotamus (Rauh),5011,是,1,否,否,官方 1.17.1,原版存在；配对已恢复
50200000,Putrescent Knight,5020,是,1,是,否,官方 1.17.1,原版存在；配对已恢复
50200001,Putrescent Knight,5020,是,1,是,否,官方 1.17.1,原版存在；配对已恢复
50200087,Putrescent Knight (Boss),5020,是,1,是,否,官方 1.17.1,原版存在；配对已恢复
50200100,Putrescent Knight,5020,是,1,是,否,官方 1.17.1,原版存在；配对已恢复
50200101,Putrescent Knight,5020,是,1,是,否,官方 1.17.1,原版存在；配对已恢复
50200187,Putrescent Knight,5020,是,1,是,否,官方 1.17.1,原版存在；配对已恢复
50200188,,5020,否,1,是,否,官方 1.17.1,同模型新增变体；沿用官方处决配对
50300000,"Romina, Saint of the Bud",5030,是,2,是,否,官方 1.17.1,原版存在；配对已恢复
50300001,"Romina, Saint of the Bud",5030,是,2,是,否,官方 1.17.1,原版存在；配对已恢复
50300094,"Romina, Saint of the Bud (Boss)",5030,是,2,是,否,官方 1.17.1,原版存在；配对已恢复
50400000,Curseblade,5040,是,4,是,否,官方 1.17.1,原版存在；配对已恢复
50400001,,5040,否,4,是,否,官方 1.17.1,同模型新增变体；沿用官方处决配对
50400080,Curseblade,5040,是,4,是,否,官方 1.17.1,原版存在；配对已恢复
50400081,Curseblade,5040,是,4,是,否,官方 1.17.1,原版存在；配对已恢复
50400088,Curseblade,5040,是,4,是,否,官方 1.17.1,原版存在；配对已恢复
50400089,Curseblade,5040,是,4,是,否,官方 1.17.1,原版存在；配对已恢复
50400090,Curseblade,5040,是,4,是,否,官方 1.17.1,原版存在；配对已恢复
50400091,Curseblade,5040,是,4,是,否,官方 1.17.1,原版存在；配对已恢复
50400094,Curseblade,5040,是,4,是,否,官方 1.17.1,原版存在；配对已恢复
50400100,Curseblade,5040,是,4,是,否,官方 1.17.1,原版存在；配对已恢复
50400190,Curseblade Labirith (Boss),5040,是,4,是,否,官方 1.17.1,原版存在；配对已恢复
50400194,Curseblade,5040,是,4,是,否,官方 1.17.1,原版存在；配对已恢复
50400200,Curseblade,5040,是,4,是,否,官方 1.17.1,原版存在；配对已恢复
50400300,Curseblade,5040,是,4,是,否,官方 1.17.1,原版存在；配对已恢复
50400400,Curseblade,5040,是,4,是,否,官方 1.17.1,原版存在；配对已恢复
50400494,Curseblade,5040,是,4,是,否,官方 1.17.1,原版存在；配对已恢复
50400500,Curseblade,5040,是,4,是,否,官方 1.17.1,原版存在；配对已恢复
50400600,Curseblade,5040,是,4,是,否,官方 1.17.1,原版存在；配对已恢复
50400700,Curseblade,5040,是,4,是,否,官方 1.17.1,原版存在；配对已恢复
50500000,Midra - Human,5050,是,3,是,否,官方 1.17.1,原版存在；配对已恢复
50500001,Midra - Human,5050,是,3,是,否,官方 1.17.1,原版存在；配对已恢复
50500086,Midra - Human,5050,是,3,是,否,官方 1.17.1,原版存在；配对已恢复
50510000,"Midra, Lord of Frenzied Flame",5051,是,3,是,否,官方 1.17.1,原版存在；配对已恢复
50510001,"Midra, Lord of Frenzied Flame",5051,是,3,是,否,官方 1.17.1,原版存在；配对已恢复
50510086,"Midra, Lord of Frenzied Flame (Boss)",5051,是,3,是,否,官方 1.17.1,原版存在；配对已恢复
50600000,Lamprey,5060,是,3,是,否,官方 1.17.1,原版存在；配对已恢复
50600001,Lamprey,5060,是,3,是,否,官方 1.17.1,原版存在；配对已恢复
50600083,Lamprey,5060,是,3,是,否,官方 1.17.1,原版存在；配对已恢复
50600093,Lamprey,5060,是,3,是,否,官方 1.17.1,原版存在；配对已恢复
50600100,Lamprey,5060,是,3,是,否,官方 1.17.1,原版存在；配对已恢复
50600101,Lamprey,5060,是,3,是,否,官方 1.17.1,原版存在；配对已恢复
50600193,Lamprey,5060,是,3,是,否,官方 1.17.1,原版存在；配对已恢复
50600200,Lamprey,5060,是,3,是,否,官方 1.17.1,原版存在；配对已恢复
50600201,Lamprey,5060,是,3,是,否,官方 1.17.1,原版存在；配对已恢复
50600283,Lamprey,5060,是,3,是,否,官方 1.17.1,原版存在；配对已恢复
50600293,Lamprey,5060,是,3,是,否,官方 1.17.1,原版存在；配对已恢复
50600300,Lamprey,5060,是,3,是,否,官方 1.17.1,原版存在；配对已恢复
50600301,Lamprey,5060,是,3,是,否,官方 1.17.1,原版存在；配对已恢复
50600383,Lamprey,5060,是,3,是,否,官方 1.17.1,原版存在；配对已恢复
50600393,Lamprey,5060,是,3,是,否,官方 1.17.1,原版存在；配对已恢复
50600400,Lamprey,5060,是,3,是,否,官方 1.17.1,原版存在；配对已恢复
50600493,Lamprey,5060,是,3,是,否,官方 1.17.1,原版存在；配对已恢复
50600593,Lamprey,5060,是,3,是,否,官方 1.17.1,原版存在；配对已恢复
50600683,Lamprey,5060,是,3,是,否,官方 1.17.1,原版存在；配对已恢复
50600793,Lamprey,5060,是,3,是,否,官方 1.17.1,原版存在；配对已恢复
50600883,Lamprey,5060,是,3,是,否,官方 1.17.1,原版存在；配对已恢复
50610000,Lamprey (Large),5061,是,3,否,否,官方 1.17.1,原版存在；配对已恢复
50610001,Lamprey (Large),5061,是,3,否,否,官方 1.17.1,原版存在；配对已恢复
50610002,,5061,否,3,否,否,官方 1.17.1,同模型新增变体；沿用官方处决配对
50610083,Lamprey (Large),5061,是,3,否,否,官方 1.17.1,原版存在；配对已恢复
50610093,Lamprey (Large),5061,是,3,否,否,官方 1.17.1,原版存在；配对已恢复
50610883,Lamprey (Large),5061,是,3,否,否,官方 1.17.1,原版存在；配对已恢复
50610893,Lamprey (Large),5061,是,3,否,否,官方 1.17.1,原版存在；配对已恢复
50700000,Death Knight,5070,是,4,是,否,官方 1.17.1,原版存在；配对已恢复
50700001,,5070,否,4,是,否,官方 1.17.1,同模型新增变体；沿用官方处决配对
50700081,Death Knight (Fog Rift Catacombs Boss),5070,是,4,是,否,官方 1.17.1,原版存在；配对已恢复
50701000,Death Knight,5070,是,4,是,否,官方 1.17.1,原版存在；配对已恢复
50701090,Death Knight,5070,是,4,是,否,官方 1.17.1,原版存在；配对已恢复
50701095,Death Knight (Scorpion River Catacombs Boss),5070,是,4,是,否,官方 1.17.1,原版存在；配对已恢复
50800000,Bloodfiend,5080,是,5,是,否,官方 1.17.1,原版存在；配对已恢复
50800001,Bloodfiend,5080,是,5,是,否,官方 1.17.1,原版存在；配对已恢复
50800002,,5080,否,5,是,否,官方 1.17.1,同模型新增变体；沿用官方处决配对
50800080,Bloodfiend,5080,是,5,是,否,官方 1.17.1,原版存在；配对已恢复
50800081,Bloodfiend,5080,是,5,是,否,官方 1.17.1,原版存在；配对已恢复
50800087,Bloodfiend,5080,是,5,是,否,官方 1.17.1,原版存在；配对已恢复
50800090,Bloodfiend,5080,是,5,是,否,官方 1.17.1,原版存在；配对已恢复
50800094,Bloodfiend,5080,是,5,是,否,官方 1.17.1,原版存在；配对已恢复
50800095,Bloodfiend,5080,是,5,是,否,官方 1.17.1,原版存在；配对已恢复
50800100,Bloodfiend,5080,是,5,是,否,官方 1.17.1,原版存在；配对已恢复
50800101,Bloodfiend,5080,是,5,是,否,官方 1.17.1,原版存在；配对已恢复
50800180,Bloodfiend,5080,是,5,是,否,官方 1.17.1,原版存在；配对已恢复
50800190,Bloodfiend,5080,是,5,是,否,官方 1.17.1,原版存在；配对已恢复
50800194,Bloodfiend,5080,是,5,是,否,官方 1.17.1,原版存在；配对已恢复
50800200,Bloodfiend,5080,是,5,是,否,官方 1.17.1,原版存在；配对已恢复
50800201,Bloodfiend,5080,是,5,是,否,官方 1.17.1,原版存在；配对已恢复
50800290,Bloodfiend,5080,是,5,是,否,官方 1.17.1,原版存在；配对已恢复
50800300,Bloodfiend,5080,是,5,是,否,官方 1.17.1,原版存在；配对已恢复
50800390,Bloodfiend,5080,是,5,是,否,官方 1.17.1,原版存在；配对已恢复
50800400,Bloodfiend,5080,是,5,是,否,官方 1.17.1,原版存在；配对已恢复
50800490,Bloodfiend,5080,是,5,是,否,官方 1.17.1,原版存在；配对已恢复
50801000,Bloodfiend,5080,是,5,是,否,官方 1.17.1,原版存在；配对已恢复
50801001,Bloodfiend,5080,是,5,是,否,官方 1.17.1,原版存在；配对已恢复
50801080,Bloodfiend,5080,是,5,是,否,官方 1.17.1,原版存在；配对已恢复
50801081,Bloodfiend,5080,是,5,是,否,官方 1.17.1,原版存在；配对已恢复
50801087,Bloodfiend,5080,是,5,是,否,官方 1.17.1,原版存在；配对已恢复
50801090,Bloodfiend,5080,是,5,是,否,官方 1.17.1,原版存在；配对已恢复
50801094,Bloodfiend,5080,是,5,是,否,官方 1.17.1,原版存在；配对已恢复
50801095,Bloodfiend,5080,是,5,是,否,官方 1.17.1,原版存在；配对已恢复
50801100,Bloodfiend,5080,是,5,是,否,官方 1.17.1,原版存在；配对已恢复
50801101,Bloodfiend,5080,是,5,是,否,官方 1.17.1,原版存在；配对已恢复
50801180,Bloodfiend,5080,是,5,是,否,官方 1.17.1,原版存在；配对已恢复
50801187,Bloodfiend,5080,是,5,是,否,官方 1.17.1,原版存在；配对已恢复
50801190,Bloodfiend,5080,是,5,是,否,官方 1.17.1,原版存在；配对已恢复
50801194,Bloodfiend,5080,是,5,是,否,官方 1.17.1,原版存在；配对已恢复
50801195,Bloodfiend,5080,是,5,是,否,官方 1.17.1,原版存在；配对已恢复
50801200,Bloodfiend,5080,是,5,是,否,官方 1.17.1,原版存在；配对已恢复
50801201,Bloodfiend,5080,是,5,是,否,官方 1.17.1,原版存在；配对已恢复
50801300,Bloodfiend,5080,是,5,是,否,官方 1.17.1,原版存在；配对已恢复
50801390,Bloodfiend,5080,是,5,是,否,官方 1.17.1,原版存在；配对已恢复
50801400,Bloodfiend,5080,是,5,是,否,官方 1.17.1,原版存在；配对已恢复
50801490,Bloodfiend,5080,是,5,是,否,官方 1.17.1,原版存在；配对已恢复
50802000,Bloodfiend,5080,是,5,是,否,官方 1.17.1,原版存在；配对已恢复
50802001,Bloodfiend,5080,是,5,是,否,官方 1.17.1,原版存在；配对已恢复
50802080,Bloodfiend,5080,是,5,是,否,官方 1.17.1,原版存在；配对已恢复
50802087,Bloodfiend,5080,是,5,是,否,官方 1.17.1,原版存在；配对已恢复
50802090,Bloodfiend,5080,是,5,是,否,官方 1.17.1,原版存在；配对已恢复
50802094,Bloodfiend,5080,是,5,是,否,官方 1.17.1,原版存在；配对已恢复
50802095,Bloodfiend,5080,是,5,是,否,官方 1.17.1,原版存在；配对已恢复
50802100,Bloodfiend,5080,是,5,是,否,官方 1.17.1,原版存在；配对已恢复
50802190,Bloodfiend,5080,是,5,是,否,官方 1.17.1,原版存在；配对已恢复
50803000,Bloodfiend,5080,是,5,是,否,官方 1.17.1,原版存在；配对已恢复
50803001,Bloodfiend,5080,是,5,是,否,官方 1.17.1,原版存在；配对已恢复
50803087,Bloodfiend,5080,是,5,是,否,官方 1.17.1,原版存在；配对已恢复
50804000,Bloodfiend,5080,是,5,是,否,官方 1.17.1,原版存在；配对已恢复
50804001,Bloodfiend,5080,是,5,是,否,官方 1.17.1,原版存在；配对已恢复
50804087,Bloodfiend,5080,是,5,是,否,官方 1.17.1,原版存在；配对已恢复
50807080,Bloodfiend,5080,是,5,是,否,官方 1.17.1,原版存在；配对已恢复
50810000,Chief Bloodfiend,5081,是,3,否,否,官方 1.17.1,原版存在；配对已恢复
50810001,Chief Bloodfiend,5081,是,3,否,否,官方 1.17.1,原版存在；配对已恢复
50810087,Chief Bloodfiend,5081,是,3,否,否,官方 1.17.1,原版存在；配对已恢复
50810090,Chief Bloodfiend,5081,是,3,否,否,官方 1.17.1,原版存在；配对已恢复
50810094,Chief Bloodfiend,5081,是,3,否,否,官方 1.17.1,原版存在；配对已恢复
50810095,Chief Bloodfiend,5081,是,3,否,否,官方 1.17.1,原版存在；配对已恢复
50810100,Chief Bloodfiend,5081,是,3,否,否,官方 1.17.1,原版存在；配对已恢复
50810194,Chief Bloodfiend,5081,是,3,否,否,官方 1.17.1,原版存在；配对已恢复
50810195,Chief Bloodfiend,5081,是,3,否,否,官方 1.17.1,原版存在；配对已恢复
50810990,Chief Bloodfiend (Boss),5081,是,3,否,否,官方 1.17.1,原版存在；配对已恢复
50811000,Chief Bloodfiend,5081,是,3,否,否,官方 1.17.1,原版存在；配对已恢复
50811087,Chief Bloodfiend,5081,是,3,否,否,官方 1.17.1,原版存在；配对已恢复
50900000,Gravebird,5090,是,4,是,否,官方 1.17.1,原版存在；配对已恢复
50900080,Gravebird,5090,是,4,是,否,官方 1.17.1,原版存在；配对已恢复
50900081,Gravebird,5090,是,4,是,否,官方 1.17.1,原版存在；配对已恢复
50900083,Gravebird,5090,是,4,是,否,官方 1.17.1,原版存在；配对已恢复
50900084,Gravebird,5090,是,4,是,否,官方 1.17.1,原版存在；配对已恢复
50900087,Gravebird,5090,是,4,是,否,官方 1.17.1,原版存在；配对已恢复
50900088,Gravebird,5090,是,4,是,否,官方 1.17.1,原版存在；配对已恢复
50900089,Gravebird,5090,是,4,是,否,官方 1.17.1,原版存在；配对已恢复
50900090,Gravebird,5090,是,4,是,否,官方 1.17.1,原版存在；配对已恢复
50900091,Gravebird,5090,是,4,是,否,官方 1.17.1,原版存在；配对已恢复
50900095,Gravebird,5090,是,4,是,否,官方 1.17.1,原版存在；配对已恢复
50900100,Gravebird,5090,是,4,是,否,官方 1.17.1,原版存在；配对已恢复
50900190,Gravebird,5090,是,4,是,否,官方 1.17.1,原版存在；配对已恢复
50900200,Gravebird,5090,是,4,是,否,官方 1.17.1,原版存在；配对已恢复
50900280,Gravebird,5090,是,4,是,否,官方 1.17.1,原版存在；配对已恢复
50900281,Gravebird,5090,是,4,是,否,官方 1.17.1,原版存在；配对已恢复
50900284,Gravebird,5090,是,4,是,否,官方 1.17.1,原版存在；配对已恢复
50900288,Gravebird,5090,是,4,是,否,官方 1.17.1,原版存在；配对已恢复
50900290,Gravebird,5090,是,4,是,否,官方 1.17.1,原版存在；配对已恢复
50900295,Gravebird,5090,是,4,是,否,官方 1.17.1,原版存在；配对已恢复
50900300,Gravebird,5090,是,4,是,否,官方 1.17.1,原版存在；配对已恢复
50900389,Gravebird,5090,是,4,是,否,官方 1.17.1,原版存在；配对已恢复
50900400,Gravebird,5090,是,4,是,否,官方 1.17.1,原版存在；配对已恢复
50900487,Gravebird,5090,是,4,是,否,官方 1.17.1,原版存在；配对已恢复
50900500,Gravebird,5090,是,4,是,否,官方 1.17.1,原版存在；配对已恢复
50900587,Gravebird,5090,是,4,是,否,官方 1.17.1,原版存在；配对已恢复
51100000,Ghostly Worm,5110,是,0,是,否,官方 1.17.1,原版存在；未定义官方处决配对
51100001,Ghostly Worm,5110,是,0,是,否,官方 1.17.1,原版存在；配对已恢复
51100080,Ghostly Worm,5110,是,0,是,否,官方 1.17.1,原版存在；配对已恢复
51100081,Ghostly Worm,5110,是,0,是,否,官方 1.17.1,原版存在；配对已恢复
51100083,Ghostly Worm,5110,是,0,是,否,官方 1.17.1,原版存在；配对已恢复
51100084,Ghostly Worm,5110,是,0,是,否,官方 1.17.1,原版存在；配对已恢复
51100090,Ghostly Worm,5110,是,0,是,否,官方 1.17.1,原版存在；配对已恢复
51100100,Ghostly Worm,5110,是,0,是,否,官方 1.17.1,原版存在；配对已恢复
51100101,Ghostly Worm,5110,是,0,是,否,官方 1.17.1,原版存在；配对已恢复
51100181,Ghostly Worm,5110,是,0,是,否,官方 1.17.1,原版存在；配对已恢复
51100183,Ghostly Worm,5110,是,0,是,否,官方 1.17.1,原版存在；配对已恢复
51100184,Ghostly Worm,5110,是,0,是,否,官方 1.17.1,原版存在；配对已恢复
51100190,Ghostly Worm,5110,是,0,是,否,官方 1.17.1,原版存在；配对已恢复
51100200,Ghostly Worm,5110,是,0,是,否,官方 1.17.1,原版存在；配对已恢复
51100201,Ghostly Worm,5110,是,0,是,否,官方 1.17.1,原版存在；配对已恢复
51100283,Ghostly Worm,5110,是,0,是,否,官方 1.17.1,原版存在；配对已恢复
51100300,Ghostly Worm,5110,是,0,是,否,官方 1.17.1,原版存在；配对已恢复
51100383,Ghostly Worm,5110,是,0,是,否,官方 1.17.1,原版存在；配对已恢复
51100384,Ghostly Worm,5110,是,0,是,否,官方 1.17.1,原版存在；配对已恢复
51100683,Ghostly Worm,5110,是,0,是,否,官方 1.17.1,原版存在；配对已恢复
51100690,Ghostly Worm,5110,是,0,是,否,官方 1.17.1,原版存在；配对已恢复
51100693,Ghostly Worm,5110,是,0,是,否,官方 1.17.1,原版存在；配对已恢复
51100781,Ghostly Worm,5110,是,0,是,否,官方 1.17.1,原版存在；配对已恢复
51100790,Ghostly Worm,5110,是,0,是,否,官方 1.17.1,原版存在；配对已恢复
51200000,Bayle the Dread,5120,是,1,是,否,官方 1.17.1,原版存在；配对已恢复
51200001,Bayle the Dread,5120,是,1,是,否,官方 1.17.1,原版存在；配对已恢复
51200085,Bayle the Dread (Boss),5120,是,1,是,否,官方 1.17.1,原版存在；配对已恢复
51300000,Messmer the Impaler,5130,是,3,是,否,官方 1.17.1,原版存在；配对已恢复
51300001,Messmer the Impaler,5130,是,3,是,否,官方 1.17.1,原版存在；配对已恢复
51300099,Messmer the Impaler,5130,是,3,是,否,官方 1.17.1,原版存在；配对已恢复
51301000,Messmer the Impaler,5130,是,3,是,否,官方 1.17.1,原版存在；配对已恢复
51301099,Messmer the Impaler (Boss),5130,是,3,是,否,官方 1.17.1,原版存在；配对已恢复
51310000,Messmer the Impaler,5131,是,0,否,否,官方 1.17.1,原版存在；未定义官方处决配对
51320000,Messmer the Impaler,5132,是,0,否,否,官方 1.17.1,原版存在；未定义官方处决配对
51400000,Messmer: Base Serpent,5140,是,0,是,否,官方 1.17.1,原版存在；未定义官方处决配对
51400001,Messmer: Base Serpent,5140,是,0,是,否,官方 1.17.1,原版存在；配对已恢复
51400099,Messmer: Base Serpent,5140,是,0,是,否,官方 1.17.1,原版存在；配对已恢复
51410000,Messmer: Base Serpent,5141,是,0,否,否,官方 1.17.1,原版存在；未定义官方处决配对
51410001,Messmer: Base Serpent,5141,是,0,否,否,官方 1.17.1,原版存在；配对已恢复
51410099,Messmer: Base Serpent,5141,是,0,否,否,官方 1.17.1,原版存在；配对已恢复
51600000,Fire Knight,5160,是,4,是,否,官方 1.17.1,原版存在；配对已恢复
51600001,Fire Knight,5160,是,4,是,否,官方 1.17.1,原版存在；配对已恢复
51600002,,5160,否,4,是,否,官方 1.17.1,同模型新增变体；沿用官方处决配对
51600098,Fire Knight,5160,是,4,是,否,官方 1.17.1,原版存在；配对已恢复
51600099,Fire Knight,5160,是,4,是,否,官方 1.17.1,原版存在；配对已恢复
51600100,Fire Knight,5160,是,4,是,否,官方 1.17.1,原版存在；配对已恢复
51600101,Fire Knight,5160,是,4,是,否,官方 1.17.1,原版存在；配对已恢复
51600198,Fire Knight,5160,是,4,是,否,官方 1.17.1,原版存在；配对已恢复
51600199,Fire Knight,5160,是,4,是,否,官方 1.17.1,原版存在；配对已恢复
51600200,Fire Knight,5160,是,4,是,否,官方 1.17.1,原版存在；配对已恢复
51601000,Fire Knight,5160,是,4,是,否,官方 1.17.1,原版存在；配对已恢复
51601001,Fire Knight,5160,是,4,是,否,官方 1.17.1,原版存在；配对已恢复
51601099,Fire Knight,5160,是,4,是,否,官方 1.17.1,原版存在；配对已恢复
51601100,Fire Knight,5160,是,4,是,否,官方 1.17.1,原版存在；配对已恢复
51601190,Fire Knight,5160,是,4,是,否,官方 1.17.1,原版存在；配对已恢复
51601198,Fire Knight,5160,是,4,是,否,官方 1.17.1,原版存在；配对已恢复
51601199,Fire Knight,5160,是,4,是,否,官方 1.17.1,原版存在；配对已恢复
51601200,Fire Knight,5160,是,4,是,否,官方 1.17.1,原版存在；配对已恢复
51602000,Fire Knight,5160,是,4,是,否,官方 1.17.1,原版存在；配对已恢复
51602001,Fire Knight,5160,是,4,是,否,官方 1.17.1,原版存在；配对已恢复
51602099,Fire Knight,5160,是,4,是,否,官方 1.17.1,原版存在；配对已恢复
51602100,Fire Knight,5160,是,4,是,否,官方 1.17.1,原版存在；配对已恢复
51602198,Fire Knight,5160,是,4,是,否,官方 1.17.1,原版存在；配对已恢复
51602199,Fire Knight,5160,是,4,是,否,官方 1.17.1,原版存在；配对已恢复
51602200,Fire Knight,5160,是,4,是,否,官方 1.17.1,原版存在；配对已恢复
51602299,Fire Knight,5160,是,4,是,否,官方 1.17.1,原版存在；配对已恢复
51602300,Fire Knight,5160,是,4,是,否,官方 1.17.1,原版存在；配对已恢复
51602398,Fire Knight,5160,是,4,是,否,官方 1.17.1,原版存在；配对已恢复
51700000,Furnace Golem,5170,是,2,是,否,官方 1.17.1,原版存在；配对已恢复
51700001,Furnace Golem,5170,是,2,是,否,官方 1.17.1,原版存在；配对已恢复
51700002,,5170,否,2,是,否,官方 1.17.1,同模型新增变体；沿用官方处决配对
51700080,Furnace Golem (Southwest Gravesite Plain - Scorched Ruins),5170,是,2,是,否,官方 1.17.1,原版存在；配对已恢复
51700083,Furnace Golem (Southeast Gravesite Plain - Ellac River End),5170,是,2,是,否,官方 1.17.1,原版存在；配对已恢复
51700090,Furnace Golem (Central Scadu Altus - Shadow Keep Main Gate),5170,是,2,是,否,官方 1.17.1,原版存在；配对已恢复
51700091,Furnace Golem (Central Scadu Altus - Ruins of Unte),5170,是,2,是,否,官方 1.17.1,原版存在；配对已恢复
51700094,Furnace Golem,5170,是,2,是,否,官方 1.17.1,原版存在；配对已恢复
51701000,Furnace Golem,5170,是,2,是,否,官方 1.17.1,原版存在；配对已恢复
51701001,Furnace Golem,5170,是,2,是,否,官方 1.17.1,原版存在；配对已恢复
51701084,Furnace Golem (Southwest Cerulean Coast - Charo's Hidden Grave),5170,是,2,是,否,官方 1.17.1,原版存在；配对已恢复
51701090,Furnace Golem (Central Scadu Altus - Church District Highroad),5170,是,2,是,否,官方 1.17.1,原版存在；配对已恢复
51702000,Furnace Golem,5170,是,2,是,否,官方 1.17.1,原版存在；配对已恢复
51702001,Furnace Golem,5170,是,2,是,否,官方 1.17.1,原版存在；配对已恢复
51702094,Furnace Golem (Rauh Ruins),5170,是,2,是,否,官方 1.17.1,原版存在；配对已恢复
51709000,Furnace Golem,5170,是,2,是,否,官方 1.17.1,原版存在；配对已恢复
51800000,Dummy Entity,5180,是,0,否,否,官方 1.17.1,原版存在；未定义官方处决配对
51800080,Dummy Entity,5180,是,0,否,否,官方 1.17.1,原版存在；配对已恢复
51800081,Dummy Entity,5180,是,0,否,否,官方 1.17.1,原版存在；配对已恢复
51800090,Dummy Entity,5180,是,0,否,否,官方 1.17.1,原版存在；配对已恢复
51810000,Dummy Entity,5181,是,0,否,否,官方 1.17.1,原版存在；未定义官方处决配对
51810085,Dummy Entity,5181,是,0,否,否,官方 1.17.1,原版存在；配对已恢复
51810089,Dummy Entity,5181,是,0,否,否,官方 1.17.1,原版存在；配对已恢复
51810099,Dummy Entity,5181,是,0,否,否,官方 1.17.1,原版存在；配对已恢复
51900000,Spider Scorpion,5190,是,2,是,否,官方 1.17.1,原版存在；配对已恢复
51900001,,5190,否,2,是,否,官方 1.17.1,同模型新增变体；沿用官方处决配对
51900088,Spider Scorpion,5190,是,2,是,否,官方 1.17.1,原版存在；配对已恢复
51900090,Spider Scorpion,5190,是,2,是,否,官方 1.17.1,原版存在；配对已恢复
51900094,Spider Scorpion,5190,是,2,是,否,官方 1.17.1,原版存在；配对已恢复
51900095,Spider Scorpion,5190,是,2,是,否,官方 1.17.1,原版存在；配对已恢复
51900100,Spider Scorpion,5190,是,2,是,否,官方 1.17.1,原版存在；配对已恢复
51901000,Spider Scorpion,5190,是,2,是,否,官方 1.17.1,原版存在；配对已恢复
51901090,Spider Scorpion,5190,是,2,是,否,官方 1.17.1,原版存在；配对已恢复
51901094,Spider Scorpion,5190,是,2,是,否,官方 1.17.1,原版存在；配对已恢复
51901095,Spider Scorpion,5190,是,2,是,否,官方 1.17.1,原版存在；配对已恢复
51902000,Spider Scorpion,5190,是,2,是,否,官方 1.17.1,原版存在；配对已恢复
51902090,Spider Scorpion,5190,是,2,是,否,官方 1.17.1,原版存在；配对已恢复
51902094,Spider Scorpion,5190,是,2,是,否,官方 1.17.1,原版存在；配对已恢复
51903000,Spider Scorpion,5190,是,2,是,否,官方 1.17.1,原版存在；配对已恢复
51903088,Spider Scorpion,5190,是,2,是,否,官方 1.17.1,原版存在；配对已恢复
51903094,Spider Scorpion,5190,是,2,是,否,官方 1.17.1,原版存在；配对已恢复
51903100,Spider Scorpion,5190,是,2,是,否,官方 1.17.1,原版存在；配对已恢复
51920000,Spider Scorpion,5192,是,2,否,否,官方 1.17.1,原版存在；配对已恢复
51920001,Spider Scorpion,5192,是,2,否,否,官方 1.17.1,原版存在；配对已恢复
51920088,Spider Scorpion,5192,是,2,否,否,官方 1.17.1,原版存在；配对已恢复
51920090,Spider Scorpion,5192,是,2,否,否,官方 1.17.1,原版存在；配对已恢复
51920094,Spider Scorpion,5192,是,2,否,否,官方 1.17.1,原版存在；配对已恢复
51930000,Spider Scorpion,5193,是,0,否,否,官方 1.17.1,原版存在；未定义官方处决配对
51930001,Spider Scorpion,5193,是,0,否,否,官方 1.17.1,原版存在；配对已恢复
51930088,Spider Scorpion,5193,是,0,否,否,官方 1.17.1,原版存在；配对已恢复
51930090,Spider Scorpion,5193,是,0,否,否,官方 1.17.1,原版存在；配对已恢复
51930094,Spider Scorpion,5193,是,0,否,否,官方 1.17.1,原版存在；配对已恢复
52000000,"Metyr, Mother of Fingers",5200,是,1,是,否,官方 1.17.1,原版存在；配对已恢复
52000001,"Metyr, Mother of Fingers",5200,是,1,是,否,官方 1.17.1,原版存在；配对已恢复
52000097,"Metyr, Mother of Fingers (Boss)",5200,是,1,是,否,官方 1.17.1,原版存在；配对已恢复
52100000,Divine Beast Dancing Lion,5210,是,1,是,否,官方 1.17.1,原版存在；配对已恢复
52100001,Divine Beast Dancing Lion,5210,是,1,是,否,官方 1.17.1,原版存在；配对已恢复
52100002,,5210,否,1,是,否,官方 1.17.1,同模型新增变体；沿用官方处决配对
52100088,Divine Beast Dancing Lion (Belurat Boss),5210,是,1,是,否,官方 1.17.1,原版存在；配对已恢复
52100094,Divine Beast Dancing Lion (Rauh Boss),5210,是,1,是,否,官方 1.17.1,原版存在；配对已恢复
52200000,Promised Consort Radahn,5220,是,2,是,否,官方 1.17.1,原版存在；配对已恢复
52200001,Promised Consort Radahn,5220,是,2,是,否,官方 1.17.1,原版存在；配对已恢复
52200089,Promised Consort Radahn,5220,是,2,是,否,官方 1.17.1,原版存在；配对已恢复
52201000,Promised Consort Radahn,5220,是,2,是,否,官方 1.17.1,原版存在；配对已恢复
52201089,Promised Consort Radahn (Boss),5220,是,2,是,否,官方 1.17.1,原版存在；配对已恢复
52202000,Promised Consort Radahn,5220,是,2,是,否,官方 1.17.1,原版存在；配对已恢复
52210000,Miquella's Arms,5221,是,0,否,否,官方 1.17.1,原版存在；未定义官方处决配对
52300000,Scadutree Avatar,5230,是,1,是,否,官方 1.17.1,原版存在；配对已恢复
52300001,Scadutree Avatar,5230,是,1,是,否,官方 1.17.1,原版存在；配对已恢复
52300096,Scadutree Avatar (Boss),5230,是,1,是,否,官方 1.17.1,原版存在；配对已恢复
52300100,Scadutree Avatar,5230,是,1,是,否,官方 1.17.1,原版存在；配对已恢复
52300101,Scadutree Avatar,5230,是,1,是,否,官方 1.17.1,原版存在；配对已恢复
52300196,Scadutree Avatar,5230,是,1,是,否,官方 1.17.1,原版存在；配对已恢复
52300200,Scadutree Avatar,5230,是,1,是,否,官方 1.17.1,原版存在；配对已恢复
52300201,Scadutree Avatar,5230,是,1,是,否,官方 1.17.1,原版存在；配对已恢复
52300296,Scadutree Avatar,5230,是,1,是,否,官方 1.17.1,原版存在；配对已恢复
52300300,Scadutree Avatar,5230,是,1,是,否,官方 1.17.1,原版存在；配对已恢复
52300301,Scadutree Avatar,5230,是,1,是,否,官方 1.17.1,原版存在；配对已恢复
52300396,Scadutree Avatar,5230,是,1,是,否,官方 1.17.1,原版存在；配对已恢复
52300400,Scadutree Avatar,5230,是,1,是,否,官方 1.17.1,原版存在；配对已恢复
52300401,Scadutree Avatar,5230,是,1,是,否,官方 1.17.1,原版存在；配对已恢复
52300496,Scadutree Avatar,5230,是,1,是,否,官方 1.17.1,原版存在；配对已恢复
52300500,Scadutree Avatar,5230,是,1,是,否,官方 1.17.1,原版存在；配对已恢复
52300501,Scadutree Avatar,5230,是,1,是,否,官方 1.17.1,原版存在；配对已恢复
52300596,Scadutree Avatar,5230,是,1,是,否,官方 1.17.1,原版存在；配对已恢复
52400000,Commoner (Pot),5240,是,14,否,否,官方 1.17.1,原版存在；配对已恢复
52400001,Commoner (Pot),5240,是,14,否,否,官方 1.17.1,原版存在；配对已恢复
52400002,Commoner (Pot),5240,是,14,否,否,官方 1.17.1,原版存在；配对已恢复
52400080,Commoner (Pot),5240,是,14,否,否,官方 1.17.1,原版存在；配对已恢复
52400081,Commoner (Pot),5240,是,14,否,否,官方 1.17.1,原版存在；配对已恢复
52400083,Commoner (Pot),5240,是,14,否,否,官方 1.17.1,原版存在；配对已恢复
52400090,Commoner (Pot),5240,是,14,否,否,官方 1.17.1,原版存在；配对已恢复
52400093,Commoner (Pot),5240,是,14,否,否,官方 1.17.1,原版存在；配对已恢复
52400095,Commoner (Pot),5240,是,14,否,否,官方 1.17.1,原版存在；配对已恢复
52400100,Commoner (Pot),5240,是,14,否,否,官方 1.17.1,原版存在；配对已恢复
52400101,Commoner (Pot),5240,是,14,否,否,官方 1.17.1,原版存在；配对已恢复
52400180,Commoner (Pot),5240,是,14,否,否,官方 1.17.1,原版存在；配对已恢复
52400200,Commoner (Pot),5240,是,14,否,否,官方 1.17.1,原版存在；配对已恢复
52400201,Commoner (Pot),5240,是,14,否,否,官方 1.17.1,原版存在；配对已恢复
52400280,Commoner (Pot),5240,是,14,否,否,官方 1.17.1,原版存在；配对已恢复
52400283,Commoner (Pot),5240,是,14,否,否,官方 1.17.1,原版存在；配对已恢复
52400290,Commoner (Pot),5240,是,14,否,否,官方 1.17.1,原版存在；配对已恢复
52400295,Commoner (Pot),5240,是,14,否,否,官方 1.17.1,原版存在；配对已恢复
52400300,Commoner (Pot),5240,是,14,否,否,官方 1.17.1,原版存在；配对已恢复
52400301,Commoner (Pot),5240,是,14,否,否,官方 1.17.1,原版存在；配对已恢复
52400386,Commoner (Pot),5240,是,14,否,否,官方 1.17.1,原版存在；配对已恢复
52400390,Commoner (Pot),5240,是,14,否,否,官方 1.17.1,原版存在；配对已恢复
52400394,Commoner (Pot),5240,是,14,否,否,官方 1.17.1,原版存在；配对已恢复
52400400,Commoner (Pot),5240,是,14,否,否,官方 1.17.1,原版存在；配对已恢复
52400401,Commoner (Pot),5240,是,14,否,否,官方 1.17.1,原版存在；配对已恢复
52400480,Commoner (Pot),5240,是,14,否,否,官方 1.17.1,原版存在；配对已恢复
52400484,Commoner (Pot),5240,是,14,否,否,官方 1.17.1,原版存在；配对已恢复
52400490,Commoner (Pot),5240,是,14,否,否,官方 1.17.1,原版存在；配对已恢复
52400500,Commoner (Pot),5240,是,14,否,否,官方 1.17.1,原版存在；配对已恢复
52400501,Commoner (Pot),5240,是,14,否,否,官方 1.17.1,原版存在；配对已恢复
52400584,Commoner (Pot),5240,是,14,否,否,官方 1.17.1,原版存在；配对已恢复
52400586,Commoner (Pot),5240,是,14,否,否,官方 1.17.1,原版存在；配对已恢复
52400590,Commoner (Pot),5240,是,14,否,否,官方 1.17.1,原版存在；配对已恢复
52400600,Commoner (Pot),5240,是,14,否,否,官方 1.17.1,原版存在；配对已恢复
52400700,Commoner (Pot),5240,是,14,否,否,官方 1.17.1,原版存在；配对已恢复
52400780,Commoner (Pot),5240,是,14,否,否,官方 1.17.1,原版存在；配对已恢复
52400783,Commoner (Pot),5240,是,14,否,否,官方 1.17.1,原版存在；配对已恢复
52400790,Commoner (Pot),5240,是,14,否,否,官方 1.17.1,原版存在；配对已恢复
52400795,Commoner (Pot),5240,是,14,否,否,官方 1.17.1,原版存在；配对已恢复
52400800,Commoner (Pot),5240,是,14,否,否,官方 1.17.1,原版存在；配对已恢复
52400880,Commoner (Pot),5240,是,14,否,否,官方 1.17.1,原版存在；配对已恢复
52400883,Commoner (Pot),5240,是,14,否,否,官方 1.17.1,原版存在；配对已恢复
52400886,Commoner (Pot),5240,是,14,否,否,官方 1.17.1,原版存在；配对已恢复
52400890,Commoner (Pot),5240,是,14,否,否,官方 1.17.1,原版存在；配对已恢复
52400900,Commoner (Pot),5240,是,14,否,否,官方 1.17.1,原版存在；配对已恢复
52400990,Commoner (Pot),5240,是,14,否,否,官方 1.17.1,原版存在；配对已恢复
52400994,Commoner (Pot),5240,是,14,否,否,官方 1.17.1,原版存在；配对已恢复
52401000,Commoner (Pot),5240,是,14,否,否,官方 1.17.1,原版存在；配对已恢复
52401001,Commoner (Pot),5240,是,14,否,否,官方 1.17.1,原版存在；配对已恢复
52401098,Commoner (Pot),5240,是,14,否,否,官方 1.17.1,原版存在；配对已恢复
52401099,Commoner (Pot),5240,是,14,否,否,官方 1.17.1,原版存在；配对已恢复
52402000,Commoner (Pot),5240,是,14,否,否,官方 1.17.1,原版存在；配对已恢复
52402001,Commoner (Pot),5240,是,14,否,否,官方 1.17.1,原版存在；配对已恢复
52402086,Commoner (Pot),5240,是,14,否,否,官方 1.17.1,原版存在；配对已恢复
52402088,Commoner (Pot),5240,是,14,否,否,官方 1.17.1,原版存在；配对已恢复
52402089,Commoner (Pot),5240,是,14,否,否,官方 1.17.1,原版存在；配对已恢复
52402090,Commoner (Pot),5240,是,14,否,否,官方 1.17.1,原版存在；配对已恢复
52402094,Commoner (Pot),5240,是,14,否,否,官方 1.17.1,原版存在；配对已恢复
52403000,Commoner (Pot),5240,是,14,否,否,官方 1.17.1,原版存在；配对已恢复
52403001,Commoner (Pot),5240,是,14,否,否,官方 1.17.1,原版存在；配对已恢复
52403080,Commoner (Pot),5240,是,14,否,否,官方 1.17.1,原版存在；配对已恢复
52403083,Commoner (Pot),5240,是,14,否,否,官方 1.17.1,原版存在；配对已恢复
52403090,Commoner (Pot),5240,是,14,否,否,官方 1.17.1,原版存在；配对已恢复
52403095,Commoner (Pot),5240,是,14,否,否,官方 1.17.1,原版存在；配对已恢复
52403200,Commoner (Pot),5240,是,14,否,否,官方 1.17.1,原版存在；配对已恢复
52403280,Commoner (Pot),5240,是,14,否,否,官方 1.17.1,原版存在；配对已恢复
52403283,Commoner (Pot),5240,是,14,否,否,官方 1.17.1,原版存在；配对已恢复
52403290,Commoner (Pot),5240,是,14,否,否,官方 1.17.1,原版存在；配对已恢复
52403295,Commoner (Pot),5240,是,14,否,否,官方 1.17.1,原版存在；配对已恢复
52403300,Commoner (Pot),5240,是,14,否,否,官方 1.17.1,原版存在；配对已恢复
52403400,Commoner (Pot),5240,是,14,否,否,官方 1.17.1,原版存在；配对已恢复
52403480,Commoner (Pot),5240,是,14,否,否,官方 1.17.1,原版存在；配对已恢复
52403483,Commoner (Pot),5240,是,14,否,否,官方 1.17.1,原版存在；配对已恢复
52403490,Commoner (Pot),5240,是,14,否,否,官方 1.17.1,原版存在；配对已恢复
52403495,Commoner (Pot),5240,是,14,否,否,官方 1.17.1,原版存在；配对已恢复
52403500,Commoner (Pot),5240,是,14,否,否,官方 1.17.1,原版存在；配对已恢复
52403580,Commoner (Pot),5240,是,14,否,否,官方 1.17.1,原版存在；配对已恢复
52403583,Commoner (Pot),5240,是,14,否,否,官方 1.17.1,原版存在；配对已恢复
52403590,Commoner (Pot),5240,是,14,否,否,官方 1.17.1,原版存在；配对已恢复
52403595,Commoner (Pot),5240,是,14,否,否,官方 1.17.1,原版存在；配对已恢复
52404000,Commoner (Pot),5240,是,14,否,否,官方 1.17.1,原版存在；配对已恢复
52404001,Commoner (Pot),5240,是,14,否,否,官方 1.17.1,原版存在；配对已恢复
52404099,Commoner (Pot),5240,是,14,否,否,官方 1.17.1,原版存在；配对已恢复
52404100,Commoner (Pot),5240,是,14,否,否,官方 1.17.1,原版存在；配对已恢复
52404101,Commoner (Pot),5240,是,14,否,否,官方 1.17.1,原版存在；配对已恢复
52404180,Commoner (Pot),5240,是,14,否,否,官方 1.17.1,原版存在；配对已恢复
52404181,Commoner (Pot),5240,是,14,否,否,官方 1.17.1,原版存在；配对已恢复
52404183,Commoner (Pot),5240,是,14,否,否,官方 1.17.1,原版存在；配对已恢复
52404190,Commoner (Pot),5240,是,14,否,否,官方 1.17.1,原版存在；配对已恢复
52404191,Commoner (Pot),5240,是,14,否,否,官方 1.17.1,原版存在；配对已恢复
52404195,Commoner (Pot),5240,是,14,否,否,官方 1.17.1,原版存在；配对已恢复
52404200,Commoner (Pot),5240,是,14,否,否,官方 1.17.1,原版存在；配对已恢复
52404300,Commoner (Pot),5240,是,14,否,否,官方 1.17.1,原版存在；配对已恢复
52404301,Commoner (Pot),5240,是,14,否,否,官方 1.17.1,原版存在；配对已恢复
52404399,Commoner (Pot),5240,是,14,否,否,官方 1.17.1,原版存在；配对已恢复
52404400,Commoner (Pot),5240,是,14,否,否,官方 1.17.1,原版存在；配对已恢复
52404401,Commoner (Pot),5240,是,14,否,否,官方 1.17.1,原版存在；配对已恢复
52404499,Commoner (Pot),5240,是,14,否,否,官方 1.17.1,原版存在；配对已恢复
52404500,Commoner (Pot),5240,是,14,否,否,官方 1.17.1,原版存在；配对已恢复
52404599,Commoner (Pot),5240,是,14,否,否,官方 1.17.1,原版存在；配对已恢复
52404600,Commoner (Pot),5240,是,14,否,否,官方 1.17.1,原版存在；配对已恢复
52404699,Commoner (Pot),5240,是,14,否,否,官方 1.17.1,原版存在；配对已恢复
52404700,Commoner (Pot),5240,是,14,否,否,官方 1.17.1,原版存在；配对已恢复
52404799,Commoner (Pot),5240,是,14,否,否,官方 1.17.1,原版存在；配对已恢复
52405100,Commoner (Pot),5240,是,14,否,否,官方 1.17.1,原版存在；配对已恢复
52405101,Commoner (Pot),5240,是,14,否,否,官方 1.17.1,原版存在；配对已恢复
52405186,Commoner (Pot),5240,是,14,否,否,官方 1.17.1,原版存在；配对已恢复
52405188,Commoner (Pot),5240,是,14,否,否,官方 1.17.1,原版存在；配对已恢复
52405189,Commoner (Pot),5240,是,14,否,否,官方 1.17.1,原版存在；配对已恢复
52405190,Commoner (Pot),5240,是,14,否,否,官方 1.17.1,原版存在；配对已恢复
52405194,Commoner (Pot),5240,是,14,否,否,官方 1.17.1,原版存在；配对已恢复
52405200,Commoner (Pot),5240,是,14,否,否,官方 1.17.1,原版存在；配对已恢复
52405201,Commoner (Pot),5240,是,14,否,否,官方 1.17.1,原版存在；配对已恢复
52405286,Commoner (Pot),5240,是,14,否,否,官方 1.17.1,原版存在；配对已恢复
52405288,Commoner (Pot),5240,是,14,否,否,官方 1.17.1,原版存在；配对已恢复
52405289,Commoner (Pot),5240,是,14,否,否,官方 1.17.1,原版存在；配对已恢复
52405290,Commoner (Pot),5240,是,14,否,否,官方 1.17.1,原版存在；配对已恢复
52405294,Commoner (Pot),5240,是,14,否,否,官方 1.17.1,原版存在；配对已恢复
52405300,Commoner (Pot),5240,是,14,否,否,官方 1.17.1,原版存在；配对已恢复
52405388,Commoner (Pot),5240,是,14,否,否,官方 1.17.1,原版存在；配对已恢复
52406000,Commoner (Pot),5240,是,14,否,否,官方 1.17.1,原版存在；配对已恢复
52406001,Commoner (Pot),5240,是,14,否,否,官方 1.17.1,原版存在；配对已恢复
52406080,Commoner (Pot),5240,是,14,否,否,官方 1.17.1,原版存在；配对已恢复
52406083,Commoner (Pot),5240,是,14,否,否,官方 1.17.1,原版存在；配对已恢复
52406090,Commoner (Pot),5240,是,14,否,否,官方 1.17.1,原版存在；配对已恢复
52406095,Commoner (Pot),5240,是,14,否,否,官方 1.17.1,原版存在；配对已恢复
52406100,Commoner (Pot),5240,是,14,否,否,官方 1.17.1,原版存在；配对已恢复
52406101,Commoner (Pot),5240,是,14,否,否,官方 1.17.1,原版存在；配对已恢复
52406188,Commoner (Pot),5240,是,14,否,否,官方 1.17.1,原版存在；配对已恢复
52406189,Commoner (Pot),5240,是,14,否,否,官方 1.17.1,原版存在；配对已恢复
52406190,Commoner (Pot),5240,是,14,否,否,官方 1.17.1,原版存在；配对已恢复
52406194,Commoner (Pot),5240,是,14,否,否,官方 1.17.1,原版存在；配对已恢复
52406200,Commoner (Pot),5240,是,14,否,否,官方 1.17.1,原版存在；配对已恢复
52406280,Commoner (Pot),5240,是,14,否,否,官方 1.17.1,原版存在；配对已恢复
52406283,Commoner (Pot),5240,是,14,否,否,官方 1.17.1,原版存在；配对已恢复
52406290,Commoner (Pot),5240,是,14,否,否,官方 1.17.1,原版存在；配对已恢复
52406295,Commoner (Pot),5240,是,14,否,否,官方 1.17.1,原版存在；配对已恢复
52406300,Commoner (Pot),5240,是,14,否,否,官方 1.17.1,原版存在；配对已恢复
52406394,Commoner (Pot),5240,是,14,否,否,官方 1.17.1,原版存在；配对已恢复
52406400,Commoner (Pot),5240,是,14,否,否,官方 1.17.1,原版存在；配对已恢复
52406488,Commoner (Pot),5240,是,14,否,否,官方 1.17.1,原版存在；配对已恢复
52406494,Commoner (Pot),5240,是,14,否,否,官方 1.17.1,原版存在；配对已恢复
52406495,Commoner (Pot),5240,是,14,否,否,官方 1.17.1,原版存在；配对已恢复
52406500,Commoner (Pot),5240,是,14,否,否,官方 1.17.1,原版存在；配对已恢复
52406594,Commoner (Pot),5240,是,14,否,否,官方 1.17.1,原版存在；配对已恢复
52406600,Commoner (Pot),5240,是,14,否,否,官方 1.17.1,原版存在；配对已恢复
52406694,Commoner (Pot),5240,是,14,否,否,官方 1.17.1,原版存在；配对已恢复
52406700,Commoner (Pot),5240,是,14,否,否,官方 1.17.1,原版存在；配对已恢复
52406794,Commoner (Pot),5240,是,14,否,否,官方 1.17.1,原版存在；配对已恢复
52406800,Commoner (Pot),5240,是,14,否,否,官方 1.17.1,原版存在；配对已恢复
52406894,Commoner (Pot),5240,是,14,否,否,官方 1.17.1,原版存在；配对已恢复
52407000,Commoner (Pot),5240,是,14,否,否,官方 1.17.1,原版存在；配对已恢复
52407001,Commoner (Pot),5240,是,14,否,否,官方 1.17.1,原版存在；配对已恢复
52407080,Commoner (Pot),5240,是,14,否,否,官方 1.17.1,原版存在；配对已恢复
52407090,Commoner (Pot),5240,是,14,否,否,官方 1.17.1,原版存在；配对已恢复
52407091,Commoner (Pot),5240,是,14,否,否,官方 1.17.1,原版存在；配对已恢复
52407400,Commoner (Pot),5240,是,14,否,否,官方 1.17.1,原版存在；配对已恢复
52407480,Commoner (Pot),5240,是,14,否,否,官方 1.17.1,原版存在；配对已恢复
52407495,Commoner (Pot),5240,是,14,否,否,官方 1.17.1,原版存在；配对已恢复
52407500,Commoner (Pot),5240,是,14,否,否,官方 1.17.1,原版存在；配对已恢复
52407580,Commoner (Pot),5240,是,14,否,否,官方 1.17.1,原版存在；配对已恢复
52407590,Commoner (Pot),5240,是,14,否,否,官方 1.17.1,原版存在；配对已恢复
52408000,Commoner (Pot),5240,是,14,否,否,官方 1.17.1,原版存在；配对已恢复
52408001,Commoner (Pot),5240,是,14,否,否,官方 1.17.1,原版存在；配对已恢复
52408086,Commoner (Pot),5240,是,14,否,否,官方 1.17.1,原版存在；配对已恢复
52408100,Commoner (Pot),5240,是,14,否,否,官方 1.17.1,原版存在；配对已恢复
52408186,Commoner (Pot),5240,是,14,否,否,官方 1.17.1,原版存在；配对已恢复
52408194,Commoner (Pot),5240,是,14,否,否,官方 1.17.1,原版存在；配对已恢复
52409000,Commoner (Pot),5240,是,14,否,否,官方 1.17.1,原版存在；配对已恢复
52409080,Commoner (Pot),5240,是,14,否,否,官方 1.17.1,原版存在；配对已恢复
52409081,Commoner (Pot),5240,是,14,否,否,官方 1.17.1,原版存在；配对已恢复
52409090,Commoner (Pot),5240,是,14,否,否,官方 1.17.1,原版存在；配对已恢复
52409100,Commoner (Pot),5240,是,14,否,否,官方 1.17.1,原版存在；配对已恢复
52409181,Commoner (Pot),5240,是,14,否,否,官方 1.17.1,原版存在；配对已恢复
52409183,Commoner (Pot),5240,是,14,否,否,官方 1.17.1,原版存在；配对已恢复
52409186,Commoner (Pot),5240,是,14,否,否,官方 1.17.1,原版存在；配对已恢复
52409188,Commoner (Pot),5240,是,14,否,否,官方 1.17.1,原版存在；配对已恢复
52409200,Commoner (Pot),5240,是,14,否,否,官方 1.17.1,原版存在；配对已恢复
52409287,Commoner (Pot),5240,是,14,否,否,官方 1.17.1,原版存在；配对已恢复
52409300,Commoner (Pot),5240,是,14,否,否,官方 1.17.1,原版存在；配对已恢复
52409380,Commoner (Pot),5240,是,14,否,否,官方 1.17.1,原版存在；配对已恢复
52409384,Commoner (Pot),5240,是,14,否,否,官方 1.17.1,原版存在；配对已恢复
52410000,Commoner,5241,是,14,否,否,官方 1.17.1,原版存在；配对已恢复
52410086,Commoner,5241,是,14,否,否,官方 1.17.1,原版存在；配对已恢复
52410088,Commoner,5241,是,14,否,否,官方 1.17.1,原版存在；配对已恢复
52410089,Commoner,5241,是,14,否,否,官方 1.17.1,原版存在；配对已恢复
52410090,Commoner,5241,是,14,否,否,官方 1.17.1,原版存在；配对已恢复
52410095,Commoner,5241,是,14,否,否,官方 1.17.1,原版存在；配对已恢复
52500000,Horned Warrior,5250,是,3,是,否,官方 1.17.1,原版存在；配对已恢复
52500001,Horned Warrior,5250,是,3,是,否,官方 1.17.1,原版存在；配对已恢复
52500002,,5250,否,3,是,否,官方 1.17.1,同模型新增变体；沿用官方处决配对
52500086,Horned Warrior,5250,是,3,是,否,官方 1.17.1,原版存在；配对已恢复
52500088,Horned Warrior,5250,是,3,是,否,官方 1.17.1,原版存在；配对已恢复
52500090,Horned Warrior,5250,是,3,是,否,官方 1.17.1,原版存在；配对已恢复
52500094,Horned Warrior,5250,是,3,是,否,官方 1.17.1,原版存在；配对已恢复
52500095,Horned Warrior,5250,是,3,是,否,官方 1.17.1,原版存在；配对已恢复
52500100,Horned Warrior,5250,是,3,是,否,官方 1.17.1,原版存在；配对已恢复
52500101,Horned Warrior,5250,是,3,是,否,官方 1.17.1,原版存在；配对已恢复
52500189,Horned Warrior,5250,是,3,是,否,官方 1.17.1,原版存在；配对已恢复
52500194,Horned Warrior,5250,是,3,是,否,官方 1.17.1,原版存在；配对已恢复
52500988,Horned Warrior,5250,是,3,是,否,官方 1.17.1,原版存在；配对已恢复
52501000,Horned Warrior,5250,是,3,是,否,官方 1.17.1,原版存在；配对已恢复
52501001,Horned Warrior,5250,是,3,是,否,官方 1.17.1,原版存在；配对已恢复
52501086,Horned Warrior,5250,是,3,是,否,官方 1.17.1,原版存在；配对已恢复
52501088,Horned Warrior,5250,是,3,是,否,官方 1.17.1,原版存在；配对已恢复
52501090,Horned Warrior,5250,是,3,是,否,官方 1.17.1,原版存在；配对已恢复
52501094,Horned Warrior,5250,是,3,是,否,官方 1.17.1,原版存在；配对已恢复
52501095,Horned Warrior,5250,是,3,是,否,官方 1.17.1,原版存在；配对已恢复
52501100,Horned Warrior,5250,是,3,是,否,官方 1.17.1,原版存在；配对已恢复
52501101,Horned Warrior,5250,是,3,是,否,官方 1.17.1,原版存在；配对已恢复
52501189,Horned Warrior,5250,是,3,是,否,官方 1.17.1,原版存在；配对已恢复
52501200,Horned Warrior,5250,是,3,是,否,官方 1.17.1,原版存在；配对已恢复
52501201,Horned Warrior,5250,是,3,是,否,官方 1.17.1,原版存在；配对已恢复
52501289,Horned Warrior,5250,是,3,是,否,官方 1.17.1,原版存在；配对已恢复
52501300,Horned Warrior,5250,是,3,是,否,官方 1.17.1,原版存在；配对已恢复
52501301,Horned Warrior,5250,是,3,是,否,官方 1.17.1,原版存在；配对已恢复
52501389,Horned Warrior,5250,是,3,是,否,官方 1.17.1,原版存在；配对已恢复
52501400,Horned Warrior,5250,是,3,是,否,官方 1.17.1,原版存在；配对已恢复
52501401,Horned Warrior,5250,是,3,是,否,官方 1.17.1,原版存在；配对已恢复
52501489,Horned Warrior,5250,是,3,是,否,官方 1.17.1,原版存在；配对已恢复
52501989,Horned Warrior,5250,是,3,是,否,官方 1.17.1,原版存在；配对已恢复
52502000,Horned Warrior,5250,是,3,是,否,官方 1.17.1,原版存在；配对已恢复
52502001,Horned Warrior,5250,是,3,是,否,官方 1.17.1,原版存在；配对已恢复
52502089,Horned Warrior,5250,是,3,是,否,官方 1.17.1,原版存在；配对已恢复
52510000,Horned Shaman,5251,是,1,否,否,官方 1.17.1,原版存在；配对已恢复
52510001,Horned Shaman,5251,是,1,否,否,官方 1.17.1,原版存在；配对已恢复
52510089,Horned Shaman,5251,是,1,否,否,官方 1.17.1,原版存在；配对已恢复
52519000,Horned Shaman,5251,是,1,否,否,官方 1.17.1,原版存在；配对已恢复
52600000,Golem Smith,5260,是,1,是,否,官方 1.17.1,原版存在；配对已恢复
52600001,Golem Smith,5260,是,1,是,否,官方 1.17.1,原版存在；配对已恢复
52600002,,5260,否,1,是,否,官方 1.17.1,同模型新增变体；沿用官方处决配对
52600081,Golem Smith,5260,是,1,是,否,官方 1.17.1,原版存在；配对已恢复
52600090,Golem Smith,5260,是,1,是,否,官方 1.17.1,原版存在；配对已恢复
52600093,Golem Smith,5260,是,1,是,否,官方 1.17.1,原版存在；配对已恢复
52600100,Golem Smith,5260,是,1,是,否,官方 1.17.1,原版存在；配对已恢复
52600181,Golem Smith,5260,是,1,是,否,官方 1.17.1,原版存在；配对已恢复
52600200,Golem Smith,5260,是,1,是,否,官方 1.17.1,原版存在；配对已恢复
52600290,Golem Smith,5260,是,1,是,否,官方 1.17.1,原版存在；配对已恢复
52601000,Golem Smith,5260,是,1,是,否,官方 1.17.1,原版存在；配对已恢复
52601001,Golem Smith,5260,是,1,是,否,官方 1.17.1,原版存在；配对已恢复
52601090,Golem Smith,5260,是,1,是,否,官方 1.17.1,原版存在；配对已恢复
52601093,Golem Smith,5260,是,1,是,否,官方 1.17.1,原版存在；配对已恢复
52601095,Golem Smith,5260,是,1,是,否,官方 1.17.1,原版存在；配对已恢复
52601100,Golem Smith,5260,是,1,是,否,官方 1.17.1,原版存在；配对已恢复
52601190,Golem Smith,5260,是,1,是,否,官方 1.17.1,原版存在；配对已恢复
52601200,Golem Smith,5260,是,1,是,否,官方 1.17.1,原版存在；配对已恢复
52601290,Golem Smith,5260,是,1,是,否,官方 1.17.1,原版存在；配对已恢复
52602000,Golem Smith,5260,是,1,是,否,官方 1.17.1,原版存在；配对已恢复
52602001,Golem Smith,5260,是,1,是,否,官方 1.17.1,原版存在；配对已恢复
52602081,Golem Smith,5260,是,1,是,否,官方 1.17.1,原版存在；配对已恢复
52602090,Golem Smith,5260,是,1,是,否,官方 1.17.1,原版存在；配对已恢复
52602093,Golem Smith,5260,是,1,是,否,官方 1.17.1,原版存在；配对已恢复
52602095,Golem Smith,5260,是,1,是,否,官方 1.17.1,原版存在；配对已恢复
52602100,Golem Smith,5260,是,1,是,否,官方 1.17.1,原版存在；配对已恢复
52602181,Golem Smith,5260,是,1,是,否,官方 1.17.1,原版存在；配对已恢复
52602200,Golem Smith,5260,是,1,是,否,官方 1.17.1,原版存在；配对已恢复
52602201,Golem Smith,5260,是,1,是,否,官方 1.17.1,原版存在；配对已恢复
52602281,Golem Smith,5260,是,1,是,否,官方 1.17.1,原版存在；配对已恢复
52602290,Golem Smith,5260,是,1,是,否,官方 1.17.1,原版存在；配对已恢复
52602295,Golem Smith,5260,是,1,是,否,官方 1.17.1,原版存在；配对已恢复
52602300,Golem Smith,5260,是,1,是,否,官方 1.17.1,原版存在；配对已恢复
52602381,Golem Smith,5260,是,1,是,否,官方 1.17.1,原版存在；配对已恢复
52602400,Golem Smith,5260,是,1,是,否,官方 1.17.1,原版存在；配对已恢复
52602490,Golem Smith,5260,是,1,是,否,官方 1.17.1,原版存在；配对已恢复
52700000,Jar Innards,5270,是,5,是,否,官方 1.17.1,原版存在；配对已恢复
52700001,Jar Innards,5270,是,5,是,否,官方 1.17.1,原版存在；配对已恢复
52700002,,5270,否,5,是,否,官方 1.17.1,同模型新增变体；沿用官方处决配对
52700080,Jar Innards,5270,是,5,是,否,官方 1.17.1,原版存在；配对已恢复
52700084,Jar Innards,5270,是,5,是,否,官方 1.17.1,原版存在；配对已恢复
52700090,Jar Innards,5270,是,5,是,否,官方 1.17.1,原版存在；配对已恢复
52700098,Jar Innards,5270,是,5,是,否,官方 1.17.1,原版存在；配对已恢复
52700100,Jar Innards,5270,是,5,是,否,官方 1.17.1,原版存在；配对已恢复
52700101,Jar Innards,5270,是,5,是,否,官方 1.17.1,原版存在；配对已恢复
52700180,Jar Innards,5270,是,5,是,否,官方 1.17.1,原版存在；配对已恢复
52700184,Jar Innards,5270,是,5,是,否,官方 1.17.1,原版存在；配对已恢复
52700190,Jar Innards,5270,是,5,是,否,官方 1.17.1,原版存在；配对已恢复
52700198,Jar Innards,5270,是,5,是,否,官方 1.17.1,原版存在；配对已恢复
52700200,Jar Innards,5270,是,5,是,否,官方 1.17.1,原版存在；配对已恢复
52700201,Jar Innards,5270,是,5,是,否,官方 1.17.1,原版存在；配对已恢复
52700280,Jar Innards,5270,是,5,是,否,官方 1.17.1,原版存在；配对已恢复
52700284,Jar Innards,5270,是,5,是,否,官方 1.17.1,原版存在；配对已恢复
52700290,Jar Innards,5270,是,5,是,否,官方 1.17.1,原版存在；配对已恢复
52700298,Jar Innards,5270,是,5,是,否,官方 1.17.1,原版存在；配对已恢复
52710000,Jar Innards,5271,是,5,否,否,官方 1.17.1,原版存在；配对已恢复
52710080,Jar Innards,5271,是,5,否,否,官方 1.17.1,原版存在；配对已恢复
52710084,Jar Innards,5271,是,5,否,否,官方 1.17.1,原版存在；配对已恢复
52710090,Jar Innards,5271,是,5,否,否,官方 1.17.1,原版存在；配对已恢复
52710098,Jar Innards,5271,是,5,否,否,官方 1.17.1,原版存在；配对已恢复
52710100,Jar Innards,5271,是,5,否,否,官方 1.17.1,原版存在；配对已恢复
52710180,Jar Innards,5271,是,5,否,否,官方 1.17.1,原版存在；配对已恢复
52710184,Jar Innards,5271,是,5,否,否,官方 1.17.1,原版存在；配对已恢复
52710190,Jar Innards,5271,是,5,否,否,官方 1.17.1,原版存在；配对已恢复
52710198,Jar Innards,5271,是,5,否,否,官方 1.17.1,原版存在；配对已恢复
52710200,Jar Innards,5271,是,5,否,否,官方 1.17.1,原版存在；配对已恢复
52710280,Jar Innards,5271,是,5,否,否,官方 1.17.1,原版存在；配对已恢复
52710284,Jar Innards,5271,是,5,否,否,官方 1.17.1,原版存在；配对已恢复
52710290,Jar Innards,5271,是,5,否,否,官方 1.17.1,原版存在；配对已恢复
52710298,Jar Innards,5271,是,5,否,否,官方 1.17.1,原版存在；配对已恢复
52800000,Winter-Lantern,5280,是,3,是,否,官方 1.17.1,原版存在；配对已恢复
52800001,Winter-Lantern,5280,是,3,是,否,官方 1.17.1,原版存在；配对已恢复
52800086,Winter-Lantern,5280,是,3,是,否,官方 1.17.1,原版存在；配对已恢复
53000000,"Rellana, Twin Moon Knight",5300,是,3,是,否,官方 1.17.1,原版存在；配对已恢复
53000001,"Rellana, Twin Moon Knight",5300,是,3,是,否,官方 1.17.1,原版存在；配对已恢复
53000082,"Rellana, Twin Moon Knight (Boss)",5300,是,3,是,否,官方 1.17.1,原版存在；配对已恢复
53100900,Inquisitor,5310,是,0,是,否,官方 1.17.1,原版存在；未定义官方处决配对
53100901,Inquisitor,5310,是,0,是,否,官方 1.17.1,原版存在；配对已恢复
53100902,,5310,否,0,是,否,官方 1.17.1,同模型新增变体；沿用官方处决配对
53100986,Inquisitor,5310,是,0,是,否,官方 1.17.1,原版存在；配对已恢复
53110000,Inquisitor (Candles),5311,是,4,否,否,官方 1.17.1,原版存在；配对已恢复
53110080,Inquisitor (Candles),5311,是,4,否,否,官方 1.17.1,原版存在；配对已恢复
53110086,Inquisitor (Candles),5311,是,4,否,否,官方 1.17.1,原版存在；配对已恢复
53110089,Inquisitor (Candles),5311,是,4,否,否,官方 1.17.1,原版存在；配对已恢复
53110090,Inquisitor (Candles),5311,是,4,否,否,官方 1.17.1,原版存在；配对已恢复
53110094,Inquisitor (Candles),5311,是,4,否,否,官方 1.17.1,原版存在；配对已恢复
53110100,Inquisitor (Candles),5311,是,4,否,否,官方 1.17.1,原版存在；配对已恢复
53110180,Inquisitor (Candles),5311,是,4,否,否,官方 1.17.1,原版存在；配对已恢复
53110186,Inquisitor (Candles),5311,是,4,否,否,官方 1.17.1,原版存在；配对已恢复
53110189,Inquisitor (Candles),5311,是,4,否,否,官方 1.17.1,原版存在；配对已恢复
53110190,Inquisitor (Candles),5311,是,4,否,否,官方 1.17.1,原版存在；配对已恢复
53110200,Inquisitor (Candles),5311,是,4,否,否,官方 1.17.1,原版存在；配对已恢复
53110201,Inquisitor (Candles),5311,是,4,否,否,官方 1.17.1,原版存在；配对已恢复
53110202,Inquisitor (Candles),5311,是,4,否,否,官方 1.17.1,原版存在；配对已恢复
53110286,Inquisitor (Candles),5311,是,4,否,否,官方 1.17.1,原版存在；配对已恢复
53110300,Inquisitor (Candles),5311,是,4,否,否,官方 1.17.1,原版存在；配对已恢复
53110301,Inquisitor (Candles),5311,是,4,否,否,官方 1.17.1,原版存在；配对已恢复
53110386,Inquisitor (Candles),5311,是,4,否,否,官方 1.17.1,原版存在；配对已恢复
53110400,Inquisitor (Candles),5311,是,4,否,否,官方 1.17.1,原版存在；配对已恢复
53110486,Inquisitor (Candles),5311,是,4,否,否,官方 1.17.1,原版存在；配对已恢复
53110500,Inquisitor (Candles),5311,是,4,否,否,官方 1.17.1,原版存在；配对已恢复
53110586,Inquisitor (Candles),5311,是,4,否,否,官方 1.17.1,原版存在；配对已恢复
53110600,Inquisitor (Candles),5311,是,4,否,否,官方 1.17.1,原版存在；配对已恢复
53110686,Inquisitor (Candles),5311,是,4,否,否,官方 1.17.1,原版存在；配对已恢复
53111000,Inquisitor (Candles),5311,是,4,否,否,官方 1.17.1,原版存在；配对已恢复
53111080,Inquisitor (Candles),5311,是,4,否,否,官方 1.17.1,原版存在；配对已恢复
53111086,Inquisitor (Candles),5311,是,4,否,否,官方 1.17.1,原版存在；配对已恢复
53111089,Inquisitor (Candles),5311,是,4,否,否,官方 1.17.1,原版存在；配对已恢复
53111090,Inquisitor (Candles),5311,是,4,否,否,官方 1.17.1,原版存在；配对已恢复
53111100,Inquisitor (Candles),5311,是,4,否,否,官方 1.17.1,原版存在；配对已恢复
53111101,Inquisitor (Candles),5311,是,4,否,否,官方 1.17.1,原版存在；配对已恢复
53111102,Inquisitor (Candles),5311,是,4,否,否,官方 1.17.1,原版存在；配对已恢复
53111186,Inquisitor (Candles),5311,是,4,否,否,官方 1.17.1,原版存在；配对已恢复
53111200,Inquisitor (Candles),5311,是,4,否,否,官方 1.17.1,原版存在；配对已恢复
53111286,Inquisitor (Candles),5311,是,4,否,否,官方 1.17.1,原版存在；配对已恢复
53111300,Inquisitor (Candles),5311,是,4,否,否,官方 1.17.1,原版存在；配对已恢复
53111386,Inquisitor (Candles),5311,是,4,否,否,官方 1.17.1,原版存在；配对已恢复
53120000,Inquisitor (Staff),5312,是,4,否,否,官方 1.17.1,原版存在；配对已恢复
53120001,Inquisitor (Staff),5312,是,4,否,否,官方 1.17.1,原版存在；配对已恢复
53120086,"Jori, Elder Inquisitor (Boss)",5312,是,4,否,否,官方 1.17.1,原版存在；配对已恢复
53120100,Inquisitor (Staff),5312,是,4,否,否,官方 1.17.1,原版存在；配对已恢复
53120189,Inquisitor (Staff),5312,是,4,否,否,官方 1.17.1,原版存在；配对已恢复
53200000,Fat Inquisitor,5320,是,4,否,否,官方 1.17.1,原版存在；配对已恢复
53200086,Fat Inquisitor,5320,是,4,否,否,官方 1.17.1,原版存在；配对已恢复
53200089,Fat Inquisitor,5320,是,4,否,否,官方 1.17.1,原版存在；配对已恢复
53200100,Fat Inquisitor,5320,是,4,否,否,官方 1.17.1,原版存在；配对已恢复
53200101,Fat Inquisitor,5320,是,4,否,否,官方 1.17.1,原版存在；配对已恢复
53200102,Fat Inquisitor,5320,是,4,否,否,官方 1.17.1,原版存在；配对已恢复
53200186,Fat Inquisitor,5320,是,4,否,否,官方 1.17.1,原版存在；配对已恢复
53200200,Fat Inquisitor,5320,是,4,否,否,官方 1.17.1,原版存在；配对已恢复
53200286,Fat Inquisitor,5320,是,4,否,否,官方 1.17.1,原版存在；配对已恢复
53207000,Fat Inquisitor,5320,是,4,否,否,官方 1.17.1,原版存在；配对已恢复
53207086,Fat Inquisitor,5320,是,4,否,否,官方 1.17.1,原版存在；配对已恢复
53207089,Fat Inquisitor,5320,是,4,否,否,官方 1.17.1,原版存在；配对已恢复
53300000,St. Trina,5330,是,0,否,否,官方 1.17.1,原版存在；未定义官方处决配对
53300087,St. Trina,5330,是,0,否,否,官方 1.17.1,原版存在；配对已恢复
53400000,Dummy Entity,5340,是,0,否,否,官方 1.17.1,原版存在；未定义官方处决配对
53500000,Basilisk Eyes,5350,是,0,否,否,官方 1.17.1,原版存在；未定义官方处决配对
53500100,Basilisk Eyes,5350,是,0,否,否,官方 1.17.1,原版存在；配对已恢复
53600000,Giant Beast Skeleton,5360,是,5,是,否,官方 1.17.1,原版存在；配对已恢复
53600083,Giant Beast Skeleton,5360,是,5,是,否,官方 1.17.1,原版存在；配对已恢复
53600084,Giant Beast Skeleton,5360,是,5,是,否,官方 1.17.1,原版存在；配对已恢复
53600100,Giant Beast Skeleton,5360,是,5,是,否,官方 1.17.1,原版存在；配对已恢复
53600181,Giant Beast Skeleton,5360,是,5,是,否,官方 1.17.1,原版存在；配对已恢复
53600184,Giant Beast Skeleton,5360,是,5,是,否,官方 1.17.1,原版存在；配对已恢复
53600300,Giant Beast Skeleton,5360,是,5,是,否,官方 1.17.1,原版存在；配对已恢复
53600400,Giant Beast Skeleton,5360,是,5,是,否,官方 1.17.1,原版存在；配对已恢复
53600500,Giant Beast Skeleton,5360,是,5,是,否,官方 1.17.1,原版存在；配对已恢复
53600700,Giant Beast Skeleton,5360,是,5,是,否,官方 1.17.1,原版存在；配对已恢复
53600790,Giant Beast Skeleton,5360,是,5,是,否,官方 1.17.1,原版存在；配对已恢复
53601000,Giant Beast Skeleton,5360,是,5,是,否,官方 1.17.1,原版存在；配对已恢复
53601083,Giant Beast Skeleton,5360,是,5,是,否,官方 1.17.1,原版存在；配对已恢复
53601084,Giant Beast Skeleton,5360,是,5,是,否,官方 1.17.1,原版存在；配对已恢复
53601100,Giant Beast Skeleton,5360,是,5,是,否,官方 1.17.1,原版存在；配对已恢复
53601181,Giant Beast Skeleton,5360,是,5,是,否,官方 1.17.1,原版存在；配对已恢复
53601184,Giant Beast Skeleton,5360,是,5,是,否,官方 1.17.1,原版存在；配对已恢复
53601700,Giant Beast Skeleton,5360,是,5,是,否,官方 1.17.1,原版存在；配对已恢复
53601790,Giant Beast Skeleton,5360,是,5,是,否,官方 1.17.1,原版存在；配对已恢复
53602000,Giant Beast Skeleton,5360,是,5,是,否,官方 1.17.1,原版存在；配对已恢复
53602083,Giant Beast Skeleton,5360,是,5,是,否,官方 1.17.1,原版存在；配对已恢复
53602084,Giant Beast Skeleton,5360,是,5,是,否,官方 1.17.1,原版存在；配对已恢复
53602100,Giant Beast Skeleton,5360,是,5,是,否,官方 1.17.1,原版存在；配对已恢复
53602181,Giant Beast Skeleton,5360,是,5,是,否,官方 1.17.1,原版存在；配对已恢复
53602184,Giant Beast Skeleton,5360,是,5,是,否,官方 1.17.1,原版存在；配对已恢复
53602700,Giant Beast Skeleton,5360,是,5,是,否,官方 1.17.1,原版存在；配对已恢复
53602790,Giant Beast Skeleton,5360,是,5,是,否,官方 1.17.1,原版存在；配对已恢复
53603000,Giant Beast Skeleton,5360,是,5,是,否,官方 1.17.1,原版存在；配对已恢复
53603083,Giant Beast Skeleton,5360,是,5,是,否,官方 1.17.1,原版存在；配对已恢复
53603084,Giant Beast Skeleton,5360,是,5,是,否,官方 1.17.1,原版存在；配对已恢复
53603100,Giant Beast Skeleton,5360,是,5,是,否,官方 1.17.1,原版存在；配对已恢复
53603181,Giant Beast Skeleton,5360,是,5,是,否,官方 1.17.1,原版存在；配对已恢复
53603184,Giant Beast Skeleton,5360,是,5,是,否,官方 1.17.1,原版存在；配对已恢复
53603700,Giant Beast Skeleton,5360,是,5,是,否,官方 1.17.1,原版存在；配对已恢复
53603790,Giant Beast Skeleton,5360,是,5,是,否,官方 1.17.1,原版存在；配对已恢复
53604000,Giant Beast Skeleton,5360,是,5,是,否,官方 1.17.1,原版存在；配对已恢复
53604083,Giant Beast Skeleton,5360,是,5,是,否,官方 1.17.1,原版存在；配对已恢复
53604084,Giant Beast Skeleton,5360,是,5,是,否,官方 1.17.1,原版存在；配对已恢复
53604100,Giant Beast Skeleton,5360,是,5,是,否,官方 1.17.1,原版存在；配对已恢复
53604181,Giant Beast Skeleton,5360,是,5,是,否,官方 1.17.1,原版存在；配对已恢复
53604184,Giant Beast Skeleton,5360,是,5,是,否,官方 1.17.1,原版存在；配对已恢复
53604700,Giant Beast Skeleton,5360,是,5,是,否,官方 1.17.1,原版存在；配对已恢复
53604790,Giant Beast Skeleton,5360,是,5,是,否,官方 1.17.1,原版存在；配对已恢复
53605000,Giant Beast Skeleton,5360,是,5,是,否,官方 1.17.1,原版存在；配对已恢复
53605084,Giant Beast Skeleton,5360,是,5,是,否,官方 1.17.1,原版存在；配对已恢复
53606000,Giant Beast Skeleton,5360,是,5,是,否,官方 1.17.1,原版存在；配对已恢复
53606084,Giant Beast Skeleton,5360,是,5,是,否,官方 1.17.1,原版存在；配对已恢复
53607000,Giant Beast Skeleton,5360,是,5,是,否,官方 1.17.1,原版存在；配对已恢复
53607084,Giant Beast Skeleton,5360,是,5,是,否,官方 1.17.1,原版存在；配对已恢复
53608000,Giant Beast Skeleton,5360,是,5,是,否,官方 1.17.1,原版存在；配对已恢复
53608084,Giant Beast Skeleton,5360,是,5,是,否,官方 1.17.1,原版存在；配对已恢复
53609000,Giant Beast Skeleton,5360,是,5,是,否,官方 1.17.1,原版存在；配对已恢复
53609084,Giant Beast Skeleton,5360,是,5,是,否,官方 1.17.1,原版存在；配对已恢复
53609100,Giant Beast Skeleton,5360,是,5,是,否,官方 1.17.1,原版存在；配对已恢复
53609183,Giant Beast Skeleton,5360,是,5,是,否,官方 1.17.1,原版存在；配对已恢复
53609200,Giant Beast Skeleton,5360,是,5,是,否,官方 1.17.1,原版存在；配对已恢复
53609283,Giant Beast Skeleton,5360,是,5,是,否,官方 1.17.1,原版存在；配对已恢复
53609300,Giant Beast Skeleton,5360,是,5,是,否,官方 1.17.1,原版存在；配对已恢复
53609383,Giant Beast Skeleton,5360,是,5,是,否,官方 1.17.1,原版存在；配对已恢复
53700000,Ancient Dragon Senessax,5370,是,1,是,否,官方 1.17.1,原版存在；配对已恢复
53700085,Ancient Dragon Senessax,5370,是,1,是,否,官方 1.17.1,原版存在；配对已恢复
53701000,Ancient Dragon Senessax,5370,是,1,是,否,官方 1.17.1,原版存在；配对已恢复
53701100,Ancient Dragon Senessax,5370,是,1,是,否,官方 1.17.1,原版存在；配对已恢复
53701185,Ancient Dragon Senessax (Boss),5370,是,1,是,否,官方 1.17.1,原版存在；配对已恢复
53701200,Ancient Dragon Senessax,5370,是,1,是,否,官方 1.17.1,原版存在；配对已恢复
53702000,Ancient Dragon Senessax,5370,是,1,是,否,官方 1.17.1,原版存在；配对已恢复
53702100,Ancient Dragon Senessax,5370,是,1,是,否,官方 1.17.1,原版存在；配对已恢复
53702200,Ancient Dragon Senessax,5370,是,1,是,否,官方 1.17.1,原版存在；配对已恢复
53800000,Miranda Blossom,5380,是,2,否,否,官方 1.17.1,原版存在；配对已恢复
53800081,Miranda Blossom,5380,是,2,否,否,官方 1.17.1,原版存在；配对已恢复
53800084,Miranda Blossom,5380,是,2,否,否,官方 1.17.1,原版存在；配对已恢复
53800090,Miranda Blossom,5380,是,2,否,否,官方 1.17.1,原版存在；配对已恢复
53800091,Miranda Blossom,5380,是,2,否,否,官方 1.17.1,原版存在；配对已恢复
53800094,Miranda Blossom,5380,是,2,否,否,官方 1.17.1,原版存在；配对已恢复
53800200,Miranda Blossom,5380,是,2,否,否,官方 1.17.1,原版存在；配对已恢复
53800284,Miranda Blossom,5380,是,2,否,否,官方 1.17.1,原版存在；配对已恢复
53800300,Miranda Blossom,5380,是,2,否,否,官方 1.17.1,原版存在；配对已恢复
53800390,Miranda Blossom,5380,是,2,否,否,官方 1.17.1,原版存在；配对已恢复
53810000,Miranda Sprout,5381,是,0,否,否,官方 1.17.1,原版存在；未定义官方处决配对
53810081,Miranda Sprout,5381,是,0,否,否,官方 1.17.1,原版存在；配对已恢复
53810084,Miranda Sprout,5381,是,0,否,否,官方 1.17.1,原版存在；配对已恢复
53810090,Miranda Sprout,5381,是,0,否,否,官方 1.17.1,原版存在；配对已恢复
53810091,Miranda Sprout,5381,是,0,否,否,官方 1.17.1,原版存在；配对已恢复
53810094,Miranda Sprout,5381,是,0,否,否,官方 1.17.1,原版存在；配对已恢复
53810200,Miranda Sprout,5381,是,0,否,否,官方 1.17.1,原版存在；配对已恢复
53810284,Miranda Sprout,5381,是,0,否,否,官方 1.17.1,原版存在；配对已恢复
53810300,Miranda Sprout,5381,是,0,否,否,官方 1.17.1,原版存在；配对已恢复
53810390,Miranda Sprout,5381,是,0,否,否,官方 1.17.1,原版存在；配对已恢复
53811000,Miranda Sprout,5381,是,0,否,否,官方 1.17.1,原版存在；配对已恢复
53811081,Miranda Sprout,5381,是,0,否,否,官方 1.17.1,原版存在；配对已恢复
53811200,Miranda Sprout,5381,是,0,否,否,官方 1.17.1,原版存在；配对已恢复
53811300,Miranda Sprout,5381,是,0,否,否,官方 1.17.1,原版存在；配对已恢复
53811390,Miranda Sprout,5381,是,0,否,否,官方 1.17.1,原版存在；配对已恢复
53900000,Troll,5390,是,2,否,否,官方 1.17.1,原版存在；配对已恢复
53900001,Troll,5390,是,2,否,否,官方 1.17.1,原版存在；配对已恢复
53900083,Troll,5390,是,2,否,否,官方 1.17.1,原版存在；配对已恢复
53900090,Troll,5390,是,2,否,否,官方 1.17.1,原版存在；配对已恢复
53900100,Troll,5390,是,2,否,否,官方 1.17.1,原版存在；配对已恢复
53901000,Troll,5390,是,2,否,否,官方 1.17.1,原版存在；配对已恢复
53903000,Troll,5390,是,2,否,否,官方 1.17.1,原版存在；配对已恢复
53904000,Troll,5390,是,2,否,否,官方 1.17.1,原版存在；配对已恢复
53904100,Troll,5390,是,2,否,否,官方 1.17.1,原版存在；配对已恢复
53908000,Troll,5390,是,2,否,否,官方 1.17.1,原版存在；配对已恢复
53910000,Troll Knight,5391,是,2,否,否,官方 1.17.1,原版存在；配对已恢复
53910082,Troll Knight,5391,是,2,否,否,官方 1.17.1,原版存在；配对已恢复
53910100,Troll Knight,5391,是,2,否,否,官方 1.17.1,原版存在；配对已恢复
53910190,Troll Knight,5391,是,2,否,否,官方 1.17.1,原版存在；配对已恢复
53910200,Troll Knight,5391,是,2,否,否,官方 1.17.1,原版存在；配对已恢复
53918000,Troll Knight,5391,是,2,否,否,官方 1.17.1,原版存在；配对已恢复
53920000,Troll - Unknown,5392,是,2,否,否,官方 1.17.1,原版存在；配对已恢复
54010000,Eagle,5401,是,0,否,否,官方 1.17.1,原版存在；未定义官方处决配对
54010080,Eagle,5401,是,0,否,否,官方 1.17.1,原版存在；配对已恢复
54010081,Eagle,5401,是,0,否,否,官方 1.17.1,原版存在；配对已恢复
54010082,Eagle,5401,是,0,否,否,官方 1.17.1,原版存在；配对已恢复
54010083,Eagle,5401,是,0,否,否,官方 1.17.1,原版存在；配对已恢复
54010084,Eagle,5401,是,0,否,否,官方 1.17.1,原版存在；配对已恢复
54010085,Eagle,5401,是,0,否,否,官方 1.17.1,原版存在；配对已恢复
54010087,Eagle,5401,是,0,否,否,官方 1.17.1,原版存在；配对已恢复
54010090,Eagle,5401,是,0,否,否,官方 1.17.1,原版存在；配对已恢复
54010091,Eagle,5401,是,0,否,否,官方 1.17.1,原版存在；配对已恢复
54010092,Eagle,5401,是,0,否,否,官方 1.17.1,原版存在；配对已恢复
54010093,Eagle,5401,是,0,否,否,官方 1.17.1,原版存在；配对已恢复
54010094,Eagle,5401,是,0,否,否,官方 1.17.1,原版存在；配对已恢复
54010095,Eagle,5401,是,0,否,否,官方 1.17.1,原版存在；配对已恢复
54010885,Eagle,5401,是,0,否,否,官方 1.17.1,原版存在；配对已恢复
54010888,Eagle,5401,是,0,否,否,官方 1.17.1,原版存在；配对已恢复
54011000,Eagle,5401,是,0,否,否,官方 1.17.1,原版存在；配对已恢复
54011080,Eagle,5401,是,0,否,否,官方 1.17.1,原版存在；配对已恢复
54011081,Eagle,5401,是,0,否,否,官方 1.17.1,原版存在；配对已恢复
54011083,Eagle,5401,是,0,否,否,官方 1.17.1,原版存在；配对已恢复
54011084,Eagle,5401,是,0,否,否,官方 1.17.1,原版存在；配对已恢复
54011085,Eagle,5401,是,0,否,否,官方 1.17.1,原版存在；配对已恢复
54011090,Eagle,5401,是,0,否,否,官方 1.17.1,原版存在；配对已恢复
54011091,Eagle,5401,是,0,否,否,官方 1.17.1,原版存在；配对已恢复
54011093,Eagle,5401,是,0,否,否,官方 1.17.1,原版存在；配对已恢复
54011094,Eagle,5401,是,0,否,否,官方 1.17.1,原版存在；配对已恢复
54011095,Eagle,5401,是,0,否,否,官方 1.17.1,原版存在；配对已恢复
54100000,Deer,5410,是,0,否,否,官方 1.17.1,原版存在；未定义官方处决配对
54100009,Deer,5410,是,0,否,否,官方 1.17.1,原版存在；配对已恢复
54100080,Deer,5410,是,0,否,否,官方 1.17.1,原版存在；配对已恢复
54100081,Deer,5410,是,0,否,否,官方 1.17.1,原版存在；配对已恢复
54100082,Deer,5410,是,0,否,否,官方 1.17.1,原版存在；配对已恢复
54100083,Deer,5410,是,0,否,否,官方 1.17.1,原版存在；配对已恢复
54100084,Deer,5410,是,0,否,否,官方 1.17.1,原版存在；配对已恢复
54100085,Deer,5410,是,0,否,否,官方 1.17.1,原版存在；配对已恢复
54100087,Deer,5410,是,0,否,否,官方 1.17.1,原版存在；配对已恢复
54100090,Deer,5410,是,0,否,否,官方 1.17.1,原版存在；配对已恢复
54100091,Deer,5410,是,0,否,否,官方 1.17.1,原版存在；配对已恢复
54100092,Deer,5410,是,0,否,否,官方 1.17.1,原版存在；配对已恢复
54100093,Deer,5410,是,0,否,否,官方 1.17.1,原版存在；配对已恢复
54100094,Deer,5410,是,0,否,否,官方 1.17.1,原版存在；配对已恢复
54100095,Deer,5410,是,0,否,否,官方 1.17.1,原版存在；配对已恢复
54100880,Deer,5410,是,0,否,否,官方 1.17.1,原版存在；配对已恢复
54100881,Deer,5410,是,0,否,否,官方 1.17.1,原版存在；配对已恢复
54100885,Deer,5410,是,0,否,否,官方 1.17.1,原版存在；配对已恢复
54100900,Deer,5410,是,0,否,否,官方 1.17.1,原版存在；配对已恢复
54101000,Deer,5410,是,0,否,否,官方 1.17.1,原版存在；配对已恢复
54102000,Deer,5410,是,0,否,否,官方 1.17.1,原版存在；配对已恢复
54102080,Deer,5410,是,0,否,否,官方 1.17.1,原版存在；配对已恢复
54102081,Deer,5410,是,0,否,否,官方 1.17.1,原版存在；配对已恢复
54102083,Deer,5410,是,0,否,否,官方 1.17.1,原版存在；配对已恢复
54102084,Deer,5410,是,0,否,否,官方 1.17.1,原版存在；配对已恢复
54102085,Deer,5410,是,0,否,否,官方 1.17.1,原版存在；配对已恢复
54102090,Deer,5410,是,0,否,否,官方 1.17.1,原版存在；配对已恢复
54102091,Deer,5410,是,0,否,否,官方 1.17.1,原版存在；配对已恢复
54102093,Deer,5410,是,0,否,否,官方 1.17.1,原版存在；配对已恢复
54102094,Deer,5410,是,0,否,否,官方 1.17.1,原版存在；配对已恢复
54102095,Deer,5410,是,0,否,否,官方 1.17.1,原版存在；配对已恢复
54210000,Red Bear,5421,是,0,否,否,官方 1.17.1,原版存在；未定义官方处决配对
54210080,Red Bear,5421,是,0,否,否,官方 1.17.1,原版存在；配对已恢复
54210083,Red Bear,5421,是,0,否,否,官方 1.17.1,原版存在；配对已恢复
54210084,Red Bear,5421,是,0,否,否,官方 1.17.1,原版存在；配对已恢复
54210090,Red Bear,5421,是,0,否,否,官方 1.17.1,原版存在；配对已恢复
54210093,Red Bear,5421,是,0,否,否,官方 1.17.1,原版存在；配对已恢复
54211000,Red Bear,5421,是,0,否,否,官方 1.17.1,原版存在；配对已恢复
54211080,Red Bear,5421,是,0,否,否,官方 1.17.1,原版存在；配对已恢复
54211081,Red Bear,5421,是,0,否,否,官方 1.17.1,原版存在；配对已恢复
54211083,Red Bear,5421,是,0,否,否,官方 1.17.1,原版存在；配对已恢复
54211084,Red Bear,5421,是,0,否,否,官方 1.17.1,原版存在；配对已恢复
54211090,Red Bear,5421,是,0,否,否,官方 1.17.1,原版存在；配对已恢复
54211093,Red Bear,5421,是,0,否,否,官方 1.17.1,原版存在；配对已恢复
54211094,Red Bear,5421,是,0,否,否,官方 1.17.1,原版存在；配对已恢复
54300000,Owl,5430,是,0,否,否,官方 1.17.1,原版存在；未定义官方处决配对
54300080,Owl,5430,是,0,否,否,官方 1.17.1,原版存在；配对已恢复
54300081,Owl,5430,是,0,否,否,官方 1.17.1,原版存在；配对已恢复
54300082,Owl,5430,是,0,否,否,官方 1.17.1,原版存在；配对已恢复
54300087,Owl,5430,是,0,否,否,官方 1.17.1,原版存在；配对已恢复
54300090,Owl,5430,是,0,否,否,官方 1.17.1,原版存在；配对已恢复
54300093,Owl,5430,是,0,否,否,官方 1.17.1,原版存在；配对已恢复
54300094,Owl,5430,是,0,否,否,官方 1.17.1,原版存在；配对已恢复
54300095,Owl,5430,是,0,否,否,官方 1.17.1,原版存在；配对已恢复
54301086,Owl,5430,是,0,否,否,官方 1.17.1,原版存在；配对已恢复
54302000,Owl,5430,是,0,否,否,官方 1.17.1,原版存在；配对已恢复
54302083,Owl,5430,是,0,否,否,官方 1.17.1,原版存在；配对已恢复
54302084,Owl,5430,是,0,否,否,官方 1.17.1,原版存在；配对已恢复
54302086,Owl,5430,是,0,否,否,官方 1.17.1,原版存在；配对已恢复
54302090,Owl,5430,是,0,否,否,官方 1.17.1,原版存在；配对已恢复
54302093,Owl,5430,是,0,否,否,官方 1.17.1,原版存在；配对已恢复
54302094,Owl,5430,是,0,否,否,官方 1.17.1,原版存在；配对已恢复
54302095,Owl,5430,是,0,否,否,官方 1.17.1,原版存在；配对已恢复
54400000,Boar,5440,是,0,否,否,官方 1.17.1,原版存在；未定义官方处决配对
54400080,Boar,5440,是,0,否,否,官方 1.17.1,原版存在；配对已恢复
54400084,Boar,5440,是,0,否,否,官方 1.17.1,原版存在；配对已恢复
54400090,Boar,5440,是,0,否,否,官方 1.17.1,原版存在；配对已恢复
54400091,Boar,5440,是,0,否,否,官方 1.17.1,原版存在；配对已恢复
54400093,Boar,5440,是,0,否,否,官方 1.17.1,原版存在；配对已恢复
54400094,Boar,5440,是,0,否,否,官方 1.17.1,原版存在；配对已恢复
54400095,Boar,5440,是,0,否,否,官方 1.17.1,原版存在；配对已恢复
54400100,Boar,5440,是,0,否,否,官方 1.17.1,原版存在；配对已恢复
54400180,Boar,5440,是,0,否,否,官方 1.17.1,原版存在；配对已恢复
54400183,Boar,5440,是,0,否,否,官方 1.17.1,原版存在；配对已恢复
54400184,Boar,5440,是,0,否,否,官方 1.17.1,原版存在；配对已恢复
54400190,Boar,5440,是,0,否,否,官方 1.17.1,原版存在；配对已恢复
54400191,Boar,5440,是,0,否,否,官方 1.17.1,原版存在；配对已恢复
54400194,Boar,5440,是,0,否,否,官方 1.17.1,原版存在；配对已恢复
54400195,Boar,5440,是,0,否,否,官方 1.17.1,原版存在；配对已恢复
54400890,Boar,5440,是,0,否,否,官方 1.17.1,原版存在；配对已恢复
54401000,Boar,5440,是,0,否,否,官方 1.17.1,原版存在；配对已恢复
54401080,Boar,5440,是,0,否,否,官方 1.17.1,原版存在；配对已恢复
54401084,Boar,5440,是,0,否,否,官方 1.17.1,原版存在；配对已恢复
54401090,Boar,5440,是,0,否,否,官方 1.17.1,原版存在；配对已恢复
54401091,Boar,5440,是,0,否,否,官方 1.17.1,原版存在；配对已恢复
54401093,Boar,5440,是,0,否,否,官方 1.17.1,原版存在；配对已恢复
54401094,Boar,5440,是,0,否,否,官方 1.17.1,原版存在；配对已恢复
54401095,Boar,5440,是,0,否,否,官方 1.17.1,原版存在；配对已恢复
54401100,Boar,5440,是,0,否,否,官方 1.17.1,原版存在；配对已恢复
54401181,Boar,5440,是,0,否,否,官方 1.17.1,原版存在；配对已恢复
54401190,Boar,5440,是,0,否,否,官方 1.17.1,原版存在；配对已恢复
54401191,Boar,5440,是,0,否,否,官方 1.17.1,原版存在；配对已恢复
54401193,Boar,5440,是,0,否,否,官方 1.17.1,原版存在；配对已恢复
54401195,Boar,5440,是,0,否,否,官方 1.17.1,原版存在；配对已恢复
54500000,Ram,5450,是,0,否,否,官方 1.17.1,原版存在；未定义官方处决配对
54500080,Ram,5450,是,0,否,否,官方 1.17.1,原版存在；配对已恢复
54500081,Ram,5450,是,0,否,否,官方 1.17.1,原版存在；配对已恢复
54500083,Ram,5450,是,0,否,否,官方 1.17.1,原版存在；配对已恢复
54500084,Ram,5450,是,0,否,否,官方 1.17.1,原版存在；配对已恢复
54500085,Ram,5450,是,0,否,否,官方 1.17.1,原版存在；配对已恢复
54500087,Ram,5450,是,0,否,否,官方 1.17.1,原版存在；配对已恢复
54500090,Ram,5450,是,0,否,否,官方 1.17.1,原版存在；配对已恢复
54500091,Ram,5450,是,0,否,否,官方 1.17.1,原版存在；配对已恢复
54500092,Ram,5450,是,0,否,否,官方 1.17.1,原版存在；配对已恢复
54500093,Ram,5450,是,0,否,否,官方 1.17.1,原版存在；配对已恢复
54500094,Ram,5450,是,0,否,否,官方 1.17.1,原版存在；配对已恢复
54500095,Ram,5450,是,0,否,否,官方 1.17.1,原版存在；配对已恢复
54500880,Ram,5450,是,0,否,否,官方 1.17.1,原版存在；配对已恢复
54500885,Ram,5450,是,0,否,否,官方 1.17.1,原版存在；配对已恢复
54500890,Ram,5450,是,0,否,否,官方 1.17.1,原版存在；配对已恢复
54500900,Ram,5450,是,0,否,否,官方 1.17.1,原版存在；配对已恢复
54501000,Ram,5450,是,0,否,否,官方 1.17.1,原版存在；配对已恢复
54501090,Ram,5450,是,0,否,否,官方 1.17.1,原版存在；配对已恢复
54501091,Ram,5450,是,0,否,否,官方 1.17.1,原版存在；配对已恢复
54501092,Ram,5450,是,0,否,否,官方 1.17.1,原版存在；配对已恢复
54501093,Ram,5450,是,0,否,否,官方 1.17.1,原版存在；配对已恢复
54501094,Ram,5450,是,0,否,否,官方 1.17.1,原版存在；配对已恢复
54501095,Ram,5450,是,0,否,否,官方 1.17.1,原版存在；配对已恢复
54502000,Ram,5450,是,0,否,否,官方 1.17.1,原版存在；配对已恢复
54502093,Ram,5450,是,0,否,否,官方 1.17.1,原版存在；配对已恢复
54503000,Ram,5450,是,0,否,否,官方 1.17.1,原版存在；配对已恢复
54503080,Ram,5450,是,0,否,否,官方 1.17.1,原版存在；配对已恢复
54503083,Ram,5450,是,0,否,否,官方 1.17.1,原版存在；配对已恢复
54503084,Ram,5450,是,0,否,否,官方 1.17.1,原版存在；配对已恢复
54503090,Ram,5450,是,0,否,否,官方 1.17.1,原版存在；配对已恢复
54504000,Ram,5450,是,0,否,否,官方 1.17.1,原版存在；配对已恢复
54504080,Ram,5450,是,0,否,否,官方 1.17.1,原版存在；配对已恢复
54504090,Ram,5450,是,0,否,否,官方 1.17.1,原版存在；配对已恢复
54505000,Ram,5450,是,0,否,否,官方 1.17.1,原版存在；配对已恢复
54506000,Ram,5450,是,0,否,否,官方 1.17.1,原版存在；配对已恢复
54506080,Ram,5450,是,0,否,否,官方 1.17.1,原版存在；配对已恢复
54506083,Ram,5450,是,0,否,否,官方 1.17.1,原版存在；配对已恢复
54506084,Ram,5450,是,0,否,否,官方 1.17.1,原版存在；配对已恢复
54506085,Ram,5450,是,0,否,否,官方 1.17.1,原版存在；配对已恢复
54506090,Ram,5450,是,0,否,否,官方 1.17.1,原版存在；配对已恢复
54506091,Ram,5450,是,0,否,否,官方 1.17.1,原版存在；配对已恢复
54506094,Ram,5450,是,0,否,否,官方 1.17.1,原版存在；配对已恢复
54506095,Ram,5450,是,0,否,否,官方 1.17.1,原版存在；配对已恢复
54506100,Ram,5450,是,0,否,否,官方 1.17.1,原版存在；配对已恢复
54506181,Ram,5450,是,0,否,否,官方 1.17.1,原版存在；配对已恢复
54506190,Ram,5450,是,0,否,否,官方 1.17.1,原版存在；配对已恢复
54506191,Ram,5450,是,0,否,否,官方 1.17.1,原版存在；配对已恢复
54506193,Ram,5450,是,0,否,否,官方 1.17.1,原版存在；配对已恢复
54506194,Ram,5450,是,0,否,否,官方 1.17.1,原版存在；配对已恢复
54506195,Ram,5450,是,0,否,否,官方 1.17.1,原版存在；配对已恢复
54507000,Ram,5450,是,0,否,否,官方 1.17.1,原版存在；配对已恢复
54507086,Ram,5450,是,0,否,否,官方 1.17.1,原版存在；配对已恢复
54507100,Ram,5450,是,0,否,否,官方 1.17.1,原版存在；配对已恢复
54507186,Ram,5450,是,0,否,否,官方 1.17.1,原版存在；配对已恢复
54600000,Murre,5460,是,0,否,否,官方 1.17.1,原版存在；未定义官方处决配对
54600083,Murre,5460,是,0,否,否,官方 1.17.1,原版存在；配对已恢复
54600090,Murre,5460,是,0,否,否,官方 1.17.1,原版存在；配对已恢复
54600093,Murre,5460,是,0,否,否,官方 1.17.1,原版存在；配对已恢复
54600100,Murre,5460,是,0,否,否,官方 1.17.1,原版存在；配对已恢复
54600183,Murre,5460,是,0,否,否,官方 1.17.1,原版存在；配对已恢复
54700000,Dragonfly,5470,是,0,否,否,官方 1.17.1,原版存在；未定义官方处决配对
54700081,Dragonfly,5470,是,0,否,否,官方 1.17.1,原版存在；配对已恢复
54700083,Dragonfly,5470,是,0,否,否,官方 1.17.1,原版存在；配对已恢复
54700084,Dragonfly,5470,是,0,否,否,官方 1.17.1,原版存在；配对已恢复
54700090,Dragonfly,5470,是,0,否,否,官方 1.17.1,原版存在；配对已恢复
54700091,Dragonfly,5470,是,0,否,否,官方 1.17.1,原版存在；配对已恢复
54700093,Dragonfly,5470,是,0,否,否,官方 1.17.1,原版存在；配对已恢复
54700094,Dragonfly,5470,是,0,否,否,官方 1.17.1,原版存在；配对已恢复
54700095,Dragonfly,5470,是,0,否,否,官方 1.17.1,原版存在；配对已恢复
54710000,Yellow Dragonfly,5471,是,0,否,否,官方 1.17.1,原版存在；未定义官方处决配对
54710090,Yellow Dragonfly,5471,是,0,否,否,官方 1.17.1,原版存在；配对已恢复
54710091,Yellow Dragonfly,5471,是,0,否,否,官方 1.17.1,原版存在；配对已恢复
54710093,Yellow Dragonfly,5471,是,0,否,否,官方 1.17.1,原版存在；配对已恢复
54710094,Yellow Dragonfly,5471,是,0,否,否,官方 1.17.1,原版存在；配对已恢复
54710095,Yellow Dragonfly,5471,是,0,否,否,官方 1.17.1,原版存在；配对已恢复
54720000,Great Dragonfly,5472,是,0,否,否,官方 1.17.1,原版存在；未定义官方处决配对
54720090,Great Dragonfly,5472,是,0,否,否,官方 1.17.1,原版存在；配对已恢复
54720091,Great Dragonfly,5472,是,0,否,否,官方 1.17.1,原版存在；配对已恢复
54720093,Great Dragonfly,5472,是,0,否,否,官方 1.17.1,原版存在；配对已恢复
54720095,Great Dragonfly,5472,是,0,否,否,官方 1.17.1,原版存在；配对已恢复
54800000,Turtle,5480,是,0,否,否,官方 1.17.1,原版存在；未定义官方处决配对
54800080,Turtle,5480,是,0,否,否,官方 1.17.1,原版存在；配对已恢复
54800081,Turtle,5480,是,0,否,否,官方 1.17.1,原版存在；配对已恢复
54800082,Turtle,5480,是,0,否,否,官方 1.17.1,原版存在；配对已恢复
54800083,Turtle,5480,是,0,否,否,官方 1.17.1,原版存在；配对已恢复
54800084,Turtle,5480,是,0,否,否,官方 1.17.1,原版存在；配对已恢复
54800087,Turtle,5480,是,0,否,否,官方 1.17.1,原版存在；配对已恢复
54800090,Turtle,5480,是,0,否,否,官方 1.17.1,原版存在；配对已恢复
54800091,Turtle,5480,是,0,否,否,官方 1.17.1,原版存在；配对已恢复
54800094,Turtle,5480,是,0,否,否,官方 1.17.1,原版存在；配对已恢复
54800095,Turtle,5480,是,0,否,否,官方 1.17.1,原版存在；配对已恢复
54800100,Turtle,5480,是,0,否,否,官方 1.17.1,原版存在；配对已恢复
54800181,Turtle,5480,是,0,否,否,官方 1.17.1,原版存在；配对已恢复
54800183,Turtle,5480,是,0,否,否,官方 1.17.1,原版存在；配对已恢复
54800184,Turtle,5480,是,0,否,否,官方 1.17.1,原版存在；配对已恢复
54800190,Turtle,5480,是,0,否,否,官方 1.17.1,原版存在；配对已恢复
54800191,Turtle,5480,是,0,否,否,官方 1.17.1,原版存在；配对已恢复
54800193,Turtle,5480,是,0,否,否,官方 1.17.1,原版存在；配对已恢复
54800194,Turtle,5480,是,0,否,否,官方 1.17.1,原版存在；配对已恢复
54900000,Springhare,5490,是,0,否,否,官方 1.17.1,原版存在；未定义官方处决配对
54900080,Springhare,5490,是,0,否,否,官方 1.17.1,原版存在；配对已恢复
54900081,Springhare,5490,是,0,否,否,官方 1.17.1,原版存在；配对已恢复
54900082,Springhare,5490,是,0,否,否,官方 1.17.1,原版存在；配对已恢复
54900083,Springhare,5490,是,0,否,否,官方 1.17.1,原版存在；配对已恢复
54900084,Springhare,5490,是,0,否,否,官方 1.17.1,原版存在；配对已恢复
54900085,Springhare,5490,是,0,否,否,官方 1.17.1,原版存在；配对已恢复
54900087,Springhare,5490,是,0,否,否,官方 1.17.1,原版存在；配对已恢复
54900090,Springhare,5490,是,0,否,否,官方 1.17.1,原版存在；配对已恢复
54900091,Springhare,5490,是,0,否,否,官方 1.17.1,原版存在；配对已恢复
54900093,Springhare,5490,是,0,否,否,官方 1.17.1,原版存在；配对已恢复
54900094,Springhare,5490,是,0,否,否,官方 1.17.1,原版存在；配对已恢复
54900095,Springhare,5490,是,0,否,否,官方 1.17.1,原版存在；配对已恢复
54900100,Springhare,5490,是,0,否,否,官方 1.17.1,原版存在；配对已恢复
54900885,Springhare,5490,是,0,否,否,官方 1.17.1,原版存在；配对已恢复
54900900,Springhare,5490,是,0,否,否,官方 1.17.1,原版存在；配对已恢复
54901000,Springhare,5490,是,0,否,否,官方 1.17.1,原版存在；配对已恢复
54901080,Springhare,5490,是,0,否,否,官方 1.17.1,原版存在；配对已恢复
54901081,Springhare,5490,是,0,否,否,官方 1.17.1,原版存在；配对已恢复
54901083,Springhare,5490,是,0,否,否,官方 1.17.1,原版存在；配对已恢复
54901084,Springhare,5490,是,0,否,否,官方 1.17.1,原版存在；配对已恢复
54901090,Springhare,5490,是,0,否,否,官方 1.17.1,原版存在；配对已恢复
54901091,Springhare,5490,是,0,否,否,官方 1.17.1,原版存在；配对已恢复
54901093,Springhare,5490,是,0,否,否,官方 1.17.1,原版存在；配对已恢复
54901094,Springhare,5490,是,0,否,否,官方 1.17.1,原版存在；配对已恢复
54901095,Springhare,5490,是,0,否,否,官方 1.17.1,原版存在；配对已恢复
55000000,Living Magma,5500,是,3,否,否,官方 1.17.1,原版存在；配对已恢复
55000081,Living Magma,5500,是,3,否,否,官方 1.17.1,原版存在；配对已恢复
55000090,Living Magma,5500,是,3,否,否,官方 1.17.1,原版存在；配对已恢复
55000093,Living Magma,5500,是,3,否,否,官方 1.17.1,原版存在；配对已恢复
55000095,Living Magma,5500,是,3,否,否,官方 1.17.1,原版存在；配对已恢复
55000100,Living Magma,5500,是,3,否,否,官方 1.17.1,原版存在；配对已恢复
55000181,Living Magma,5500,是,3,否,否,官方 1.17.1,原版存在；配对已恢复
55000190,Living Magma,5500,是,3,否,否,官方 1.17.1,原版存在；配对已恢复
55000193,Living Magma,5500,是,3,否,否,官方 1.17.1,原版存在；配对已恢复
55000195,Living Magma,5500,是,3,否,否,官方 1.17.1,原版存在；配对已恢复
55000200,Living Magma,5500,是,3,否,否,官方 1.17.1,原版存在；配对已恢复
55000281,Living Magma,5500,是,3,否,否,官方 1.17.1,原版存在；配对已恢复
55000290,Living Magma,5500,是,3,否,否,官方 1.17.1,原版存在；配对已恢复
55000293,Living Magma,5500,是,3,否,否,官方 1.17.1,原版存在；配对已恢复
55000295,Living Magma,5500,是,3,否,否,官方 1.17.1,原版存在；配对已恢复
55000300,Living Magma,5500,是,3,否,否,官方 1.17.1,原版存在；配对已恢复
55000381,Living Magma,5500,是,3,否,否,官方 1.17.1,原版存在；配对已恢复
55000390,Living Magma,5500,是,3,否,否,官方 1.17.1,原版存在；配对已恢复
55000393,Living Magma,5500,是,3,否,否,官方 1.17.1,原版存在；配对已恢复
55000395,Living Magma,5500,是,3,否,否,官方 1.17.1,原版存在；配对已恢复
55000400,Living Magma,5500,是,3,否,否,官方 1.17.1,原版存在；配对已恢复
55000481,Living Magma,5500,是,3,否,否,官方 1.17.1,原版存在；配对已恢复
55000490,Living Magma,5500,是,3,否,否,官方 1.17.1,原版存在；配对已恢复
55000493,Living Magma,5500,是,3,否,否,官方 1.17.1,原版存在；配对已恢复
55000495,Living Magma,5500,是,3,否,否,官方 1.17.1,原版存在；配对已恢复
55000500,Living Magma,5500,是,3,否,否,官方 1.17.1,原版存在；配对已恢复
55000581,Living Magma,5500,是,3,否,否,官方 1.17.1,原版存在；配对已恢复
55000590,Living Magma,5500,是,3,否,否,官方 1.17.1,原版存在；配对已恢复
55000593,Living Magma,5500,是,3,否,否,官方 1.17.1,原版存在；配对已恢复
55000595,Living Magma,5500,是,3,否,否,官方 1.17.1,原版存在；配对已恢复
55000600,Living Magma,5500,是,3,否,否,官方 1.17.1,原版存在；配对已恢复
55000690,Living Magma,5500,是,3,否,否,官方 1.17.1,原版存在；配对已恢复
55000700,Living Magma,5500,是,3,否,否,官方 1.17.1,原版存在；配对已恢复
55000790,Living Magma,5500,是,3,否,否,官方 1.17.1,原版存在；配对已恢复
55000800,Living Magma,5500,是,3,否,否,官方 1.17.1,原版存在；配对已恢复
55000890,Living Magma,5500,是,3,否,否,官方 1.17.1,原版存在；配对已恢复
55010000,Living Magma,5501,是,3,否,否,官方 1.17.1,原版存在；配对已恢复
55010085,Living Magma,5501,是,3,否,否,官方 1.17.1,原版存在；配对已恢复
55010100,Living Magma,5501,是,3,否,否,官方 1.17.1,原版存在；配对已恢复
55010185,Living Magma,5501,是,3,否,否,官方 1.17.1,原版存在；配对已恢复
55010200,Living Magma,5501,是,3,否,否,官方 1.17.1,原版存在；配对已恢复
55010285,Living Magma,5501,是,3,否,否,官方 1.17.1,原版存在；配对已恢复
55010685,Living Magma,5501,是,3,否,否,官方 1.17.1,原版存在；配对已恢复
55010785,Living Magma,5501,是,3,否,否,官方 1.17.1,原版存在；配对已恢复
55010885,Living Magma,5501,是,3,否,否,官方 1.17.1,原版存在；配对已恢复
55110000,Shade,5511,是,12,否,否,官方 1.17.1,原版存在；配对已恢复
55110098,Shade,5511,是,12,否,否,官方 1.17.1,原版存在；配对已恢复
55110100,Shade,5511,是,12,否,否,官方 1.17.1,原版存在；配对已恢复
55110198,Shade,5511,是,12,否,否,官方 1.17.1,原版存在；配对已恢复
55120000,Shade,5512,是,13,否,否,官方 1.17.1,原版存在；配对已恢复
55120098,Shade,5512,是,13,否,否,官方 1.17.1,原版存在；配对已恢复
55120100,Shade,5512,是,13,否,否,官方 1.17.1,原版存在；配对已恢复
55120198,Shade,5512,是,13,否,否,官方 1.17.1,原版存在；配对已恢复
55130000,Cemetary Shade,5513,是,5,否,否,官方 1.17.1,原版存在；配对已恢复
55130081,Cemetary Shade,5513,是,5,否,否,官方 1.17.1,原版存在；配对已恢复
55130083,Cemetary Shade,5513,是,5,否,否,官方 1.17.1,原版存在；配对已恢复
55130090,Cemetary Shade,5513,是,5,否,否,官方 1.17.1,原版存在；配对已恢复
55200000,Stray,5520,是,0,否,否,官方 1.17.1,原版存在；未定义官方处决配对
55200081,Stray,5520,是,0,否,否,官方 1.17.1,原版存在；配对已恢复
55200090,Stray,5520,是,0,否,否,官方 1.17.1,原版存在；配对已恢复
55200095,Stray,5520,是,0,否,否,官方 1.17.1,原版存在；配对已恢复
55210000,Stray,5521,是,0,否,否,官方 1.17.1,原版存在；未定义官方处决配对
55210080,Stray,5521,是,0,否,否,官方 1.17.1,原版存在；配对已恢复
55210081,Stray,5521,是,0,否,否,官方 1.17.1,原版存在；配对已恢复
55210090,Stray,5521,是,0,否,否,官方 1.17.1,原版存在；配对已恢复
55220000,Stray,5522,是,0,否,否,官方 1.17.1,原版存在；未定义官方处决配对
55220080,Stray,5522,是,0,否,否,官方 1.17.1,原版存在；配对已恢复
55220081,Stray,5522,是,0,否,否,官方 1.17.1,原版存在；配对已恢复
55220083,Stray,5522,是,0,否,否,官方 1.17.1,原版存在；配对已恢复
55220090,Stray,5522,是,0,否,否,官方 1.17.1,原版存在；配对已恢复
55220094,Stray,5522,是,0,否,否,官方 1.17.1,原版存在；配对已恢复
55220095,Stray,5522,是,0,否,否,官方 1.17.1,原版存在；配对已恢复
55230000,Stray,5523,是,0,否,否,官方 1.17.1,原版存在；未定义官方处决配对
55230080,Stray,5523,是,0,否,否,官方 1.17.1,原版存在；配对已恢复
55230081,Stray,5523,是,0,否,否,官方 1.17.1,原版存在；配对已恢复
55230083,Stray,5523,是,0,否,否,官方 1.17.1,原版存在；配对已恢复
55230090,Stray,5523,是,0,否,否,官方 1.17.1,原版存在；配对已恢复
55230094,Stray,5523,是,0,否,否,官方 1.17.1,原版存在；配对已恢复
55230095,Stray,5523,是,0,否,否,官方 1.17.1,原版存在；配对已恢复
55240000,Braided Stray,5524,是,0,否,否,官方 1.17.1,原版存在；未定义官方处决配对
55240082,Braided Stray,5524,是,0,否,否,官方 1.17.1,原版存在；配对已恢复
55240090,Braided Stray,5524,是,0,否,否,官方 1.17.1,原版存在；配对已恢复
55240094,Braided Stray,5524,是,0,否,否,官方 1.17.1,原版存在；配对已恢复
55250000,Braided Stray,5525,是,0,否,否,官方 1.17.1,原版存在；未定义官方处决配对
55250082,Braided Stray,5525,是,0,否,否,官方 1.17.1,原版存在；配对已恢复
55250090,Braided Stray,5525,是,0,否,否,官方 1.17.1,原版存在；配对已恢复
55250094,Braided Stray,5525,是,0,否,否,官方 1.17.1,原版存在；配对已恢复
55250095,Braided Stray,5525,是,0,否,否,官方 1.17.1,原版存在；配对已恢复
55260000,Bloodbane Stray,5526,是,0,否,否,官方 1.17.1,原版存在；未定义官方处决配对
55260080,Bloodbane Stray,5526,是,0,否,否,官方 1.17.1,原版存在；配对已恢复
55260090,Bloodbane Stray,5526,是,0,否,否,官方 1.17.1,原版存在；配对已恢复
55260094,Bloodbane Stray,5526,是,0,否,否,官方 1.17.1,原版存在；配对已恢复
55270000,Bloodbane Stray,5527,是,0,否,否,官方 1.17.1,原版存在；未定义官方处决配对
55270080,Bloodbane Stray,5527,是,0,否,否,官方 1.17.1,原版存在；配对已恢复
55270090,Bloodbane Stray,5527,是,0,否,否,官方 1.17.1,原版存在；配对已恢复
55270094,Bloodbane Stray,5527,是,0,否,否,官方 1.17.1,原版存在；配对已恢复
55270095,Bloodbane Stray,5527,是,0,否,否,官方 1.17.1,原版存在；配对已恢复
55300000,Man-Bat,5530,是,0,否,否,官方 1.17.1,原版存在；未定义官方处决配对
55300080,Man-Bat,5530,是,0,否,否,官方 1.17.1,原版存在；配对已恢复
55300081,Man-Bat,5530,是,0,否,否,官方 1.17.1,原版存在；配对已恢复
55300090,Man-Bat,5530,是,0,否,否,官方 1.17.1,原版存在；配对已恢复
55300093,Man-Bat,5530,是,0,否,否,官方 1.17.1,原版存在；配对已恢复
55300098,Man-Bat,5530,是,0,否,否,官方 1.17.1,原版存在；配对已恢复
55300099,Man-Bat,5530,是,0,否,否,官方 1.17.1,原版存在；配对已恢复
55300100,Man-Bat,5530,是,0,否,否,官方 1.17.1,原版存在；配对已恢复
55300180,Man-Bat,5530,是,0,否,否,官方 1.17.1,原版存在；配对已恢复
55300181,Man-Bat,5530,是,0,否,否,官方 1.17.1,原版存在；配对已恢复
55300190,Man-Bat,5530,是,0,否,否,官方 1.17.1,原版存在；配对已恢复
55300193,Man-Bat,5530,是,0,否,否,官方 1.17.1,原版存在；配对已恢复
55300198,Man-Bat,5530,是,0,否,否,官方 1.17.1,原版存在；配对已恢复
55300199,Man-Bat,5530,是,0,否,否,官方 1.17.1,原版存在；配对已恢复
55300200,Man-Bat,5530,是,0,否,否,官方 1.17.1,原版存在；配对已恢复
55300299,Man-Bat,5530,是,0,否,否,官方 1.17.1,原版存在；配对已恢复
55301000,Man-Bat,5530,是,0,否,否,官方 1.17.1,原版存在；配对已恢复
55301100,Man-Bat,5530,是,0,否,否,官方 1.17.1,原版存在；配对已恢复
55301200,Man-Bat,5530,是,0,否,否,官方 1.17.1,原版存在；配对已恢复
55400000,Wolf,5540,是,0,否,否,官方 1.17.1,原版存在；未定义官方处决配对
55400009,Wolf,5540,是,0,否,否,官方 1.17.1,原版存在；配对已恢复
55400084,Wolf,5540,是,0,否,否,官方 1.17.1,原版存在；配对已恢复
55400090,Wolf,5540,是,0,否,否,官方 1.17.1,原版存在；配对已恢复
55400100,Wolf,5540,是,0,否,否,官方 1.17.1,原版存在；配对已恢复
55400900,Wolf,5540,是,0,否,否,官方 1.17.1,原版存在；配对已恢复
55401000,Wolf,5540,是,0,否,否,官方 1.17.1,原版存在；配对已恢复
55402000,Wolf,5540,是,0,否,否,官方 1.17.1,原版存在；配对已恢复
55408000,Wolf,5540,是,0,否,否,官方 1.17.1,原版存在；配对已恢复
55409000,Wolf,5540,是,0,否,否,官方 1.17.1,原版存在；配对已恢复
55410000,Wolf,5541,是,0,否,否,官方 1.17.1,原版存在；未定义官方处决配对
55410009,Wolf,5541,是,0,否,否,官方 1.17.1,原版存在；配对已恢复
55410084,Wolf,5541,是,0,否,否,官方 1.17.1,原版存在；配对已恢复
55410090,Wolf,5541,是,0,否,否,官方 1.17.1,原版存在；配对已恢复
55500000,Fingercreeper,5550,是,1,否,否,官方 1.17.1,原版存在；配对已恢复
55500083,Fingercreeper,5550,是,1,否,否,官方 1.17.1,原版存在；配对已恢复
55500093,Fingercreeper,5550,是,1,否,否,官方 1.17.1,原版存在；配对已恢复
55500100,Fingercreeper,5550,是,1,否,否,官方 1.17.1,原版存在；配对已恢复
55500200,Fingercreeper,5550,是,1,否,否,官方 1.17.1,原版存在；配对已恢复
55505000,Fingercreeper,5550,是,1,否,否,官方 1.17.1,原版存在；配对已恢复
55505100,Fingercreeper,5550,是,1,否,否,官方 1.17.1,原版存在；配对已恢复
55505200,Fingercreeper,5550,是,1,否,否,官方 1.17.1,原版存在；配对已恢复
55505300,Fingercreeper,5550,是,1,否,否,官方 1.17.1,原版存在；配对已恢复
55505400,Fingercreeper,5550,是,1,否,否,官方 1.17.1,原版存在；配对已恢复
55505500,Fingercreeper,5550,是,1,否,否,官方 1.17.1,原版存在；配对已恢复
55505600,Fingercreeper,5550,是,1,否,否,官方 1.17.1,原版存在；配对已恢复
55505700,Fingercreeper,5550,是,1,否,否,官方 1.17.1,原版存在；配对已恢复
55505800,Fingercreeper,5550,是,1,否,否,官方 1.17.1,原版存在；配对已恢复
55506000,Fingercreeper,5550,是,1,否,否,官方 1.17.1,原版存在；配对已恢复
55506100,Fingercreeper,5550,是,1,否,否,官方 1.17.1,原版存在；配对已恢复
55506200,Fingercreeper,5550,是,1,否,否,官方 1.17.1,原版存在；配对已恢复
55506300,Fingercreeper,5550,是,1,否,否,官方 1.17.1,原版存在；配对已恢复
55506400,Fingercreeper,5550,是,1,否,否,官方 1.17.1,原版存在；配对已恢复
55507000,Fingercreeper,5550,是,1,否,否,官方 1.17.1,原版存在；配对已恢复
55507100,Fingercreeper,5550,是,1,否,否,官方 1.17.1,原版存在；配对已恢复
55507200,Fingercreeper,5550,是,1,否,否,官方 1.17.1,原版存在；配对已恢复
55507300,Fingercreeper,5550,是,1,否,否,官方 1.17.1,原版存在；配对已恢复
55507400,Fingercreeper,5550,是,1,否,否,官方 1.17.1,原版存在；配对已恢复
55507500,Fingercreeper,5550,是,1,否,否,官方 1.17.1,原版存在；配对已恢复
55507600,Fingercreeper,5550,是,1,否,否,官方 1.17.1,原版存在；配对已恢复
55507700,Fingercreeper,5550,是,1,否,否,官方 1.17.1,原版存在；配对已恢复
55507800,Fingercreeper,5550,是,1,否,否,官方 1.17.1,原版存在；配对已恢复
55508000,Fingercreeper,5550,是,1,否,否,官方 1.17.1,原版存在；配对已恢复
55508100,Fingercreeper,5550,是,1,否,否,官方 1.17.1,原版存在；配对已恢复
55508200,Fingercreeper,5550,是,1,否,否,官方 1.17.1,原版存在；配对已恢复
55508300,Fingercreeper,5550,是,1,否,否,官方 1.17.1,原版存在；配对已恢复
55508400,Fingercreeper,5550,是,1,否,否,官方 1.17.1,原版存在；配对已恢复
55508500,Fingercreeper,5550,是,1,否,否,官方 1.17.1,原版存在；配对已恢复
55508800,Fingercreeper,5550,是,1,否,否,官方 1.17.1,原版存在；配对已恢复
55510000,Fingercreeper (Large),5551,是,0,否,否,官方 1.17.1,原版存在；未定义官方处决配对
55510093,Fingercreeper (Large),5551,是,0,否,否,官方 1.17.1,原版存在；配对已恢复
55510100,Fingercreeper (Large),5551,是,0,否,否,官方 1.17.1,原版存在；配对已恢复
55600000,Fingercreeper (Small),5560,是,0,否,否,官方 1.17.1,原版存在；未定义官方处决配对
55600083,Fingercreeper (Small),5560,是,0,否,否,官方 1.17.1,原版存在；配对已恢复
55600093,Fingercreeper (Small),5560,是,0,否,否,官方 1.17.1,原版存在；配对已恢复
55600100,Fingercreeper (Small),5560,是,0,否,否,官方 1.17.1,原版存在；配对已恢复
55600200,Fingercreeper (Small),5560,是,0,否,否,官方 1.17.1,原版存在；配对已恢复
55600297,Fingercreeper (Small),5560,是,0,否,否,官方 1.17.1,原版存在；配对已恢复
55600300,Fingercreeper (Small),5560,是,0,否,否,官方 1.17.1,原版存在；配对已恢复
55600390,Fingercreeper (Small),5560,是,0,否,否,官方 1.17.1,原版存在；配对已恢复
55700000,Marionette Soldier,5570,是,5,否,否,官方 1.17.1,原版存在；配对已恢复
55700090,Marionette Soldier,5570,是,5,否,否,官方 1.17.1,原版存在；配对已恢复
55701000,Marionette Soldier,5570,是,5,否,否,官方 1.17.1,原版存在；配对已恢复
55701090,Marionette Soldier,5570,是,5,否,否,官方 1.17.1,原版存在；配对已恢复
55701100,Marionette Soldier,5570,是,5,否,否,官方 1.17.1,原版存在；配对已恢复
55701190,Marionette Soldier,5570,是,5,否,否,官方 1.17.1,原版存在；配对已恢复
55701200,Marionette Soldier,5570,是,5,否,否,官方 1.17.1,原版存在；配对已恢复
55701290,Marionette Soldier,5570,是,5,否,否,官方 1.17.1,原版存在；配对已恢复
55702000,Marionette Soldier,5570,是,5,否,否,官方 1.17.1,原版存在；配对已恢复
55702090,Marionette Soldier,5570,是,5,否,否,官方 1.17.1,原版存在；配对已恢复
55800000,Jagged Peak Drake,5580,是,2,否,否,官方 1.17.1,原版存在；配对已恢复
55800084,Jagged Peak Drake (Solo Boss),5580,是,2,否,否,官方 1.17.1,原版存在；配对已恢复
55800085,Jagged Peak Drake (Duo Mob),5580,是,2,否,否,官方 1.17.1,原版存在；配对已恢复
55800985,Jagged Peak Drake (Duo Boss),5580,是,2,否,否,官方 1.17.1,原版存在；配对已恢复
55801000,Jagged Peak Drake,5580,是,2,否,否,官方 1.17.1,原版存在；配对已恢复
55808000,Jagged Peak Drake,5580,是,2,否,否,官方 1.17.1,原版存在；配对已恢复
55810000,Jagged Peak Drake,5581,是,2,否,否,官方 1.17.1,原版存在；配对已恢复
55900000,Putrid Flesh,5590,是,0,否,否,官方 1.17.1,原版存在；未定义官方处决配对
55900081,Putrid Flesh,5590,是,0,否,否,官方 1.17.1,原版存在；配对已恢复
55900083,Putrid Flesh,5590,是,0,否,否,官方 1.17.1,原版存在；配对已恢复
55900087,Putrid Flesh,5590,是,0,否,否,官方 1.17.1,原版存在；配对已恢复
55900090,Putrid Flesh,5590,是,0,否,否,官方 1.17.1,原版存在；配对已恢复
55900091,Putrid Flesh,5590,是,0,否,否,官方 1.17.1,原版存在；配对已恢复
55900100,Putrid Flesh,5590,是,0,否,否,官方 1.17.1,原版存在；配对已恢复
55900180,Putrid Flesh,5590,是,0,否,否,官方 1.17.1,原版存在；配对已恢复
55900184,Putrid Flesh,5590,是,0,否,否,官方 1.17.1,原版存在；配对已恢复
55900190,Putrid Flesh,5590,是,0,否,否,官方 1.17.1,原版存在；配对已恢复
55900200,Putrid Flesh,5590,是,0,否,否,官方 1.17.1,原版存在；配对已恢复
55900300,Putrid Flesh,5590,是,0,否,否,官方 1.17.1,原版存在；配对已恢复
55900400,Putrid Flesh,5590,是,0,否,否,官方 1.17.1,原版存在；配对已恢复
55900483,Putrid Flesh,5590,是,0,否,否,官方 1.17.1,原版存在；配对已恢复
55900487,Putrid Flesh,5590,是,0,否,否,官方 1.17.1,原版存在；配对已恢复
55900500,Putrid Flesh,5590,是,0,否,否,官方 1.17.1,原版存在；配对已恢复
55900585,Putrid Flesh,5590,是,0,否,否,官方 1.17.1,原版存在；配对已恢复
55910000,Putrid Flesh (Large),5591,是,0,否,否,官方 1.17.1,原版存在；未定义官方处决配对
55910087,Putrid Flesh (Large),5591,是,0,否,否,官方 1.17.1,原版存在；配对已恢复
55910400,Putrid Flesh (Large),5591,是,0,否,否,官方 1.17.1,原版存在；配对已恢复
55910500,Putrid Flesh (Large),5591,是,0,否,否,官方 1.17.1,原版存在；配对已恢复
55910587,Putrid Flesh (Large),5591,是,0,否,否,官方 1.17.1,原版存在；配对已恢复
55917500,Putrid Flesh (Large),5591,是,0,否,否,官方 1.17.1,原版存在；配对已恢复
55917587,Putrid Flesh (Large),5591,是,0,否,否,官方 1.17.1,原版存在；配对已恢复
56000000,Catacomb Skeleton,5600,是,5,否,否,官方 1.17.1,原版存在；配对已恢复
56000087,Catacomb Skeleton,5600,是,5,否,否,官方 1.17.1,原版存在；配对已恢复
56000100,Catacomb Skeleton,5600,是,5,否,否,官方 1.17.1,原版存在；配对已恢复
56000187,Catacomb Skeleton,5600,是,5,否,否,官方 1.17.1,原版存在；配对已恢复
56000200,Catacomb Skeleton,5600,是,5,否,否,官方 1.17.1,原版存在；配对已恢复
56000287,Catacomb Skeleton,5600,是,5,否,否,官方 1.17.1,原版存在；配对已恢复
56001000,Catacomb Skeleton,5600,是,5,否,否,官方 1.17.1,原版存在；配对已恢复
56001087,Catacomb Skeleton,5600,是,5,否,否,官方 1.17.1,原版存在；配对已恢复
56001100,Catacomb Skeleton,5600,是,5,否,否,官方 1.17.1,原版存在；配对已恢复
56001187,Catacomb Skeleton,5600,是,5,否,否,官方 1.17.1,原版存在；配对已恢复
56002000,Catacomb Skeleton,5600,是,5,否,否,官方 1.17.1,原版存在；配对已恢复
56002087,Catacomb Skeleton,5600,是,5,否,否,官方 1.17.1,原版存在；配对已恢复
56002100,Catacomb Skeleton,5600,是,5,否,否,官方 1.17.1,原版存在；配对已恢复
56002187,Catacomb Skeleton,5600,是,5,否,否,官方 1.17.1,原版存在；配对已恢复
56003000,Catacomb Skeleton,5600,是,5,否,否,官方 1.17.1,原版存在；配对已恢复
56003087,Catacomb Skeleton,5600,是,5,否,否,官方 1.17.1,原版存在；配对已恢复
56003100,Catacomb Skeleton,5600,是,5,否,否,官方 1.17.1,原版存在；配对已恢复
56003187,Catacomb Skeleton,5600,是,5,否,否,官方 1.17.1,原版存在；配对已恢复
56003200,Catacomb Skeleton,5600,是,5,否,否,官方 1.17.1,原版存在；配对已恢复
56003287,Catacomb Skeleton,5600,是,5,否,否,官方 1.17.1,原版存在；配对已恢复
56003300,Catacomb Skeleton,5600,是,5,否,否,官方 1.17.1,原版存在；配对已恢复
56004000,Catacomb Skeleton,5600,是,5,否,否,官方 1.17.1,原版存在；配对已恢复
56004100,Catacomb Skeleton,5600,是,5,否,否,官方 1.17.1,原版存在；配对已恢复
56200000,Tibia Mariner,5620,是,0,否,否,官方 1.17.1,原版存在；未定义官方处决配对
56200084,Tibia Mariner (Charo's Hidden Grave),5620,是,0,否,否,官方 1.17.1,原版存在；配对已恢复
56300000,Giant Crayfish,5630,是,2,否,否,官方 1.17.1,原版存在；配对已恢复
56300083,Giant Crayfish,5630,是,2,否,否,官方 1.17.1,原版存在；配对已恢复
56300090,Giant Crayfish,5630,是,2,否,否,官方 1.17.1,原版存在；配对已恢复
56301000,Giant Crayfish,5630,是,2,否,否,官方 1.17.1,原版存在；配对已恢复
56302000,Giant Crayfish,5630,是,2,否,否,官方 1.17.1,原版存在；配对已恢复
56302081,Giant Crayfish,5630,是,2,否,否,官方 1.17.1,原版存在；配对已恢复
56307081,Giant Crayfish,5630,是,2,否,否,官方 1.17.1,原版存在；配对已恢复
56400000,Giant Crab,5640,是,2,否,否,官方 1.17.1,原版存在；配对已恢复
56400081,Giant Crab,5640,是,2,否,否,官方 1.17.1,原版存在；配对已恢复
56400083,Giant Crab,5640,是,2,否,否,官方 1.17.1,原版存在；配对已恢复
56400098,Giant Crab,5640,是,2,否,否,官方 1.17.1,原版存在；配对已恢复
56400100,Giant Crab,5640,是,2,否,否,官方 1.17.1,原版存在；配对已恢复
56400183,Giant Crab,5640,是,2,否,否,官方 1.17.1,原版存在；配对已恢复
56400198,Giant Crab,5640,是,2,否,否,官方 1.17.1,原版存在；配对已恢复
56410000,Crab,5641,是,0,否,否,官方 1.17.1,原版存在；未定义官方处决配对
56410081,Crab,5641,是,0,否,否,官方 1.17.1,原版存在；配对已恢复
56410083,Crab,5641,是,0,否,否,官方 1.17.1,原版存在；配对已恢复
56410094,Crab,5641,是,0,否,否,官方 1.17.1,原版存在；配对已恢复
56410098,Crab,5641,是,0,否,否,官方 1.17.1,原版存在；配对已恢复
56510000,Messmer Foot Soldier,5651,是,13,否,否,官方 1.17.1,原版存在；配对已恢复
56510001,,5651,否,13,否,否,官方 1.17.1,同模型新增变体；沿用官方处决配对
56510080,Messmer Foot Soldier,5651,是,13,否,否,官方 1.17.1,原版存在；配对已恢复
56510081,Messmer Foot Soldier,5651,是,13,否,否,官方 1.17.1,原版存在；配对已恢复
56510082,Messmer Foot Soldier,5651,是,13,否,否,官方 1.17.1,原版存在；配对已恢复
56510090,Messmer Foot Soldier,5651,是,13,否,否,官方 1.17.1,原版存在；配对已恢复
56510093,Messmer Foot Soldier,5651,是,13,否,否,官方 1.17.1,原版存在；配对已恢复
56510095,Messmer Foot Soldier,5651,是,13,否,否,官方 1.17.1,原版存在；配对已恢复
56510098,Messmer Foot Soldier,5651,是,13,否,否,官方 1.17.1,原版存在；配对已恢复
56510100,Messmer Foot Soldier,5651,是,13,否,否,官方 1.17.1,原版存在；配对已恢复
56510500,Messmer Foot Soldier,5651,是,13,否,否,官方 1.17.1,原版存在；配对已恢复
56510582,Messmer Foot Soldier,5651,是,13,否,否,官方 1.17.1,原版存在；配对已恢复
56510590,Messmer Foot Soldier,5651,是,13,否,否,官方 1.17.1,原版存在；配对已恢复
56510598,Messmer Foot Soldier,5651,是,13,否,否,官方 1.17.1,原版存在；配对已恢复
56510890,Messmer Foot Soldier,5651,是,13,否,否,官方 1.17.1,原版存在；配对已恢复
56511000,Messmer Foot Soldier,5651,是,13,否,否,官方 1.17.1,原版存在；配对已恢复
56511400,Messmer Foot Soldier,5651,是,13,否,否,官方 1.17.1,原版存在；配对已恢复
56511500,Messmer Foot Soldier,5651,是,13,否,否,官方 1.17.1,原版存在；配对已恢复
56511581,Messmer Foot Soldier,5651,是,13,否,否,官方 1.17.1,原版存在；配对已恢复
56511593,Messmer Foot Soldier,5651,是,13,否,否,官方 1.17.1,原版存在；配对已恢复
56511600,Messmer Foot Soldier,5651,是,13,否,否,官方 1.17.1,原版存在；配对已恢复
56511690,Messmer Foot Soldier,5651,是,13,否,否,官方 1.17.1,原版存在；配对已恢复
56511700,Messmer Foot Soldier,5651,是,13,否,否,官方 1.17.1,原版存在；配对已恢复
56511800,Messmer Foot Soldier,5651,是,13,否,否,官方 1.17.1,原版存在；配对已恢复
56511890,Messmer Foot Soldier,5651,是,13,否,否,官方 1.17.1,原版存在；配对已恢复
56511900,Messmer Foot Soldier,5651,是,13,否,否,官方 1.17.1,原版存在；配对已恢复
56512000,Messmer Foot Soldier,5651,是,13,否,否,官方 1.17.1,原版存在；配对已恢复
56512081,Messmer Foot Soldier,5651,是,13,否,否,官方 1.17.1,原版存在；配对已恢复
56512082,Messmer Foot Soldier,5651,是,13,否,否,官方 1.17.1,原版存在；配对已恢复
56512090,Messmer Foot Soldier,5651,是,13,否,否,官方 1.17.1,原版存在；配对已恢复
56512093,Messmer Foot Soldier,5651,是,13,否,否,官方 1.17.1,原版存在；配对已恢复
56512095,Messmer Foot Soldier,5651,是,13,否,否,官方 1.17.1,原版存在；配对已恢复
56512098,Messmer Foot Soldier,5651,是,13,否,否,官方 1.17.1,原版存在；配对已恢复
56512100,Messmer Foot Soldier,5651,是,13,否,否,官方 1.17.1,原版存在；配对已恢复
56512500,Messmer Foot Soldier,5651,是,13,否,否,官方 1.17.1,原版存在；配对已恢复
56512590,Messmer Foot Soldier,5651,是,13,否,否,官方 1.17.1,原版存在；配对已恢复
56512595,Messmer Foot Soldier,5651,是,13,否,否,官方 1.17.1,原版存在；配对已恢复
56513000,Messmer Foot Soldier,5651,是,13,否,否,官方 1.17.1,原版存在；配对已恢复
56514000,Messmer Foot Soldier,5651,是,13,否,否,官方 1.17.1,原版存在；配对已恢复
56514090,Messmer Foot Soldier,5651,是,13,否,否,官方 1.17.1,原版存在；配对已恢复
56514095,Messmer Foot Soldier,5651,是,13,否,否,官方 1.17.1,原版存在；配对已恢复
56514098,Messmer Foot Soldier,5651,是,13,否,否,官方 1.17.1,原版存在；配对已恢复
56516000,Messmer Foot Soldier,5651,是,13,否,否,官方 1.17.1,原版存在；配对已恢复
56516081,Messmer Foot Soldier,5651,是,13,否,否,官方 1.17.1,原版存在；配对已恢复
56516082,Messmer Foot Soldier,5651,是,13,否,否,官方 1.17.1,原版存在；配对已恢复
56516090,Messmer Foot Soldier,5651,是,13,否,否,官方 1.17.1,原版存在；配对已恢复
56516093,Messmer Foot Soldier,5651,是,13,否,否,官方 1.17.1,原版存在；配对已恢复
56516095,Messmer Foot Soldier,5651,是,13,否,否,官方 1.17.1,原版存在；配对已恢复
56516098,Messmer Foot Soldier,5651,是,13,否,否,官方 1.17.1,原版存在；配对已恢复
56517000,Messmer Foot Soldier,5651,是,13,否,否,官方 1.17.1,原版存在；配对已恢复
56517081,Messmer Foot Soldier,5651,是,13,否,否,官方 1.17.1,原版存在；配对已恢复
56517095,Messmer Foot Soldier,5651,是,13,否,否,官方 1.17.1,原版存在；配对已恢复
56519000,Messmer Foot Soldier,5651,是,13,否,否,官方 1.17.1,原版存在；配对已恢复
56610000,Shadow Militia,5661,是,13,否,否,官方 1.17.1,原版存在；配对已恢复
56610081,Shadow Militia,5661,是,13,否,否,官方 1.17.1,原版存在；配对已恢复
56610090,Shadow Militia,5661,是,13,否,否,官方 1.17.1,原版存在；配对已恢复
56610091,Shadow Militia,5661,是,13,否,否,官方 1.17.1,原版存在；配对已恢复
56610095,Shadow Militia,5661,是,13,否,否,官方 1.17.1,原版存在；配对已恢复
56610098,Shadow Militia,5661,是,13,否,否,官方 1.17.1,原版存在；配对已恢复
56610099,Shadow Militia,5661,是,13,否,否,官方 1.17.1,原版存在；配对已恢复
56610100,Shadow Militia,5661,是,13,否,否,官方 1.17.1,原版存在；配对已恢复
56611000,Shadow Militia,5661,是,13,否,否,官方 1.17.1,原版存在；配对已恢复
56611081,Shadow Militia,5661,是,13,否,否,官方 1.17.1,原版存在；配对已恢复
56611090,Shadow Militia,5661,是,13,否,否,官方 1.17.1,原版存在；配对已恢复
56611091,Shadow Militia,5661,是,13,否,否,官方 1.17.1,原版存在；配对已恢复
56611095,Shadow Militia,5661,是,13,否,否,官方 1.17.1,原版存在；配对已恢复
56611098,Shadow Militia,5661,是,13,否,否,官方 1.17.1,原版存在；配对已恢复
56611099,Shadow Militia,5661,是,13,否,否,官方 1.17.1,原版存在；配对已恢复
56611100,Shadow Militia,5661,是,13,否,否,官方 1.17.1,原版存在；配对已恢复
56612000,Shadow Militia,5661,是,13,否,否,官方 1.17.1,原版存在；配对已恢复
56612081,Shadow Militia,5661,是,13,否,否,官方 1.17.1,原版存在；配对已恢复
56612090,Shadow Militia,5661,是,13,否,否,官方 1.17.1,原版存在；配对已恢复
56612091,Shadow Militia,5661,是,13,否,否,官方 1.17.1,原版存在；配对已恢复
56612095,Shadow Militia,5661,是,13,否,否,官方 1.17.1,原版存在；配对已恢复
56612098,Shadow Militia,5661,是,13,否,否,官方 1.17.1,原版存在；配对已恢复
56612099,Shadow Militia,5661,是,13,否,否,官方 1.17.1,原版存在；配对已恢复
56612100,Shadow Militia,5661,是,13,否,否,官方 1.17.1,原版存在；配对已恢复
56700000,,5670,是,0,否,否,官方 1.17.1,原版存在；未定义官方处决配对
56700082,,5670,是,0,否,否,官方 1.17.1,原版存在；配对已恢复
56800000,Wheeled Ballista,5680,是,0,否,否,官方 1.17.1,原版存在；未定义官方处决配对
56800081,Wheeled Ballista,5680,是,0,否,否,官方 1.17.1,原版存在；配对已恢复
56800093,Wheeled Ballista,5680,是,0,否,否,官方 1.17.1,原版存在；配对已恢复
56900000,Dragon-faced Flamethrower,5690,是,0,否,否,官方 1.17.1,原版存在；未定义官方处决配对
56900090,Dragon-faced Flamethrower,5690,是,0,否,否,官方 1.17.1,原版存在；配对已恢复
57000000,Demi-Human,5700,是,13,否,否,官方 1.17.1,原版存在；配对已恢复
57000083,Demi-Human,5700,是,13,否,否,官方 1.17.1,原版存在；配对已恢复
57000093,Demi-Human,5700,是,13,否,否,官方 1.17.1,原版存在；配对已恢复
57000200,Demi-Human,5700,是,13,否,否,官方 1.17.1,原版存在；配对已恢复
57001000,Demi-Human,5700,是,13,否,否,官方 1.17.1,原版存在；配对已恢复
57001083,Demi-Human,5700,是,13,否,否,官方 1.17.1,原版存在；配对已恢复
57001093,Demi-Human,5700,是,13,否,否,官方 1.17.1,原版存在；配对已恢复
57001200,Demi-Human,5700,是,13,否,否,官方 1.17.1,原版存在；配对已恢复
57002000,Demi-Human,5700,是,13,否,否,官方 1.17.1,原版存在；配对已恢复
57002083,Demi-Human,5700,是,13,否,否,官方 1.17.1,原版存在；配对已恢复
57002093,Demi-Human,5700,是,13,否,否,官方 1.17.1,原版存在；配对已恢复
57002200,Demi-Human,5700,是,13,否,否,官方 1.17.1,原版存在；配对已恢复
57009000,Demi-Human,5700,是,13,否,否,官方 1.17.1,原版存在；配对已恢复
57009100,Demi-Human,5700,是,13,否,否,官方 1.17.1,原版存在；配对已恢复
57009200,Demi-Human,5700,是,13,否,否,官方 1.17.1,原版存在；配对已恢复
57010000,Demi-Human (Large),5701,是,13,否,否,官方 1.17.1,原版存在；配对已恢复
57010083,Demi-Human (Large),5701,是,13,否,否,官方 1.17.1,原版存在；配对已恢复
57010093,Demi-Human (Large),5701,是,13,否,否,官方 1.17.1,原版存在；配对已恢复
57100000,Demi-Human Shaman,5710,是,0,否,否,官方 1.17.1,原版存在；未定义官方处决配对
57100083,Demi-Human Shaman,5710,是,0,否,否,官方 1.17.1,原版存在；配对已恢复
57100093,Demi-Human Shaman,5710,是,0,否,否,官方 1.17.1,原版存在；配对已恢复
57109000,Demi-Human Shaman,5710,是,0,否,否,官方 1.17.1,原版存在；配对已恢复
57109100,Demi-Human Shaman,5710,是,0,否,否,官方 1.17.1,原版存在；配对已恢复
57200000,Demi-Human Chief,5720,是,12,否,否,官方 1.17.1,原版存在；配对已恢复
57200083,Demi-Human Chief,5720,是,12,否,否,官方 1.17.1,原版存在；配对已恢复
57200093,Demi-Human Chief,5720,是,12,否,否,官方 1.17.1,原版存在；配对已恢复
57200100,Demi-Human Chief,5720,是,12,否,否,官方 1.17.1,原版存在；配对已恢复
57300000,Demi-Human Queen,5730,是,2,否,否,官方 1.17.1,原版存在；配对已恢复
57300083,Demi-Human Queen Marigga (Boss),5730,是,2,否,否,官方 1.17.1,原版存在；配对已恢复
57301000,Demi-Human Queen,5730,是,2,否,否,官方 1.17.1,原版存在；配对已恢复
57301993,Demi-Human Queen,5730,是,2,否,否,官方 1.17.1,原版存在；配对已恢复
57400000,Kindred of Rot,5740,是,14,否,否,官方 1.17.1,原版存在；配对已恢复
57400090,Kindred of Rot,5740,是,14,否,否,官方 1.17.1,原版存在；配对已恢复
57400094,Kindred of Rot,5740,是,14,否,否,官方 1.17.1,原版存在；配对已恢复
57400095,Kindred of Rot,5740,是,14,否,否,官方 1.17.1,原版存在；配对已恢复
57401000,Kindred of Rot,5740,是,14,否,否,官方 1.17.1,原版存在；配对已恢复
57401090,Kindred of Rot,5740,是,14,否,否,官方 1.17.1,原版存在；配对已恢复
57401094,Kindred of Rot,5740,是,14,否,否,官方 1.17.1,原版存在；配对已恢复
57401095,Kindred of Rot,5740,是,14,否,否,官方 1.17.1,原版存在；配对已恢复
57402000,Kindred of Rot,5740,是,14,否,否,官方 1.17.1,原版存在；配对已恢复
57402090,Kindred of Rot,5740,是,14,否,否,官方 1.17.1,原版存在；配对已恢复
57402094,Kindred of Rot,5740,是,14,否,否,官方 1.17.1,原版存在；配对已恢复
57402095,Kindred of Rot,5740,是,14,否,否,官方 1.17.1,原版存在；配对已恢复
57403000,Kindred of Rot,5740,是,14,否,否,官方 1.17.1,原版存在；配对已恢复
57403090,Kindred of Rot,5740,是,14,否,否,官方 1.17.1,原版存在；配对已恢复
57403094,Kindred of Rot,5740,是,14,否,否,官方 1.17.1,原版存在；配对已恢复
57403095,Kindred of Rot,5740,是,14,否,否,官方 1.17.1,原版存在；配对已恢复
57404000,Kindred of Rot,5740,是,14,否,否,官方 1.17.1,原版存在；配对已恢复
57404090,Kindred of Rot,5740,是,14,否,否,官方 1.17.1,原版存在；配对已恢复
57404094,Kindred of Rot,5740,是,14,否,否,官方 1.17.1,原版存在；配对已恢复
57404095,Kindred of Rot,5740,是,14,否,否,官方 1.17.1,原版存在；配对已恢复
57405000,Kindred of Rot,5740,是,14,否,否,官方 1.17.1,原版存在；配对已恢复
57405094,Kindred of Rot,5740,是,14,否,否,官方 1.17.1,原版存在；配对已恢复
57405095,Kindred of Rot,5740,是,14,否,否,官方 1.17.1,原版存在；配对已恢复
57406000,Kindred of Rot,5740,是,14,否,否,官方 1.17.1,原版存在；配对已恢复
57406094,Kindred of Rot,5740,是,14,否,否,官方 1.17.1,原版存在；配对已恢复
57406095,Kindred of Rot,5740,是,14,否,否,官方 1.17.1,原版存在；配对已恢复
57407000,Kindred of Rot,5740,是,14,否,否,官方 1.17.1,原版存在；配对已恢复
57407094,Kindred of Rot,5740,是,14,否,否,官方 1.17.1,原版存在；配对已恢复
57407095,Kindred of Rot,5740,是,14,否,否,官方 1.17.1,原版存在；配对已恢复
57409000,Kindred of Rot,5740,是,14,否,否,官方 1.17.1,原版存在；配对已恢复
57409080,Kindred of Rot,5740,是,14,否,否,官方 1.17.1,原版存在；配对已恢复
57409081,Kindred of Rot,5740,是,14,否,否,官方 1.17.1,原版存在；配对已恢复
57409083,Kindred of Rot,5740,是,14,否,否,官方 1.17.1,原版存在；配对已恢复
57409090,Kindred of Rot,5740,是,14,否,否,官方 1.17.1,原版存在；配对已恢复
57500000,Living Jar Warrior,5750,是,0,否,否,官方 1.17.1,原版存在；未定义官方处决配对
57500080,Living Jar Warrior,5750,是,0,否,否,官方 1.17.1,原版存在；配对已恢复
57500084,Living Jar Warrior,5750,是,0,否,否,官方 1.17.1,原版存在；配对已恢复
57500090,Living Jar Warrior,5750,是,0,否,否,官方 1.17.1,原版存在；配对已恢复
57500098,Living Jar Warrior,5750,是,0,否,否,官方 1.17.1,原版存在；配对已恢复
57500400,Living Jar Warrior,5750,是,0,否,否,官方 1.17.1,原版存在；配对已恢复
57500480,Living Jar Warrior,5750,是,0,否,否,官方 1.17.1,原版存在；配对已恢复
57500484,Living Jar Warrior,5750,是,0,否,否,官方 1.17.1,原版存在；配对已恢复
57500490,Living Jar Warrior,5750,是,0,否,否,官方 1.17.1,原版存在；配对已恢复
57500498,Living Jar Warrior,5750,是,0,否,否,官方 1.17.1,原版存在；配对已恢复
57507000,Living Jar Warrior,5750,是,0,否,否,官方 1.17.1,原版存在；配对已恢复
57508000,Living Jar Warrior,5750,是,0,否,否,官方 1.17.1,原版存在；配对已恢复
57508080,Living Jar Warrior,5750,是,0,否,否,官方 1.17.1,原版存在；配对已恢复
57508084,Living Jar Warrior,5750,是,0,否,否,官方 1.17.1,原版存在；配对已恢复
57508090,Living Jar Warrior,5750,是,0,否,否,官方 1.17.1,原版存在；配对已恢复
57508098,Living Jar Warrior,5750,是,0,否,否,官方 1.17.1,原版存在；配对已恢复
57508100,Living Jar Warrior,5750,是,0,否,否,官方 1.17.1,原版存在；配对已恢复
57508180,Living Jar Warrior,5750,是,0,否,否,官方 1.17.1,原版存在；配对已恢复
57508184,Living Jar Warrior,5750,是,0,否,否,官方 1.17.1,原版存在；配对已恢复
57508190,Living Jar Warrior,5750,是,0,否,否,官方 1.17.1,原版存在；配对已恢复
57508200,Living Jar Warrior,5750,是,0,否,否,官方 1.17.1,原版存在；配对已恢复
57508280,Living Jar Warrior,5750,是,0,否,否,官方 1.17.1,原版存在；配对已恢复
57508284,Living Jar Warrior,5750,是,0,否,否,官方 1.17.1,原版存在；配对已恢复
57508290,Living Jar Warrior,5750,是,0,否,否,官方 1.17.1,原版存在；配对已恢复
57508300,Living Jar Warrior,5750,是,0,否,否,官方 1.17.1,原版存在；配对已恢复
57508380,Living Jar Warrior,5750,是,0,否,否,官方 1.17.1,原版存在；配对已恢复
57508390,Living Jar Warrior,5750,是,0,否,否,官方 1.17.1,原版存在；配对已恢复
57508400,Living Jar Warrior,5750,是,0,否,否,官方 1.17.1,原版存在；配对已恢复
57508480,Living Jar Warrior,5750,是,0,否,否,官方 1.17.1,原版存在；配对已恢复
57508490,Living Jar Warrior,5750,是,0,否,否,官方 1.17.1,原版存在；配对已恢复
57508500,Living Jar Warrior,5750,是,0,否,否,官方 1.17.1,原版存在；配对已恢复
57508580,Living Jar Warrior,5750,是,0,否,否,官方 1.17.1,原版存在；配对已恢复
57510000,Living Jar,5751,是,0,否,否,官方 1.17.1,原版存在；未定义官方处决配对
57510002,Living Jar,5751,是,0,否,否,官方 1.17.1,原版存在；配对已恢复
57510080,Living Jar,5751,是,0,否,否,官方 1.17.1,原版存在；配对已恢复
57510084,Living Jar,5751,是,0,否,否,官方 1.17.1,原版存在；配对已恢复
57510090,Living Jar,5751,是,0,否,否,官方 1.17.1,原版存在；配对已恢复
57510098,Living Jar,5751,是,0,否,否,官方 1.17.1,原版存在；配对已恢复
57510200,Living Jar,5751,是,0,否,否,官方 1.17.1,原版存在；配对已恢复
57510300,Living Jar,5751,是,0,否,否,官方 1.17.1,原版存在；配对已恢复
57510400,Living Jar,5751,是,0,否,否,官方 1.17.1,原版存在；配对已恢复
57510480,Living Jar,5751,是,0,否,否,官方 1.17.1,原版存在；配对已恢复
57510484,Living Jar,5751,是,0,否,否,官方 1.17.1,原版存在；配对已恢复
57510490,Living Jar,5751,是,0,否,否,官方 1.17.1,原版存在；配对已恢复
57510498,Living Jar,5751,是,0,否,否,官方 1.17.1,原版存在；配对已恢复
57600000,Rat,5760,是,0,否,否,官方 1.17.1,原版存在；未定义官方处决配对
57600080,Rat,5760,是,0,否,否,官方 1.17.1,原版存在；配对已恢复
57600081,Rat,5760,是,0,否,否,官方 1.17.1,原版存在；配对已恢复
57600084,Rat,5760,是,0,否,否,官方 1.17.1,原版存在；配对已恢复
57600090,Rat,5760,是,0,否,否,官方 1.17.1,原版存在；配对已恢复
57600100,Rat,5760,是,0,否,否,官方 1.17.1,原版存在；配对已恢复
57600300,Rat,5760,是,0,否,否,官方 1.17.1,原版存在；配对已恢复
57600386,Rat,5760,是,0,否,否,官方 1.17.1,原版存在；配对已恢复
57600390,Rat,5760,是,0,否,否,官方 1.17.1,原版存在；配对已恢复
57600886,Rat,5760,是,0,否,否,官方 1.17.1,原版存在；配对已恢复
57610000,Giant Rat,5761,是,2,否,否,官方 1.17.1,原版存在；配对已恢复
57610080,Giant Rat,5761,是,2,否,否,官方 1.17.1,原版存在；配对已恢复
57610081,Giant Rat,5761,是,2,否,否,官方 1.17.1,原版存在；配对已恢复
57610084,Giant Rat,5761,是,2,否,否,官方 1.17.1,原版存在；配对已恢复
57610090,Giant Rat,5761,是,2,否,否,官方 1.17.1,原版存在；配对已恢复
57610300,Giant Rat,5761,是,2,否,否,官方 1.17.1,原版存在；配对已恢复
57610386,Giant Rat,5761,是,2,否,否,官方 1.17.1,原版存在；配对已恢复
57610390,Giant Rat,5761,是,2,否,否,官方 1.17.1,原版存在；配对已恢复
57610886,Giant Rat,5761,是,2,否,否,官方 1.17.1,原版存在；配对已恢复
57700000,,5770,是,0,否,否,官方 1.17.1,原版存在；未定义官方处决配对
57700084,,5770,是,0,否,否,官方 1.17.1,原版存在；配对已恢复
57700100,,5770,是,0,否,否,官方 1.17.1,原版存在；配对已恢复
57800000,Runebear,5780,是,1,否,否,官方 1.17.1,原版存在；配对已恢复
57800090,Runebear,5780,是,1,否,否,官方 1.17.1,原版存在；配对已恢复
57800095,Runebear,5780,是,1,否,否,官方 1.17.1,原版存在；配对已恢复
57800100,Runebear,5780,是,1,否,否,官方 1.17.1,原版存在；配对已恢复
57800200,Runebear,5780,是,1,否,否,官方 1.17.1,原版存在；配对已恢复
57800700,Runebear,5780,是,1,否,否,官方 1.17.1,原版存在；配对已恢复
57900000,Guardian Golem,5790,是,2,否,否,官方 1.17.1,原版存在；配对已恢复
57900090,Guardian Golem,5790,是,2,否,否,官方 1.17.1,原版存在；配对已恢复
57900095,Guardian Golem,5790,是,2,否,否,官方 1.17.1,原版存在；配对已恢复
57900100,Guardian Golem,5790,是,2,否,否,官方 1.17.1,原版存在；配对已恢复
57901000,Guardian Golem,5790,是,2,否,否,官方 1.17.1,原版存在；配对已恢复
57901090,Guardian Golem,5790,是,2,否,否,官方 1.17.1,原版存在；配对已恢复
57901094,Guardian Golem,5790,是,2,否,否,官方 1.17.1,原版存在；配对已恢复
57901095,Guardian Golem,5790,是,2,否,否,官方 1.17.1,原版存在；配对已恢复
57901100,Guardian Golem,5790,是,2,否,否,官方 1.17.1,原版存在；配对已恢复
57902000,Guardian Golem,5790,是,2,否,否,官方 1.17.1,原版存在；配对已恢复
57902100,Guardian Golem,5790,是,2,否,否,官方 1.17.1,原版存在；配对已恢复
57903000,Guardian Golem,5790,是,2,否,否,官方 1.17.1,原版存在；配对已恢复
57903100,Guardian Golem,5790,是,2,否,否,官方 1.17.1,原版存在；配对已恢复
57904000,Guardian Golem,5790,是,2,否,否,官方 1.17.1,原版存在；配对已恢复
57904100,Guardian Golem,5790,是,2,否,否,官方 1.17.1,原版存在；配对已恢复
57905000,Guardian Golem,5790,是,2,否,否,官方 1.17.1,原版存在；配对已恢复
57905100,Guardian Golem,5790,是,2,否,否,官方 1.17.1,原版存在；配对已恢复
57906000,Guardian Golem,5790,是,2,否,否,官方 1.17.1,原版存在；配对已恢复
57907000,Guardian Golem,5790,是,2,否,否,官方 1.17.1,原版存在；配对已恢复
57908000,Guardian Golem,5790,是,2,否,否,官方 1.17.1,原版存在；配对已恢复
57909000,Guardian Golem,5790,是,2,否,否,官方 1.17.1,原版存在；配对已恢复
58000000,Crucible Knight Devonia,5800,是,2,否,否,官方 1.17.1,原版存在；配对已恢复
58000001,Crucible Knight Devonia,5800,是,2,否,否,官方 1.17.1,原版存在；配对已恢复
58000094,Crucible Knight Devonia,5800,是,2,否,否,官方 1.17.1,原版存在；配对已恢复
58100000,Demi-Human Swordmaster Onze,5810,是,4,否,否,官方 1.17.1,原版存在；配对已恢复
58100001,Demi-Human Swordmaster Onze,5810,是,4,否,否,官方 1.17.1,原版存在；配对已恢复
58100083,Demi-Human Swordmaster Onze,5810,是,4,否,否,官方 1.17.1,原版存在；配对已恢复
58100093,Demi-Human Swordmaster Onze,5810,是,4,否,否,官方 1.17.1,原版存在；配对已恢复
58100980,Demi-Human Swordmaster Onze (Boss),5810,是,4,否,否,官方 1.17.1,原版存在；配对已恢复
58108083,Demi-Human Swordmaster Onze,5810,是,4,否,否,官方 1.17.1,原版存在；配对已恢复
58200000,Great Red Bear,5820,是,2,否,否,官方 1.17.1,原版存在；配对已恢复
58200001,Great Red Bear,5820,是,2,否,否,官方 1.17.1,原版存在；配对已恢复
58200090,Great Red Bear,5820,是,2,否,否,官方 1.17.1,原版存在；配对已恢复
58200093,Great Red Bear,5820,是,2,否,否,官方 1.17.1,原版存在；配对已恢复
58200095,Rugalea the Great Red Bear (Boss),5820,是,2,否,否,官方 1.17.1,原版存在；配对已恢复
58200990,Ralva the Great Red Bear (Boss),5820,是,2,否,否,官方 1.17.1,原版存在；配对已恢复
58300000,Messmer Soldier,5830,是,14,是,否,官方 1.17.1,原版存在；配对已恢复
58300001,Messmer Soldier,5830,是,14,是,否,官方 1.17.1,原版存在；配对已恢复
58300080,Messmer Soldier,5830,是,14,是,否,官方 1.17.1,原版存在；配对已恢复
58300081,Messmer Soldier,5830,是,14,是,否,官方 1.17.1,原版存在；配对已恢复
58300082,Messmer Soldier,5830,是,14,是,否,官方 1.17.1,原版存在；配对已恢复
58300090,Messmer Soldier,5830,是,14,是,否,官方 1.17.1,原版存在；配对已恢复
58300093,Messmer Soldier,5830,是,14,是,否,官方 1.17.1,原版存在；配对已恢复
58300095,Messmer Soldier,5830,是,14,是,否,官方 1.17.1,原版存在；配对已恢复
58300098,Messmer Soldier,5830,是,14,是,否,官方 1.17.1,原版存在；配对已恢复
58300100,Messmer Soldier,5830,是,14,是,否,官方 1.17.1,原版存在；配对已恢复
58300101,Messmer Soldier,5830,是,14,是,否,官方 1.17.1,原版存在；配对已恢复
58300180,Messmer Soldier,5830,是,14,是,否,官方 1.17.1,原版存在；配对已恢复
58300181,Messmer Soldier,5830,是,14,是,否,官方 1.17.1,原版存在；配对已恢复
58300182,Messmer Soldier,5830,是,14,是,否,官方 1.17.1,原版存在；配对已恢复
58300190,Messmer Soldier,5830,是,14,是,否,官方 1.17.1,原版存在；配对已恢复
58300193,Messmer Soldier,5830,是,14,是,否,官方 1.17.1,原版存在；配对已恢复
58300200,Messmer Soldier,5830,是,14,是,否,官方 1.17.1,原版存在；配对已恢复
58300201,Messmer Soldier,5830,是,14,是,否,官方 1.17.1,原版存在；配对已恢复
58300280,Messmer Soldier,5830,是,14,是,否,官方 1.17.1,原版存在；配对已恢复
58300281,Messmer Soldier,5830,是,14,是,否,官方 1.17.1,原版存在；配对已恢复
58300282,Messmer Soldier,5830,是,14,是,否,官方 1.17.1,原版存在；配对已恢复
58300290,Messmer Soldier,5830,是,14,是,否,官方 1.17.1,原版存在；配对已恢复
58300293,Messmer Soldier,5830,是,14,是,否,官方 1.17.1,原版存在；配对已恢复
58300298,Messmer Soldier,5830,是,14,是,否,官方 1.17.1,原版存在；配对已恢复
58300300,Messmer Soldier,5830,是,14,是,否,官方 1.17.1,原版存在；配对已恢复
58300301,Messmer Soldier,5830,是,14,是,否,官方 1.17.1,原版存在；配对已恢复
58300380,Messmer Soldier,5830,是,14,是,否,官方 1.17.1,原版存在；配对已恢复
58300381,Messmer Soldier,5830,是,14,是,否,官方 1.17.1,原版存在；配对已恢复
58300382,Messmer Soldier,5830,是,14,是,否,官方 1.17.1,原版存在；配对已恢复
58300390,Messmer Soldier,5830,是,14,是,否,官方 1.17.1,原版存在；配对已恢复
58300393,Messmer Soldier,5830,是,14,是,否,官方 1.17.1,原版存在；配对已恢复
58300395,Messmer Soldier,5830,是,14,是,否,官方 1.17.1,原版存在；配对已恢复
58300398,Messmer Soldier,5830,是,14,是,否,官方 1.17.1,原版存在；配对已恢复
58300400,Messmer Soldier,5830,是,14,是,否,官方 1.17.1,原版存在；配对已恢复
58300401,Messmer Soldier,5830,是,14,是,否,官方 1.17.1,原版存在；配对已恢复
58300482,Messmer Soldier,5830,是,14,是,否,官方 1.17.1,原版存在；配对已恢复
58300490,Messmer Soldier,5830,是,14,是,否,官方 1.17.1,原版存在；配对已恢复
58300500,Messmer Soldier,5830,是,14,是,否,官方 1.17.1,原版存在；配对已恢复
58300501,Messmer Soldier,5830,是,14,是,否,官方 1.17.1,原版存在；配对已恢复
58300580,Messmer Soldier,5830,是,14,是,否,官方 1.17.1,原版存在；配对已恢复
58300581,Messmer Soldier,5830,是,14,是,否,官方 1.17.1,原版存在；配对已恢复
58300582,Messmer Soldier,5830,是,14,是,否,官方 1.17.1,原版存在；配对已恢复
58300590,Messmer Soldier,5830,是,14,是,否,官方 1.17.1,原版存在；配对已恢复
58300593,Messmer Soldier,5830,是,14,是,否,官方 1.17.1,原版存在；配对已恢复
58300595,Messmer Soldier,5830,是,14,是,否,官方 1.17.1,原版存在；配对已恢复
58300598,Messmer Soldier,5830,是,14,是,否,官方 1.17.1,原版存在；配对已恢复
58300600,Messmer Soldier,5830,是,14,是,否,官方 1.17.1,原版存在；配对已恢复
58300680,Messmer Soldier,5830,是,14,是,否,官方 1.17.1,原版存在；配对已恢复
58300681,Messmer Soldier,5830,是,14,是,否,官方 1.17.1,原版存在；配对已恢复
58300690,Messmer Soldier,5830,是,14,是,否,官方 1.17.1,原版存在；配对已恢复
58300698,Messmer Soldier,5830,是,14,是,否,官方 1.17.1,原版存在；配对已恢复
58301590,Messmer Soldier,5830,是,14,是,否,官方 1.17.1,原版存在；配对已恢复
58309000,Messmer Soldier,5830,是,14,是,否,官方 1.17.1,原版存在；配对已恢复
58309082,Messmer Soldier,5830,是,14,是,否,官方 1.17.1,原版存在；配对已恢复
58309090,Messmer Soldier,5830,是,14,是,否,官方 1.17.1,原版存在；配对已恢复
58309098,Messmer Soldier,5830,是,14,是,否,官方 1.17.1,原版存在；配对已恢复
58400000,Black Knight,5840,是,12,是,否,官方 1.17.1,原版存在；配对已恢复
58400001,Black Knight,5840,是,12,是,否,官方 1.17.1,原版存在；配对已恢复
58400002,,5840,否,12,是,否,官方 1.17.1,同模型新增变体；沿用官方处决配对
58400080,Black Knight,5840,是,12,是,否,官方 1.17.1,原版存在；配对已恢复
58400081,Black Knight,5840,是,12,是,否,官方 1.17.1,原版存在；配对已恢复
58400082,Black Knight,5840,是,12,是,否,官方 1.17.1,原版存在；配对已恢复
58400090,Black Knight,5840,是,12,是,否,官方 1.17.1,原版存在；配对已恢复
58400093,Black Knight,5840,是,12,是,否,官方 1.17.1,原版存在；配对已恢复
58400098,Black Knight,5840,是,12,是,否,官方 1.17.1,原版存在；配对已恢复
58400100,Black Knight,5840,是,12,是,否,官方 1.17.1,原版存在；配对已恢复
58400101,Black Knight,5840,是,12,是,否,官方 1.17.1,原版存在；配对已恢复
58400182,Black Knight,5840,是,12,是,否,官方 1.17.1,原版存在；配对已恢复
58400190,Black Knight,5840,是,12,是,否,官方 1.17.1,原版存在；配对已恢复
58400193,Black Knight,5840,是,12,是,否,官方 1.17.1,原版存在；配对已恢复
58400195,Black Knight,5840,是,12,是,否,官方 1.17.1,原版存在；配对已恢复
58400198,Black Knight,5840,是,12,是,否,官方 1.17.1,原版存在；配对已恢复
58400200,Black Knight,5840,是,12,是,否,官方 1.17.1,原版存在；配对已恢复
58400201,Black Knight,5840,是,12,是,否,官方 1.17.1,原版存在；配对已恢复
58400290,Black Knight,5840,是,12,是,否,官方 1.17.1,原版存在；配对已恢复
58400293,Black Knight,5840,是,12,是,否,官方 1.17.1,原版存在；配对已恢复
58400300,Black Knight,5840,是,12,是,否,官方 1.17.1,原版存在；配对已恢复
58400301,Black Knight,5840,是,12,是,否,官方 1.17.1,原版存在；配对已恢复
58400382,Black Knight,5840,是,12,是,否,官方 1.17.1,原版存在；配对已恢复
58400390,Black Knight,5840,是,12,是,否,官方 1.17.1,原版存在；配对已恢复
58400398,Black Knight,5840,是,12,是,否,官方 1.17.1,原版存在；配对已恢复
58400500,Black Knight,5840,是,12,是,否,官方 1.17.1,原版存在；配对已恢复
58400501,Black Knight,5840,是,12,是,否,官方 1.17.1,原版存在；配对已恢复
58400590,Black Knight Garrew (Boss),5840,是,12,是,否,官方 1.17.1,原版存在；配对已恢复
58400600,Black Knight,5840,是,12,是,否,官方 1.17.1,原版存在；配对已恢复
58400601,Black Knight,5840,是,12,是,否,官方 1.17.1,原版存在；配对已恢复
58400690,Black Knight Edredd (Boss),5840,是,12,是,否,官方 1.17.1,原版存在；配对已恢复
58401290,Black Knight,5840,是,12,是,否,官方 1.17.1,原版存在；配对已恢复
58401390,Black Knight,5840,是,12,是,否,官方 1.17.1,原版存在；配对已恢复
58409000,Black Knight,5840,是,12,是,否,官方 1.17.1,原版存在；配对已恢复
58409098,Black Knight,5840,是,12,是,否,官方 1.17.1,原版存在；配对已恢复
58500000,Giant Ram,5850,是,0,是,否,官方 1.17.1,原版存在；未定义官方处决配对
58500083,Giant Ram,5850,是,0,是,否,官方 1.17.1,原版存在；配对已恢复
58500084,Giant Ram,5850,是,0,是,否,官方 1.17.1,原版存在；配对已恢复
58500100,Giant Ram,5850,是,0,是,否,官方 1.17.1,原版存在；配对已恢复
58500180,Giant Ram,5850,是,0,是,否,官方 1.17.1,原版存在；配对已恢复
58500183,Giant Ram,5850,是,0,是,否,官方 1.17.1,原版存在；配对已恢复
58500184,Giant Ram,5850,是,0,是,否,官方 1.17.1,原版存在；配对已恢复
58500190,Giant Ram,5850,是,0,是,否,官方 1.17.1,原版存在；配对已恢复
58600000,Ghostflame Dragon,5860,是,1,是,否,官方 1.17.1,原版存在；配对已恢复
58600001,Ghostflame Dragon,5860,是,1,是,否,官方 1.17.1,原版存在；配对已恢复
58600002,,5860,否,1,是,否,官方 1.17.1,同模型新增变体；沿用官方处决配对
58600080,Ghostflame Dragon (Gravesite Plain Boss),5860,是,1,是,否,官方 1.17.1,原版存在；配对已恢复
58600083,Ghostflame Dragon (Cerulean Coast Boss),5860,是,1,是,否,官方 1.17.1,原版存在；配对已恢复
58600090,Ghostflame Dragon (Moorth Highway Boss),5860,是,1,是,否,官方 1.17.1,原版存在；配对已恢复
58700000,Imp (Lion Head),5870,是,5,是,否,官方 1.17.1,原版存在；配对已恢复
58700001,Imp (Lion Head),5870,是,5,是,否,官方 1.17.1,原版存在；配对已恢复
58700081,Imp (Lion Head),5870,是,5,是,否,官方 1.17.1,原版存在；配对已恢复
58700090,Imp (Lion Head),5870,是,5,是,否,官方 1.17.1,原版存在；配对已恢复
58700091,Imp (Lion Head),5870,是,5,是,否,官方 1.17.1,原版存在；配对已恢复
58700095,Imp (Lion Head),5870,是,5,是,否,官方 1.17.1,原版存在；配对已恢复
58700100,Imp (Lion Head),5870,是,5,是,否,官方 1.17.1,原版存在；配对已恢复
58700101,Imp (Lion Head),5870,是,5,是,否,官方 1.17.1,原版存在；配对已恢复
58700181,Imp (Lion Head),5870,是,5,是,否,官方 1.17.1,原版存在；配对已恢复
58700190,Imp (Lion Head),5870,是,5,是,否,官方 1.17.1,原版存在；配对已恢复
58700191,Imp (Lion Head),5870,是,5,是,否,官方 1.17.1,原版存在；配对已恢复
58700195,Imp (Lion Head),5870,是,5,是,否,官方 1.17.1,原版存在；配对已恢复
58700200,Imp (Lion Head),5870,是,5,是,否,官方 1.17.1,原版存在；配对已恢复
58700201,Imp (Lion Head),5870,是,5,是,否,官方 1.17.1,原版存在；配对已恢复
58700281,Imp (Lion Head),5870,是,5,是,否,官方 1.17.1,原版存在；配对已恢复
58700290,Imp (Lion Head),5870,是,5,是,否,官方 1.17.1,原版存在；配对已恢复
58700291,Imp (Lion Head),5870,是,5,是,否,官方 1.17.1,原版存在；配对已恢复
58700295,Imp (Lion Head),5870,是,5,是,否,官方 1.17.1,原版存在；配对已恢复
58700300,Imp (Lion Head),5870,是,5,是,否,官方 1.17.1,原版存在；配对已恢复
58700301,Imp (Lion Head),5870,是,5,是,否,官方 1.17.1,原版存在；配对已恢复
58700381,Imp (Lion Head),5870,是,5,是,否,官方 1.17.1,原版存在；配对已恢复
58700390,Imp (Lion Head),5870,是,5,是,否,官方 1.17.1,原版存在；配对已恢复
58700391,Imp (Lion Head),5870,是,5,是,否,官方 1.17.1,原版存在；配对已恢复
58700395,Imp (Lion Head),5870,是,5,是,否,官方 1.17.1,原版存在；配对已恢复
58700400,Imp (Lion Head),5870,是,5,是,否,官方 1.17.1,原版存在；配对已恢复
58700481,Imp (Lion Head),5870,是,5,是,否,官方 1.17.1,原版存在；配对已恢复
58700491,Imp (Lion Head),5870,是,5,是,否,官方 1.17.1,原版存在；配对已恢复
58700495,Imp (Lion Head),5870,是,5,是,否,官方 1.17.1,原版存在；配对已恢复
58710000,Imp (Dragon Head),5871,是,0,否,否,官方 1.17.1,原版存在；未定义官方处决配对
58710001,Imp (Dragon Head),5871,是,0,否,否,官方 1.17.1,原版存在；配对已恢复
58710090,Imp (Dragon Head),5871,是,0,否,否,官方 1.17.1,原版存在；配对已恢复
58710095,Imp (Dragon Head),5871,是,0,否,否,官方 1.17.1,原版存在；配对已恢复
58720000,Imp (Dragon Head),5872,是,0,否,否,官方 1.17.1,原版存在；未定义官方处决配对
58720001,Imp (Dragon Head),5872,是,0,否,否,官方 1.17.1,原版存在；配对已恢复
58720090,Imp (Dragon Head),5872,是,0,否,否,官方 1.17.1,原版存在；配对已恢复
58720091,Imp (Dragon Head),5872,是,0,否,否,官方 1.17.1,原版存在；配对已恢复
58727000,Imp (Dragon Head),5872,是,0,否,否,官方 1.17.1,原版存在；配对已恢复
58727090,Imp (Dragon Head),5872,是,0,否,否,官方 1.17.1,原版存在；配对已恢复
58727091,Imp (Dragon Head),5872,是,0,否,否,官方 1.17.1,原版存在；配对已恢复
58800000,Catacombs Sorcerer,5880,是,12,是,否,官方 1.17.1,原版存在；配对已恢复
58800001,Catacombs Sorcerer,5880,是,12,是,否,官方 1.17.1,原版存在；配对已恢复
58800002,,5880,否,12,是,否,官方 1.17.1,同模型新增变体；沿用官方处决配对
58800090,Catacombs Sorcerer,5880,是,12,是,否,官方 1.17.1,原版存在；配对已恢复
58800091,Catacombs Sorcerer,5880,是,12,是,否,官方 1.17.1,原版存在；配对已恢复
58800095,Catacombs Sorcerer,5880,是,12,是,否,官方 1.17.1,原版存在；配对已恢复
58800100,Catacombs Sorcerer,5880,是,12,是,否,官方 1.17.1,原版存在；配对已恢复
58800101,Catacombs Sorcerer,5880,是,12,是,否,官方 1.17.1,原版存在；配对已恢复
58800181,Catacombs Sorcerer,5880,是,12,是,否,官方 1.17.1,原版存在；配对已恢复
58800190,Catacombs Sorcerer,5880,是,12,是,否,官方 1.17.1,原版存在；配对已恢复
58800191,Catacombs Sorcerer,5880,是,12,是,否,官方 1.17.1,原版存在；配对已恢复
58800200,Catacombs Sorcerer,5880,是,12,是,否,官方 1.17.1,原版存在；配对已恢复
58800201,Catacombs Sorcerer,5880,是,12,是,否,官方 1.17.1,原版存在；配对已恢复
58800281,Catacombs Sorcerer,5880,是,12,是,否,官方 1.17.1,原版存在；配对已恢复
58800290,Catacombs Sorcerer,5880,是,12,是,否,官方 1.17.1,原版存在；配对已恢复
58900000,Black Knight Horse,5890,是,0,否,否,官方 1.17.1,原版存在；未定义官方处决配对
58900001,Black Knight Horse,5890,是,0,否,否,官方 1.17.1,原版存在；配对已恢复
58900090,Black Knight Horse,5890,是,0,否,否,官方 1.17.1,原版存在；配对已恢复
58900093,Black Knight Horse,5890,是,0,否,否,官方 1.17.1,原版存在；配对已恢复
58900190,Black Knight Horse,5890,是,0,否,否,官方 1.17.1,原版存在；配对已恢复
59000000,Man-Fly,5900,是,3,是,否,官方 1.17.1,原版存在；配对已恢复
59000001,Man-Fly,5900,是,3,是,否,官方 1.17.1,原版存在；配对已恢复
59000080,Man-Fly,5900,是,3,是,否,官方 1.17.1,原版存在；配对已恢复
59000081,Man-Fly,5900,是,3,是,否,官方 1.17.1,原版存在；配对已恢复
59000083,Man-Fly,5900,是,3,是,否,官方 1.17.1,原版存在；配对已恢复
59000088,Man-Fly,5900,是,3,是,否,官方 1.17.1,原版存在；配对已恢复
59000089,Man-Fly,5900,是,3,是,否,官方 1.17.1,原版存在；配对已恢复
59000090,Man-Fly,5900,是,3,是,否,官方 1.17.1,原版存在；配对已恢复
59000091,Man-Fly,5900,是,3,是,否,官方 1.17.1,原版存在；配对已恢复
59000094,Man-Fly,5900,是,3,是,否,官方 1.17.1,原版存在；配对已恢复
59000100,Man-Fly,5900,是,3,是,否,官方 1.17.1,原版存在；配对已恢复
59000180,Man-Fly,5900,是,3,是,否,官方 1.17.1,原版存在；配对已恢复
59000181,Man-Fly,5900,是,3,是,否,官方 1.17.1,原版存在；配对已恢复
59000183,Man-Fly,5900,是,3,是,否,官方 1.17.1,原版存在；配对已恢复
59000188,Man-Fly,5900,是,3,是,否,官方 1.17.1,原版存在；配对已恢复
59000189,Man-Fly,5900,是,3,是,否,官方 1.17.1,原版存在；配对已恢复
59000190,Man-Fly,5900,是,3,是,否,官方 1.17.1,原版存在；配对已恢复
59000191,Man-Fly,5900,是,3,是,否,官方 1.17.1,原版存在；配对已恢复
59000194,Man-Fly,5900,是,3,是,否,官方 1.17.1,原版存在；配对已恢复
59000200,Man-Fly,5900,是,3,是,否,官方 1.17.1,原版存在；配对已恢复
59100000,Hornsent Grandam,5910,是,0,否,否,官方 1.17.1,原版存在；未定义官方处决配对
59100088,Hornsent Grandam,5910,是,0,否,否,官方 1.17.1,原版存在；配对已恢复
59200000,Magma Wyrm,5920,是,1,否,否,官方 1.17.1,原版存在；配对已恢复
59200100,Magma Wyrm,5920,是,1,否,否,官方 1.17.1,原版存在；配对已恢复
59200181,Magma Wyrm (Dragon's Pit),5920,是,1,否,否,官方 1.17.1,原版存在；配对已恢复
59300000,Giant Skeleton,5930,是,5,否,否,官方 1.17.1,原版存在；配对已恢复
59300084,Giant Skeleton,5930,是,5,否,否,官方 1.17.1,原版存在；配对已恢复
59301000,Giant Skeleton,5930,是,5,否,否,官方 1.17.1,原版存在；配对已恢复
59301084,Giant Skeleton,5930,是,5,否,否,官方 1.17.1,原版存在；配对已恢复
59310000,Giant Beast Skeleton,5931,是,5,否,否,官方 1.17.1,原版存在；配对已恢复
59310081,Giant Beast Skeleton,5931,是,5,否,否,官方 1.17.1,原版存在；配对已恢复
59310084,Giant Beast Skeleton,5931,是,5,否,否,官方 1.17.1,原版存在；配对已恢复
59311000,Giant Beast Skeleton,5931,是,5,否,否,官方 1.17.1,原版存在；配对已恢复
59311081,Giant Beast Skeleton,5931,是,5,否,否,官方 1.17.1,原版存在；配对已恢复
59311084,Giant Beast Skeleton,5931,是,5,否,否,官方 1.17.1,原版存在；配对已恢复
59400000,Watcher Stones,5940,是,0,否,否,官方 1.17.1,原版存在；未定义官方处决配对
59400087,Watcher Stones,5940,是,0,否,否,官方 1.17.1,原版存在；配对已恢复
59400100,Watcher Stones,5940,是,0,否,否,官方 1.17.1,原版存在；配对已恢复
59400187,Watcher Stones,5940,是,0,否,否,官方 1.17.1,原版存在；配对已恢复
59400200,Watcher Stones,5940,是,0,否,否,官方 1.17.1,原版存在；配对已恢复
59400287,Watcher Stones,5940,是,0,否,否,官方 1.17.1,原版存在；配对已恢复
59400300,Watcher Stones,5940,是,0,否,否,官方 1.17.1,原版存在；配对已恢复
59400387,Watcher Stones,5940,是,0,否,否,官方 1.17.1,原版存在；配对已恢复
59400400,Watcher Stones,5940,是,0,否,否,官方 1.17.1,原版存在；配对已恢复
59400487,Watcher Stones,5940,是,0,否,否,官方 1.17.1,原版存在；配对已恢复
59401000,Watcher Stones,5940,是,0,否,否,官方 1.17.1,原版存在；配对已恢复
59401087,Watcher Stones,5940,是,0,否,否,官方 1.17.1,原版存在；配对已恢复
59500000,Leonine Misbegotten,5950,是,4,否,否,官方 1.17.1,原版存在；配对已恢复
59500087,Leonine Misbegotten,5950,是,4,否,否,官方 1.17.1,原版存在；配对已恢复
59501000,Leonine Misbegotten,5950,是,4,否,否,官方 1.17.1,原版存在；配对已恢复
59501087,Leonine Misbegotten,5950,是,4,否,否,官方 1.17.1,原版存在；配对已恢复
59600000,Ulcerated Tree Spirit,5960,是,1,否,否,官方 1.17.1,原版存在；配对已恢复
59600081,Ulcerated Tree Spirit (Ellac River),5960,是,1,否,否,官方 1.17.1,原版存在；配对已恢复
59600088,"Ulcerated Tree Spirit (Belurat, Tower Settlement)",5960,是,1,否,否,官方 1.17.1,原版存在；配对已恢复
59600098,Ulcerated Tree Spirit (Church District),5960,是,1,否,否,官方 1.17.1,原版存在；配对已恢复
59600100,Ulcerated Tree Spirit,5960,是,1,否,否,官方 1.17.1,原版存在；配对已恢复
59600198,Ulcerated Tree Spirit,5960,是,1,否,否,官方 1.17.1,原版存在；配对已恢复
59700000,Abductor Virgin,5970,是,0,否,否,官方 1.17.1,原版存在；未定义官方处决配对
59700083,Abductor Virgin,5970,是,0,否,否,官方 1.17.1,原版存在；配对已恢复
59700090,Abductor Virgin,5970,是,0,否,否,官方 1.17.1,原版存在；配对已恢复
59700190,Abductor Virgin,5970,是,0,否,否,官方 1.17.1,原版存在；配对已恢复
59701000,Abductor Virgin,5970,是,0,否,否,官方 1.17.1,原版存在；配对已恢复
59701100,Abductor Virgin,5970,是,0,否,否,官方 1.17.1,原版存在；配对已恢复
59701190,Abductor Virgin,5970,是,0,否,否,官方 1.17.1,原版存在；配对已恢复
59701290,Abductor Virgin,5970,是,0,否,否,官方 1.17.1,原版存在；配对已恢复
59702000,Abductor Virgin,5970,是,0,否,否,官方 1.17.1,原版存在；配对已恢复
59702090,Abductor Virgin,5970,是,0,否,否,官方 1.17.1,原版存在；配对已恢复
59800000,Omenkiller,5980,是,5,否,否,官方 1.17.1,原版存在；配对已恢复
59800090,Omenkiller,5980,是,5,否,否,官方 1.17.1,原版存在；配对已恢复
59800100,Omenkiller,5980,是,5,否,否,官方 1.17.1,原版存在；配对已恢复
59808000,Omenkiller,5980,是,5,否,否,官方 1.17.1,原版存在；配对已恢复
59808100,Omenkiller,5980,是,5,否,否,官方 1.17.1,原版存在；配对已恢复
59809090,Omenkiller,5980,是,5,否,否,官方 1.17.1,原版存在；配对已恢复
59809190,Omenkiller,5980,是,5,否,否,官方 1.17.1,原版存在；配对已恢复
59809290,Omenkiller,5980,是,5,否,否,官方 1.17.1,原版存在；配对已恢复
59900000,Basilisk,5990,是,0,否,否,官方 1.17.1,原版存在；未定义官方处决配对
59900090,Basilisk,5990,是,0,否,否,官方 1.17.1,原版存在；配对已恢复
59900094,Basilisk,5990,是,0,否,否,官方 1.17.1,原版存在；配对已恢复
59900095,Basilisk,5990,是,0,否,否,官方 1.17.1,原版存在；配对已恢复
59900100,Basilisk,5990,是,0,否,否,官方 1.17.1,原版存在；配对已恢复
59900200,Basilisk,5990,是,0,否,否,官方 1.17.1,原版存在；配对已恢复
59900294,Basilisk,5990,是,0,否,否,官方 1.17.1,原版存在；配对已恢复
60010000,Eagle,6001,是,0,否,否,官方 1.17.1,原版存在；未定义官方处决配对
60010010,Eagle,6001,是,0,否,否,官方 1.17.1,原版存在；配对已恢复
60010012,Eagle,6001,是,0,否,否,官方 1.17.1,原版存在；配对已恢复
60010014,Eagle,6001,是,0,否,否,官方 1.17.1,原版存在；配对已恢复
60010020,Eagle,6001,是,0,否,否,官方 1.17.1,原版存在；配对已恢复
60010022,Eagle,6001,是,0,否,否,官方 1.17.1,原版存在；配对已恢复
60010030,Eagle,6001,是,0,否,否,官方 1.17.1,原版存在；配对已恢复
60010032,Eagle,6001,是,0,否,否,官方 1.17.1,原版存在；配对已恢复
60010033,Eagle,6001,是,0,否,否,官方 1.17.1,原版存在；配对已恢复
60010040,Eagle,6001,是,0,否,否,官方 1.17.1,原版存在；配对已恢复
60010042,Eagle,6001,是,0,否,否,官方 1.17.1,原版存在；配对已恢复
60010050,Eagle,6001,是,0,否,否,官方 1.17.1,原版存在；配对已恢复
60010052,Eagle,6001,是,0,否,否,官方 1.17.1,原版存在；配对已恢复
60010064,Eagle,6001,是,0,否,否,官方 1.17.1,原版存在；配对已恢复
60010065,Eagle,6001,是,0,否,否,官方 1.17.1,原版存在；配对已恢复
60100000,Deer,6010,是,0,否,否,官方 1.17.1,原版存在；未定义官方处决配对
60100009,Deer,6010,是,0,否,否,官方 1.17.1,原版存在；配对已恢复
60100010,Deer,6010,是,0,否,否,官方 1.17.1,原版存在；配对已恢复
60100012,Deer,6010,是,0,否,否,官方 1.17.1,原版存在；配对已恢复
60100020,Deer,6010,是,0,否,否,官方 1.17.1,原版存在；配对已恢复
60100022,Deer,6010,是,0,否,否,官方 1.17.1,原版存在；配对已恢复
60100030,Deer,6010,是,0,否,否,官方 1.17.1,原版存在；配对已恢复
60100032,Deer,6010,是,0,否,否,官方 1.17.1,原版存在；配对已恢复
60100033,Deer,6010,是,0,否,否,官方 1.17.1,原版存在；配对已恢复
60100040,Deer,6010,是,0,否,否,官方 1.17.1,原版存在；配对已恢复
60100042,Deer,6010,是,0,否,否,官方 1.17.1,原版存在；配对已恢复
60100050,Deer,6010,是,0,否,否,官方 1.17.1,原版存在；配对已恢复
60100052,Deer,6010,是,0,否,否,官方 1.17.1,原版存在；配对已恢复
60100064,Deer,6010,是,0,否,否,官方 1.17.1,原版存在；配对已恢复
60100065,Deer,6010,是,0,否,否,官方 1.17.1,原版存在；配对已恢复
60100900,Deer,6010,是,0,否,否,官方 1.17.1,原版存在；配对已恢复
60100965,Deer,6010,是,0,否,否,官方 1.17.1,原版存在；配对已恢复
60101000,Deer,6010,是,0,否,否,官方 1.17.1,原版存在；配对已恢复
60200000,,6020,是,0,否,否,官方 1.17.1,原版存在；未定义官方处决配对
60310000,Bear,6031,是,0,否,否,官方 1.17.1,原版存在；未定义官方处决配对
60310010,Bear,6031,是,0,否,否,官方 1.17.1,原版存在；配对已恢复
60310012,Bear,6031,是,0,否,否,官方 1.17.1,原版存在；配对已恢复
60310020,Bear,6031,是,0,否,否,官方 1.17.1,原版存在；配对已恢复
60310022,Bear,6031,是,0,否,否,官方 1.17.1,原版存在；配对已恢复
60310030,Bear,6031,是,0,否,否,官方 1.17.1,原版存在；配对已恢复
60310032,Bear,6031,是,0,否,否,官方 1.17.1,原版存在；配对已恢复
60310033,Bear,6031,是,0,否,否,官方 1.17.1,原版存在；配对已恢复
60310042,Bear,6031,是,0,否,否,官方 1.17.1,原版存在；配对已恢复
60310052,Bear,6031,是,0,否,否,官方 1.17.1,原版存在；配对已恢复
60400000,Owl,6040,是,0,否,否,官方 1.17.1,原版存在；未定义官方处决配对
60400010,Owl,6040,是,0,否,否,官方 1.17.1,原版存在；配对已恢复
60400012,Owl,6040,是,0,否,否,官方 1.17.1,原版存在；配对已恢复
60400020,Owl,6040,是,0,否,否,官方 1.17.1,原版存在；配对已恢复
60400022,Owl,6040,是,0,否,否,官方 1.17.1,原版存在；配对已恢复
60400030,Owl,6040,是,0,否,否,官方 1.17.1,原版存在；配对已恢复
60400032,Owl,6040,是,0,否,否,官方 1.17.1,原版存在；配对已恢复
60400033,Owl,6040,是,0,否,否,官方 1.17.1,原版存在；配对已恢复
60400050,Owl,6040,是,0,否,否,官方 1.17.1,原版存在；配对已恢复
60500000,Boar,6050,是,0,否,否,官方 1.17.1,原版存在；未定义官方处决配对
60500010,Boar,6050,是,0,否,否,官方 1.17.1,原版存在；配对已恢复
60500012,Boar,6050,是,0,否,否,官方 1.17.1,原版存在；配对已恢复
60500020,Boar,6050,是,0,否,否,官方 1.17.1,原版存在；配对已恢复
60500022,Boar,6050,是,0,否,否,官方 1.17.1,原版存在；配对已恢复
60500030,Boar,6050,是,0,否,否,官方 1.17.1,原版存在；配对已恢复
60500032,Boar,6050,是,0,否,否,官方 1.17.1,原版存在；配对已恢复
60500050,Boar,6050,是,0,否,否,官方 1.17.1,原版存在；配对已恢复
60500052,Boar,6050,是,0,否,否,官方 1.17.1,原版存在；配对已恢复
60500064,Boar,6050,是,0,否,否,官方 1.17.1,原版存在；配对已恢复
60500900,Boar,6050,是,0,否,否,官方 1.17.1,原版存在；配对已恢复
60500965,Boar,6050,是,0,否,否,官方 1.17.1,原版存在；配对已恢复
60501000,Boar,6050,是,0,否,否,官方 1.17.1,原版存在；配对已恢复
60501010,Boar,6050,是,0,否,否,官方 1.17.1,原版存在；配对已恢复
60501012,Boar,6050,是,0,否,否,官方 1.17.1,原版存在；配对已恢复
60501030,Boar,6050,是,0,否,否,官方 1.17.1,原版存在；配对已恢复
60501032,Boar,6050,是,0,否,否,官方 1.17.1,原版存在；配对已恢复
60501042,Boar,6050,是,0,否,否,官方 1.17.1,原版存在；配对已恢复
60501050,Boar,6050,是,0,否,否,官方 1.17.1,原版存在；配对已恢复
60501052,Boar,6050,是,0,否,否,官方 1.17.1,原版存在；配对已恢复
60600000,Goat,6060,是,0,否,否,官方 1.17.1,原版存在；未定义官方处决配对
60600010,Goat,6060,是,0,否,否,官方 1.17.1,原版存在；配对已恢复
60600012,Goat,6060,是,0,否,否,官方 1.17.1,原版存在；配对已恢复
60600020,Goat,6060,是,0,否,否,官方 1.17.1,原版存在；配对已恢复
60600030,Goat,6060,是,0,否,否,官方 1.17.1,原版存在；配对已恢复
60600032,Goat,6060,是,0,否,否,官方 1.17.1,原版存在；配对已恢复
60600033,Goat,6060,是,0,否,否,官方 1.17.1,原版存在；配对已恢复
60600040,Goat,6060,是,0,否,否,官方 1.17.1,原版存在；配对已恢复
60600042,Goat,6060,是,0,否,否,官方 1.17.1,原版存在；配对已恢复
60600050,Goat,6060,是,0,否,否,官方 1.17.1,原版存在；配对已恢复
60600052,Goat,6060,是,0,否,否,官方 1.17.1,原版存在；配对已恢复
60600064,Goat,6060,是,0,否,否,官方 1.17.1,原版存在；配对已恢复
60600065,Goat,6060,是,0,否,否,官方 1.17.1,原版存在；配对已恢复
60600900,Goat,6060,是,0,否,否,官方 1.17.1,原版存在；配对已恢复
60600965,Goat,6060,是,0,否,否,官方 1.17.1,原版存在；配对已恢复
60601000,Goat,6060,是,0,否,否,官方 1.17.1,原版存在；配对已恢复
60601010,Goat,6060,是,0,否,否,官方 1.17.1,原版存在；配对已恢复
60601012,Goat,6060,是,0,否,否,官方 1.17.1,原版存在；配对已恢复
60601030,Goat,6060,是,0,否,否,官方 1.17.1,原版存在；配对已恢复
60601032,Goat,6060,是,0,否,否,官方 1.17.1,原版存在；配对已恢复
60601040,Goat,6060,是,0,否,否,官方 1.17.1,原版存在；配对已恢复
60601042,Goat,6060,是,0,否,否,官方 1.17.1,原版存在；配对已恢复
60601050,Goat,6060,是,0,否,否,官方 1.17.1,原版存在；配对已恢复
60601052,Goat,6060,是,0,否,否,官方 1.17.1,原版存在；配对已恢复
60602000,Goat,6060,是,0,否,否,官方 1.17.1,原版存在；配对已恢复
60602010,Goat,6060,是,0,否,否,官方 1.17.1,原版存在；配对已恢复
60602012,Goat,6060,是,0,否,否,官方 1.17.1,原版存在；配对已恢复
60602030,Goat,6060,是,0,否,否,官方 1.17.1,原版存在；配对已恢复
60602032,Goat,6060,是,0,否,否,官方 1.17.1,原版存在；配对已恢复
60602042,Goat,6060,是,0,否,否,官方 1.17.1,原版存在；配对已恢复
60602050,Goat,6060,是,0,否,否,官方 1.17.1,原版存在；配对已恢复
60602052,Goat,6060,是,0,否,否,官方 1.17.1,原版存在；配对已恢复
60603000,Goat,6060,是,0,否,否,官方 1.17.1,原版存在；配对已恢复
60603030,Goat,6060,是,0,否,否,官方 1.17.1,原版存在；配对已恢复
60604000,Goat,6060,是,0,否,否,官方 1.17.1,原版存在；配对已恢复
60604030,Goat,6060,是,0,否,否,官方 1.17.1,原版存在；配对已恢复
60605000,Goat,6060,是,0,否,否,官方 1.17.1,原版存在；配对已恢复
60605030,Goat,6060,是,0,否,否,官方 1.17.1,原版存在；配对已恢复
60700000,Murre,6070,是,0,否,否,官方 1.17.1,原版存在；未定义官方处决配对
60700010,Murre,6070,是,0,否,否,官方 1.17.1,原版存在；配对已恢复
60700012,Murre,6070,是,0,否,否,官方 1.17.1,原版存在；配对已恢复
60700020,Murre,6070,是,0,否,否,官方 1.17.1,原版存在；配对已恢复
60700022,Murre,6070,是,0,否,否,官方 1.17.1,原版存在；配对已恢复
60700032,Murre,6070,是,0,否,否,官方 1.17.1,原版存在；配对已恢复
60700040,Murre,6070,是,0,否,否,官方 1.17.1,原版存在；配对已恢复
60700042,Murre,6070,是,0,否,否,官方 1.17.1,原版存在；配对已恢复
60700050,Murre,6070,是,0,否,否,官方 1.17.1,原版存在；配对已恢复
60700052,Murre,6070,是,0,否,否,官方 1.17.1,原版存在；配对已恢复
60720000,Carrier Pigeon,6072,是,0,否,否,官方 1.17.1,原版存在；未定义官方处决配对
60720010,Carrier Pigeon,6072,是,0,否,否,官方 1.17.1,原版存在；配对已恢复
60720020,Carrier Pigeon,6072,是,0,否,否,官方 1.17.1,原版存在；配对已恢复
60720040,Carrier Pigeon,6072,是,0,否,否,官方 1.17.1,原版存在；配对已恢复
60720042,Carrier Pigeon,6072,是,0,否,否,官方 1.17.1,原版存在；配对已恢复
60720050,Carrier Pigeon,6072,是,0,否,否,官方 1.17.1,原版存在；配对已恢复
60720052,Carrier Pigeon,6072,是,0,否,否,官方 1.17.1,原版存在；配对已恢复
60720100,Carrier Pigeon,6072,是,0,否,否,官方 1.17.1,原版存在；配对已恢复
60720120,Carrier Pigeon,6072,是,0,否,否,官方 1.17.1,原版存在；配对已恢复
60720134,Carrier Pigeon (Leyndell),6072,是,0,否,否,官方 1.17.1,原版存在；配对已恢复
60800000,Dragonfly,6080,是,0,是,否,官方 1.17.1,原版存在；未定义官方处决配对
60800010,Dragonfly,6080,是,0,是,否,官方 1.17.1,原版存在；配对已恢复
60800012,Dragonfly,6080,是,0,是,否,官方 1.17.1,原版存在；配对已恢复
60800020,Dragonfly,6080,是,0,是,否,官方 1.17.1,原版存在；配对已恢复
60800030,Dragonfly,6080,是,0,是,否,官方 1.17.1,原版存在；配对已恢复
60800032,Dragonfly,6080,是,0,是,否,官方 1.17.1,原版存在；配对已恢复
60800033,Dragonfly,6080,是,0,是,否,官方 1.17.1,原版存在；配对已恢复
60800040,Dragonfly,6080,是,0,是,否,官方 1.17.1,原版存在；配对已恢复
60800052,Dragonfly,6080,是,0,是,否,官方 1.17.1,原版存在；配对已恢复
60800064,Dragonfly,6080,是,0,是,否,官方 1.17.1,原版存在；配对已恢复
60810000,Yellow Dragonfly,6081,是,0,否,否,官方 1.17.1,原版存在；未定义官方处决配对
60810010,Yellow Dragonfly,6081,是,0,否,否,官方 1.17.1,原版存在；配对已恢复
60810012,Yellow Dragonfly,6081,是,0,否,否,官方 1.17.1,原版存在；配对已恢复
60810020,Yellow Dragonfly,6081,是,0,否,否,官方 1.17.1,原版存在；配对已恢复
60810030,Yellow Dragonfly,6081,是,0,否,否,官方 1.17.1,原版存在；配对已恢复
60810033,Yellow Dragonfly,6081,是,0,否,否,官方 1.17.1,原版存在；配对已恢复
60810040,Yellow Dragonfly,6081,是,0,否,否,官方 1.17.1,原版存在；配对已恢复
60810042,Yellow Dragonfly,6081,是,0,否,否,官方 1.17.1,原版存在；配对已恢复
60810052,Yellow Dragonfly,6081,是,0,否,否,官方 1.17.1,原版存在；配对已恢复
60820000,Great Dragonfly,6082,是,0,否,否,官方 1.17.1,原版存在；未定义官方处决配对
60820040,Great Dragonfly,6082,是,0,否,否,官方 1.17.1,原版存在；配对已恢复
60900000,Turtle,6090,是,0,否,否,官方 1.17.1,原版存在；未定义官方处决配对
60900010,Turtle,6090,是,0,否,否,官方 1.17.1,原版存在；配对已恢复
60900012,Turtle,6090,是,0,否,否,官方 1.17.1,原版存在；配对已恢复
60900020,Turtle,6090,是,0,否,否,官方 1.17.1,原版存在；配对已恢复
60900022,Turtle,6090,是,0,否,否,官方 1.17.1,原版存在；配对已恢复
60900030,Turtle,6090,是,0,否,否,官方 1.17.1,原版存在；配对已恢复
60900032,Turtle,6090,是,0,否,否,官方 1.17.1,原版存在；配对已恢复
60900033,Turtle,6090,是,0,否,否,官方 1.17.1,原版存在；配对已恢复
60900040,Turtle,6090,是,0,否,否,官方 1.17.1,原版存在；配对已恢复
60900042,Turtle,6090,是,0,否,否,官方 1.17.1,原版存在；配对已恢复
60900050,Turtle,6090,是,0,否,否,官方 1.17.1,原版存在；配对已恢复
60900052,Turtle,6090,是,0,否,否,官方 1.17.1,原版存在；配对已恢复
60900064,Turtle,6090,是,0,否,否,官方 1.17.1,原版存在；配对已恢复
60910000,"Miriel, Pastor of Vows",6091,是,0,否,否,官方 1.17.1,原版存在；未定义官方处决配对
60910020,"Miriel, Pastor of Vows",6091,是,0,否,否,官方 1.17.1,原版存在；配对已恢复
60911000,"Miriel, Pastor of Vows",6091,是,0,否,否,官方 1.17.1,原版存在；配对已恢复
60911022,"Miriel, Pastor of Vows",6091,是,0,否,否,官方 1.17.1,原版存在；配对已恢复
61000000,Springhare,6100,是,0,否,否,官方 1.17.1,原版存在；未定义官方处决配对
61000010,Springhare,6100,是,0,否,否,官方 1.17.1,原版存在；配对已恢复
61000012,Springhare,6100,是,0,否,否,官方 1.17.1,原版存在；配对已恢复
61000020,Springhare,6100,是,0,否,否,官方 1.17.1,原版存在；配对已恢复
61000022,Springhare,6100,是,0,否,否,官方 1.17.1,原版存在；配对已恢复
61000030,Springhare,6100,是,0,否,否,官方 1.17.1,原版存在；配对已恢复
61000032,Springhare,6100,是,0,否,否,官方 1.17.1,原版存在；配对已恢复
61000033,Springhare,6100,是,0,否,否,官方 1.17.1,原版存在；配对已恢复
61000040,Springhare,6100,是,0,否,否,官方 1.17.1,原版存在；配对已恢复
61000042,Springhare,6100,是,0,否,否,官方 1.17.1,原版存在；配对已恢复
61000050,Springhare,6100,是,0,否,否,官方 1.17.1,原版存在；配对已恢复
61000052,Springhare,6100,是,0,否,否,官方 1.17.1,原版存在；配对已恢复
61000064,Springhare,6100,是,0,否,否,官方 1.17.1,原版存在；配对已恢复
61000065,Springhare,6100,是,0,否,否,官方 1.17.1,原版存在；配对已恢复
61000100,Springhare,6100,是,0,否,否,官方 1.17.1,原版存在；配对已恢复
61000150,Springhare,6100,是,0,否,否,官方 1.17.1,原版存在；配对已恢复
61000900,Springhare,6100,是,0,否,否,官方 1.17.1,原版存在；配对已恢复
61000965,Springhare,6100,是,0,否,否,官方 1.17.1,原版存在；配对已恢复
62000000,Scarab,6200,是,0,否,否,官方 1.17.1,原版存在；未定义官方处决配对
62001000,Scarab,6200,是,0,否,否,官方 1.17.1,原版存在；配对已恢复
62002000,Scarab,6200,是,0,否,否,官方 1.17.1,原版存在；配对已恢复
62002100,Scarab,6200,是,0,否,否,官方 1.17.1,原版存在；配对已恢复
62002200,Scarab,6200,是,0,否,否,官方 1.17.1,原版存在；配对已恢复
62003000,Scarab,6200,是,0,否,否,官方 1.17.1,原版存在；配对已恢复
62003100,Scarab,6200,是,0,否,否,官方 1.17.1,原版存在；配对已恢复
62003200,Scarab,6200,是,0,否,否,官方 1.17.1,原版存在；配对已恢复
62004000,Scarab,6200,是,0,否,否,官方 1.17.1,原版存在；配对已恢复
62004100,Scarab,6200,是,0,否,否,官方 1.17.1,原版存在；配对已恢复
62004200,Scarab,6200,是,0,否,否,官方 1.17.1,原版存在；配对已恢复
62005000,Scarab,6200,是,0,否,否,官方 1.17.1,原版存在；配对已恢复
62005100,Scarab,6200,是,0,否,否,官方 1.17.1,原版存在；配对已恢复
62005200,Scarab,6200,是,0,否,否,官方 1.17.1,原版存在；配对已恢复
62010000,Scarab,6201,是,0,否,否,官方 1.17.1,原版存在；未定义官方处决配对
62011000,Scarab,6201,是,0,否,否,官方 1.17.1,原版存在；配对已恢复
62012000,Scarab,6201,是,0,否,否,官方 1.17.1,原版存在；配对已恢复
62012090,Scarab,6201,是,0,否,否,官方 1.17.1,原版存在；配对已恢复
62012095,Scarab,6201,是,0,否,否,官方 1.17.1,原版存在；配对已恢复
62012100,Scarab,6201,是,0,否,否,官方 1.17.1,原版存在；配对已恢复
62012200,Scarab,6201,是,0,否,否,官方 1.17.1,原版存在；配对已恢复
62012290,Scarab,6201,是,0,否,否,官方 1.17.1,原版存在；配对已恢复
62013000,Scarab,6201,是,0,否,否,官方 1.17.1,原版存在；配对已恢复
62013090,Scarab,6201,是,0,否,否,官方 1.17.1,原版存在；配对已恢复
62013100,Scarab,6201,是,0,否,否,官方 1.17.1,原版存在；配对已恢复
62013200,Scarab,6201,是,0,否,否,官方 1.17.1,原版存在；配对已恢复
62014000,Scarab,6201,是,0,否,否,官方 1.17.1,原版存在；配对已恢复
62014090,Scarab,6201,是,0,否,否,官方 1.17.1,原版存在；配对已恢复
62014100,Scarab,6201,是,0,否,否,官方 1.17.1,原版存在；配对已恢复
62014200,Scarab,6201,是,0,否,否,官方 1.17.1,原版存在；配对已恢复
62015000,Scarab,6201,是,0,否,否,官方 1.17.1,原版存在；配对已恢复
62015090,Scarab,6201,是,0,否,否,官方 1.17.1,原版存在；配对已恢复
62015091,Scarab,6201,是,0,否,否,官方 1.17.1,原版存在；配对已恢复
62015095,Scarab,6201,是,0,否,否,官方 1.17.1,原版存在；配对已恢复
62015100,Scarab,6201,是,0,否,否,官方 1.17.1,原版存在；配对已恢复
62015200,Scarab,6201,是,0,否,否,官方 1.17.1,原版存在；配对已恢复
62020000,Scarab,6202,是,0,否,否,官方 1.17.1,原版存在；未定义官方处决配对
62021000,Scarab,6202,是,0,否,否,官方 1.17.1,原版存在；配对已恢复
62022000,Scarab,6202,是,0,否,否,官方 1.17.1,原版存在；配对已恢复
62022200,Scarab,6202,是,0,否,否,官方 1.17.1,原版存在；配对已恢复
62023000,Scarab,6202,是,0,否,否,官方 1.17.1,原版存在；配对已恢复
62023200,Scarab,6202,是,0,否,否,官方 1.17.1,原版存在；配对已恢复
62024000,Scarab,6202,是,0,否,否,官方 1.17.1,原版存在；配对已恢复
62024200,Scarab,6202,是,0,否,否,官方 1.17.1,原版存在；配对已恢复
62025000,Scarab,6202,是,0,否,否,官方 1.17.1,原版存在；配对已恢复
62025200,Scarab,6202,是,0,否,否,官方 1.17.1,原版存在；配对已恢复
62100000,Albinauric Archer,6210,是,20,否,否,官方 1.17.1,原版存在；配对已恢复
62100092,Albinauric Archer,6210,是,20,否,否,官方 1.17.1,原版存在；配对已恢复
62109000,Albinauric Archer,6210,是,20,否,否,官方 1.17.1,原版存在；配对已恢复
62200000,Wolf,6220,是,9,否,否,官方 1.17.1,原版存在；配对已恢复
62200092,Wolf,6220,是,9,否,否,官方 1.17.1,原版存在；配对已恢复
62210000,Wolf,6221,是,2,否,否,官方 1.17.1,原版存在；配对已恢复
62211000,Wolf,6221,是,2,否,否,官方 1.17.1,原版存在；配对已恢复
62310000,Perfumer,6231,是,5,否,否,官方 1.17.1,原版存在；配对已恢复
62310081,Perfumer,6231,是,5,否,否,官方 1.17.1,原版存在；配对已恢复
62310090,Perfumer,6231,是,5,否,否,官方 1.17.1,原版存在；配对已恢复
62310098,Perfumer,6231,是,5,否,否,官方 1.17.1,原版存在；配对已恢复
62310190,Perfumer,6231,是,5,否,否,官方 1.17.1,原版存在；配对已恢复
62311000,Perfumer,6231,是,5,否,否,官方 1.17.1,原版存在；配对已恢复
62311081,Perfumer,6231,是,5,否,否,官方 1.17.1,原版存在；配对已恢复
62311090,Perfumer,6231,是,5,否,否,官方 1.17.1,原版存在；配对已恢复
62311098,Perfumer,6231,是,5,否,否,官方 1.17.1,原版存在；配对已恢复
62322000,Glintstone Sorcerer,6232,是,5,否,否,官方 1.17.1,原版存在；配对已恢复
62322082,Glintstone Sorcerer,6232,是,5,否,否,官方 1.17.1,原版存在；配对已恢复
62330000,Page,6233,是,5,否,否,官方 1.17.1,原版存在；配对已恢复
62330082,Page,6233,是,5,否,否,官方 1.17.1,原版存在；配对已恢复
62331000,Page,6233,是,5,否,否,官方 1.17.1,原版存在；配对已恢复
62400000,,6240,是,0,否,否,官方 1.17.1,原版存在；未定义官方处决配对
62400083,,6240,是,0,否,否,官方 1.17.1,原版存在；配对已恢复
62400300,,6240,是,0,否,否,官方 1.17.1,原版存在；配对已恢复
62400400,,6240,是,0,否,否,官方 1.17.1,原版存在；配对已恢复
62400500,,6240,是,0,否,否,官方 1.17.1,原版存在；配对已恢复
62400600,,6240,是,0,否,否,官方 1.17.1,原版存在；配对已恢复
62510000,Tree Sentinel,6251,是,0,否,否,官方 1.17.1,原版存在；未定义官方处决配对
62510093,Tree Sentinel (Hinterland Boss),6251,是,0,否,否,官方 1.17.1,原版存在；配对已恢复
62511000,Tree Sentinel,6251,是,0,否,否,官方 1.17.1,原版存在；配对已恢复
62511093,Tree Sentinel - Torch (Hinterland Boss),6251,是,0,否,否,官方 1.17.1,原版存在；配对已恢复
62600000,Death Rite Bird,6260,是,1,否,否,官方 1.17.1,原版存在；配对已恢复
62601000,Death Rite Bird,6260,是,1,否,否,官方 1.17.1,原版存在；配对已恢复
62601084,Death Rite Bird (Charo's Hidden Grave Boss),6260,是,1,否,否,官方 1.17.1,原版存在；配对已恢复
62700000,Royal Revenant,6270,是,1,否,否,官方 1.17.1,原版存在；配对已恢复
62700003,Royal Revenant,6270,是,1,否,否,官方 1.17.1,原版存在；配对已恢复
62700084,Royal Revenant,6270,是,1,否,否,官方 1.17.1,原版存在；配对已恢复
62700100,Royal Revenant,6270,是,1,否,否,官方 1.17.1,原版存在；配对已恢复
62708000,Royal Revenant,6270,是,1,否,否,官方 1.17.1,原版存在；配对已恢复
62708100,Royal Revenant,6270,是,1,否,否,官方 1.17.1,原版存在；配对已恢复
62708200,Royal Revenant,6270,是,1,否,否,官方 1.17.1,原版存在；配对已恢复
62708300,Royal Revenant,6270,是,1,否,否,官方 1.17.1,原版存在；配对已恢复
62708400,Royal Revenant,6270,是,1,否,否,官方 1.17.1,原版存在；配对已恢复
62900000,Misbegotten,6290,是,14,否,否,官方 1.17.1,原版存在；配对已恢复
62900090,Misbegotten,6290,是,14,否,否,官方 1.17.1,原版存在；配对已恢复
62900095,Misbegotten,6290,是,14,否,否,官方 1.17.1,原版存在；配对已恢复
62900100,Misbegotten,6290,是,14,否,否,官方 1.17.1,原版存在；配对已恢复
62900200,Misbegotten,6290,是,14,否,否,官方 1.17.1,原版存在；配对已恢复
62900290,Misbegotten,6290,是,14,否,否,官方 1.17.1,原版存在；配对已恢复
62901000,Misbegotten,6290,是,14,否,否,官方 1.17.1,原版存在；配对已恢复
62901090,Misbegotten,6290,是,14,否,否,官方 1.17.1,原版存在；配对已恢复
62901095,Misbegotten,6290,是,14,否,否,官方 1.17.1,原版存在；配对已恢复
62901100,Misbegotten,6290,是,14,否,否,官方 1.17.1,原版存在；配对已恢复
62902000,Misbegotten,6290,是,14,否,否,官方 1.17.1,原版存在；配对已恢复
62902090,Misbegotten,6290,是,14,否,否,官方 1.17.1,原版存在；配对已恢复
62902100,Misbegotten,6290,是,14,否,否,官方 1.17.1,原版存在；配对已恢复
62909000,Misbegotten,6290,是,14,否,否,官方 1.17.1,原版存在；配对已恢复
62909100,Misbegotten,6290,是,14,否,否,官方 1.17.1,原版存在；配对已恢复
62910000,Scaly Misbegotten,6291,是,13,否,否,官方 1.17.1,原版存在；配对已恢复
62910090,Scaly Misbegotten,6291,是,13,否,否,官方 1.17.1,原版存在；配对已恢复
62910095,Scaly Misbegotten,6291,是,13,否,否,官方 1.17.1,原版存在；配对已恢复
62910100,Scaly Misbegotten,6291,是,13,否,否,官方 1.17.1,原版存在；配对已恢复
62910200,Scaly Misbegotten,6291,是,13,否,否,官方 1.17.1,原版存在；配对已恢复
62919000,Scaly Misbegotten,6291,是,13,否,否,官方 1.17.1,原版存在；配对已恢复
63000000,Snail (Base),6300,是,0,否,否,官方 1.17.1,原版存在；未定义官方处决配对
63000094,Snail (Rauh Base),6300,是,0,否,否,官方 1.17.1,原版存在；配对已恢复
63001000,Snail,6300,是,0,否,否,官方 1.17.1,原版存在；配对已恢复
63002000,Snail,6300,是,0,否,否,官方 1.17.1,原版存在；配对已恢复
63002100,Snail,6300,是,0,否,否,官方 1.17.1,原版存在；配对已恢复
63003000,Snail,6300,是,0,否,否,官方 1.17.1,原版存在；配对已恢复
63004000,Snail,6300,是,0,否,否,官方 1.17.1,原版存在；配对已恢复
63009000,Snail,6300,是,0,否,否,官方 1.17.1,原版存在；配对已恢复
63100000,Fallingstar Beast (Base),6310,是,1,否,否,官方 1.17.1,原版存在；配对已恢复
63101000,Fallingstar Beast,6310,是,1,否,否,官方 1.17.1,原版存在；配对已恢复
63101093,Fallingstar Beast (Scaduview) - Hinterland [Boss],6310,是,1,否,否,官方 1.17.1,原版存在；配对已恢复
63202000,Wandering Noble (Base),6320,是,14,否,否,官方 1.17.1,原版存在；配对已恢复
63202009,Wandering Noble,6320,是,14,否,否,官方 1.17.1,原版存在；配对已恢复
63202082,Wandering Noble (Gravesite Plain) - Castle Ensis,6320,是,14,否,否,官方 1.17.1,原版存在；配对已恢复
63202200,Wandering Noble,6320,是,14,否,否,官方 1.17.1,原版存在；配对已恢复
63202300,Wandering Noble,6320,是,14,否,否,官方 1.17.1,原版存在；配对已恢复
63202382,Wandering Noble (Gravesite Plain) - Castle Ensis,6320,是,14,否,否,官方 1.17.1,原版存在；配对已恢复
63202400,Wandering Noble,6320,是,14,否,否,官方 1.17.1,原版存在；配对已恢复
63202800,Wandering Noble,6320,是,14,否,否,官方 1.17.1,原版存在；配对已恢复
63202900,Wandering Noble,6320,是,14,否,否,官方 1.17.1,原版存在；配对已恢复
63207100,Wandering Noble,6320,是,14,否,否,官方 1.17.1,原版存在；配对已恢复
63207180,Wandering Noble (Gravesite Plain) - Dragon Lake,6320,是,14,否,否,官方 1.17.1,原版存在；配对已恢复
63207185,Wandering Noble (Jagged Peak),6320,是,14,否,否,官方 1.17.1,原版存在；配对已恢复
63207190,Wandering Noble,6320,是,14,否,否,官方 1.17.1,原版存在；配对已恢复
63207195,Wandering Noble (Rauh Base),6320,是,14,否,否,官方 1.17.1,原版存在；配对已恢复
70000000,Fallen Hawks Soldier (Base),7000,是,13,否,否,官方 1.17.1,原版存在；配对已恢复
70000065,Fallen Hawks Soldier (Siofra River/Nokron),7000,是,13,否,否,官方 1.17.1,原版存在；配对已恢复
70000100,Fallen Hawks Soldier,7000,是,13,否,否,官方 1.17.1,原版存在；配对已恢复
70001000,Fallen Hawks Soldier,7000,是,13,否,否,官方 1.17.1,原版存在；配对已恢复
70001065,Fallen Hawks Soldier (Siofra River/Nokron),7000,是,13,否,否,官方 1.17.1,原版存在；配对已恢复
70002000,Fallen Hawks Soldier,7000,是,13,否,否,官方 1.17.1,原版存在；配对已恢复
70002065,Fallen Hawks Soldier (Siofra River/Nokron),7000,是,13,否,否,官方 1.17.1,原版存在；配对已恢复
70003000,Fallen Hawks Soldier,7000,是,13,否,否,官方 1.17.1,原版存在；配对已恢复
70003100,Fallen Hawks Soldier,7000,是,13,否,否,官方 1.17.1,原版存在；配对已恢复
70003165,Fallen Hawks Soldier (Siofra River/Nokron),7000,是,13,否,否,官方 1.17.1,原版存在；配对已恢复
71000000,Ancient Hero of Zamor (Base),7100,是,3,是,否,官方 1.17.1,原版存在；配对已恢复
71000012,Ancient Hero of Zamor (Weeping Peninsula) - Weeping Evergaol [Boss],7100,是,3,是,否,官方 1.17.1,原版存在；配对已恢复
71000030,Ancient Hero of Zamor (Altus Plateau) - Sainted Hero's Grave [Boss],7100,是,3,是,否,官方 1.17.1,原版存在；配对已恢复
71000050,Ancient Hero of Zamor,7100,是,3,是,否,官方 1.17.1,原版存在；配对已恢复
71000100,Ancient Hero of Zamor,7100,是,3,是,否,官方 1.17.1,原版存在；配对已恢复
71000150,Ancient Hero of Zamor (Mountaintops of the Giants) - Zamor Ruins,7100,是,3,是,否,官方 1.17.1,原版存在；配对已恢复
71000153,,7100,否,3,是,否,官方 1.17.1,同模型新增变体；沿用官方处决配对
71000950,Ancient Hero of Zamor (Mountaintops of the Giants) - Giant-Conquering Hero's Grave [Boss],7100,是,3,是,否,官方 1.17.1,原版存在；配对已恢复
71000951,,7100,否,3,是,否,官方 1.17.1,同模型新增变体；沿用官方处决配对
80000000,Torrent,8000,是,0,否,否,官方 1.17.1,原版存在；未定义官方处决配对
80020000,,8002,是,0,否,否,官方 1.17.1,原版存在；未定义官方处决配对
80030000,,8003,是,0,否,否,官方 1.17.1,原版存在；未定义官方处决配对
80040000,,8004,是,0,否,否,官方 1.17.1,原版存在；未定义官方处决配对
80050000,,8005,是,0,否,否,官方 1.17.1,原版存在；未定义官方处决配对
81000000,Ballista (Base),8100,是,0,否,否,官方 1.17.1,原版存在；未定义官方处决配对
81000010,Ballista (Limgrave) - Fort Haight,8100,是,0,否,否,官方 1.17.1,原版存在；配对已恢复
81000012,Ballista (Weeping Peninsula) - Tower of Return / Forest Lookout Tower,8100,是,0,否,否,官方 1.17.1,原版存在；配对已恢复
81000014,Ballista (Stormveil Castle),8100,是,0,否,否,官方 1.17.1,原版存在；配对已恢复
81000030,Ballista (Altus Plateau),8100,是,0,否,否,官方 1.17.1,原版存在；配对已恢复
81000041,Ballista (Caelid) - Redmane Castle,8100,是,0,否,否,官方 1.17.1,原版存在；配对已恢复
81000051,Ballista (Mountaintops of the Giants) - Castle Sol,8100,是,0,否,否,官方 1.17.1,原版存在；配对已恢复
81000056,Ballista (Miquella's Haligtree),8100,是,0,否,否,官方 1.17.1,原版存在；配对已恢复
81010000,Trebuchet (Base),8101,是,0,否,否,官方 1.17.1,原版存在；未定义官方处决配对
81010010,Trebuchet (Limgrave) - Stormhill,8101,是,0,否,否,官方 1.17.1,原版存在；配对已恢复
81010012,Trebuchet (Weeping Peninsula) - Bridge of Sacrifice,8101,是,0,否,否,官方 1.17.1,原版存在；配对已恢复
81010030,Trebuchet (Altus Plateau) - Altus Highway,8101,是,0,否,否,官方 1.17.1,原版存在；配对已恢复
81010041,Trebuchet (Caelid) - Redmane Castle,8101,是,0,否,否,官方 1.17.1,原版存在；配对已恢复
81010050,Trebuchet,8101,是,0,否,否,官方 1.17.1,原版存在；配对已恢复
81100000,Dragon-faced Flamethrower (Base),8110,是,0,否,否,官方 1.17.1,原版存在；未定义官方处决配对
81100014,Dragon-Faced Flamethrower (Stormveil Castle),8110,是,0,否,否,官方 1.17.1,原版存在；配对已恢复
81100020,Dragon-Faced Flamethrower (Liurnia) - Gate Town,8110,是,0,否,否,官方 1.17.1,原版存在；配对已恢复
81100041,Dragon-Faced Flamethrower (Caelid) - Redmane Castle,8110,是,0,否,否,官方 1.17.1,原版存在；配对已恢复
81100050,Dragon-faced Flamethrower,8110,是,0,否,否,官方 1.17.1,原版存在；配对已恢复
81200000,Merciless Chariot (Base),8120,是,0,否,否,官方 1.17.1,原版存在；未定义官方处决配对
81200007,Merciless Chariot (Limgrave) - Fringefolk Hero's Grave,8120,是,0,否,否,官方 1.17.1,原版存在；配对已恢复
81200032,Merciless Chariot (Mt. Gelmer) - Gelmir Hero's Grave / Auriza Hero's Grave,8120,是,0,否,否,官方 1.17.1,原版存在；配对已恢复
81200033,Merciless Chariot,8120,是,0,否,否,官方 1.17.1,原版存在；配对已恢复
81200132,Merciless Chariot (Mt. Gelmer) - Gelmir Hero's Grave,8120,是,0,否,否,官方 1.17.1,原版存在；配对已恢复
89010000,Beast Clergyman / Maliketh- the Black Blade,8901,是,0,否,否,官方 1.17.1,原版存在；未定义官方处决配对
89990000,,8999,是,0,否,否,官方 1.17.1,原版存在；未定义官方处决配对
90000000,,9000,是,0,否,否,官方 1.17.1,原版存在；未定义官方处决配对
90000100,,9000,是,0,否,否,官方 1.17.1,原版存在；配对已恢复
90000200,,9000,是,0,否,否,官方 1.17.1,原版存在；配对已恢复
90010000,Human,9001,是,0,否,否,官方 1.17.1,原版存在；未定义官方处决配对
90010010,,9001,是,0,否,否,官方 1.17.1,原版存在；配对已恢复
90010020,,9001,是,0,否,否,官方 1.17.1,原版存在；配对已恢复
90010030,,9001,是,0,否,否,官方 1.17.1,原版存在；配对已恢复
90010031,,9001,是,0,否,否,官方 1.17.1,原版存在；配对已恢复
90010040,,9001,是,0,否,否,官方 1.17.1,原版存在；配对已恢复
90010041,,9001,是,0,否,否,官方 1.17.1,原版存在；配对已恢复
90020000,,9002,是,0,否,否,官方 1.17.1,原版存在；未定义官方处决配对
90080000,,9008,是,0,否,否,官方 1.17.1,原版存在；未定义官方处决配对
90081000,,9008,是,0,否,否,官方 1.17.1,原版存在；配对已恢复
90082000,,9008,是,0,否,否,官方 1.17.1,原版存在；配对已恢复
90083000,,9008,是,0,否,否,官方 1.17.1,原版存在；配对已恢复
90084000,,9008,是,0,否,否,官方 1.17.1,原版存在；配对已恢复
90090000,,9009,是,0,否,否,官方 1.17.1,原版存在；未定义官方处决配对
90510000,,9051,是,4,否,否,官方 1.17.1,原版存在；配对已恢复
92200100,,9220,是,0,否,否,官方 1.17.1,原版存在；未定义官方处决配对
95000100,,9500,是,0,否,否,官方 1.17.1,原版存在；未定义官方处决配对
95001000,,9500,是,0,否,否,官方 1.17.1,原版存在；配对已恢复
95010000,,9501,是,0,否,否,官方 1.17.1,原版存在；未定义官方处决配对
95020000,,9502,是,0,否,否,官方 1.17.1,原版存在；未定义官方处决配对
95021000,,9502,是,0,否,否,官方 1.17.1,原版存在；配对已恢复
95022000,,9502,是,0,否,否,官方 1.17.1,原版存在；配对已恢复
95023000,,9502,是,0,否,否,官方 1.17.1,原版存在；配对已恢复
95024000,,9502,是,0,否,否,官方 1.17.1,原版存在；配对已恢复
95025000,,9502,是,0,否,否,官方 1.17.1,原版存在；配对已恢复
95026000,,9502,是,0,否,否,官方 1.17.1,原版存在；配对已恢复
95027000,,9502,是,0,否,否,官方 1.17.1,原版存在；配对已恢复
95028000,,9502,是,0,否,否,官方 1.17.1,原版存在；配对已恢复
95029000,,9502,是,0,否,否,官方 1.17.1,原版存在；配对已恢复
95030000,,9503,是,0,否,否,官方 1.17.1,原版存在；未定义官方处决配对
95031000,,9503,是,0,否,否,官方 1.17.1,原版存在；配对已恢复
95032000,,9503,是,0,否,否,官方 1.17.1,原版存在；配对已恢复
95033000,,9503,是,0,否,否,官方 1.17.1,原版存在；配对已恢复
95034000,,9503,是,0,否,否,官方 1.17.1,原版存在；配对已恢复
95090000,,9509,是,0,否,否,官方 1.17.1,原版存在；未定义官方处决配对
95091000,,9509,是,0,否,否,官方 1.17.1,原版存在；配对已恢复
100000000,,10000,是,0,否,否,官方 1.17.1,原版存在；未定义官方处决配对
100000010,[Spirit Summon] Mimic Tear,10000,是,0,否,否,官方 1.17.1,原版存在；配对已恢复
100000020,[Spirit Summon] Nepheli Loux Puppet,10000,是,0,否,否,官方 1.17.1,原版存在；配对已恢复
100000030,[Spirit Summon] Dung Eater Puppet,10000,是,0,否,否,官方 1.17.1,原版存在；配对已恢复
100000040,[Spirit Summon] Finger Maiden Therolina Puppet,10000,是,0,否,否,官方 1.17.1,原版存在；配对已恢复
100000050,[Spirit Summon] Dolores the Sleeping Arrow,10000,是,0,否,否,官方 1.17.1,原版存在；配对已恢复
100000060,[Spirit Summon] Jarwight Puppet,10000,是,0,否,否,官方 1.17.1,原版存在；配对已恢复
121000000,[Spirit Summon] Black Knife Tiche,12100,是,0,否,否,官方 1.17.1,原版存在；未定义官方处决配对
130101000,[Spirit Summon] Banished Knight Oleg,13010,是,0,否,否,官方 1.17.1,原版存在；未定义官方处决配对
130102000,[Spirit Summon] Banished Knight Engvall,13010,是,0,否,否,官方 1.17.1,原版存在；配对已恢复
130801100,[Spirit Summon] Fanged Imps,13080,是,0,否,否,官方 1.17.1,原版存在；未定义官方处决配对
131700000,[Spirit Summon] Latenna the Albinauric,13170,是,0,否,否,官方 1.17.1,原版存在；未定义官方处决配对
132010000,[Spirit Summon] Nomad,13201,是,0,否,否,官方 1.17.1,原版存在；未定义官方处决配对
133001000,[Spirit Summon] Nightmaiden,13300,是,0,否,否,官方 1.17.1,原版存在；未定义官方处决配对
133002000,[Spirit Summon] Swordstress,13300,是,0,否,否,官方 1.17.1,原版存在；配对已恢复
133201000,[Spirit Summon] Mimic Tear - Blob,13320,是,0,否,否,官方 1.17.1,原版存在；未定义官方处决配对
133500000,[Spirit Summon] Crystalian,13350,是,0,否,否,官方 1.17.1,原版存在；未定义官方处决配对
133600500,[Spirit Summon] Ancestral Follower,13360,是,0,否,否,官方 1.17.1,原版存在；未定义官方处决配对
134502000,[Spirit Summon] Winged Misbegotten,13450,是,0,否,否,官方 1.17.1,原版存在；未定义官方处决配对
134701300,[Spirit Summon] Albinauric Ashes,13470,是,0,否,否,官方 1.17.1,原版存在；未定义官方处决配对
135000000,[Spirit Summon] Skeletal Militiaman,13500,是,0,否,否,官方 1.17.1,原版存在；未定义官方处决配对
135004000,[Spirit Summon] Skeletal Bandit,13500,是,0,否,否,官方 1.17.1,原版存在；配对已恢复
136100000,[Spirit Summon] Oracle Envoy,13610,是,0,否,否,官方 1.17.1,原版存在；未定义官方处决配对
136610000,[Spirit Summon] Putrid Corpse,13661,是,0,否,否,官方 1.17.1,原版存在；未定义官方处决配对
137000000,[Spirit Summon] Depraved Perfumer,13700,是,0,否,否,官方 1.17.1,原版存在；未定义官方处决配对
137011000,[Spirit Summon] Perfumer Tricia,13701,是,0,否,否,官方 1.17.1,原版存在；未定义官方处决配对
137021000,[Spirit Summon] Glintstone Sorcerer Scholar,13702,是,0,否,否,官方 1.17.1,原版存在；未定义官方处决配对
137023000,[Spirit Summon] Twinsage Sorcerer,13702,是,0,否,否,官方 1.17.1,原版存在；配对已恢复
137030000,[Spirit Summon] Page,13703,是,0,否,否,官方 1.17.1,原版存在；未定义官方处决配对
137040000,[Spirit Summon] Battlemage Hugues,13704,是,0,否,否,官方 1.17.1,原版存在；未定义官方处决配对
137502000,[Spirit Summon] Clayman,13750,是,0,否,否,官方 1.17.1,原版存在；未定义官方处决配对
138001000,[Spirit Summon] Cleanrot Knight Finlay,13800,是,0,否,否,官方 1.17.1,原版存在；未定义官方处决配对
138100000,[Spirit Summon] Kindred of Rot,13810,是,0,否,否,官方 1.17.1,原版存在；未定义官方处决配对
138500000,[Spirit Summon] Marionette Soldier,13850,是,0,否,否,官方 1.17.1,原版存在；未定义官方处决配对
138601100,[Spirit Summon] Avionette Soldier,13860,是,0,否,否,官方 1.17.1,原版存在；未定义官方处决配对
139000000,[Spirit Summon] Fire Monk,13900,是,0,否,否,官方 1.17.1,原版存在；未定义官方处决配对
139011000,[Spirit Summon] Blackflame Monk,13901,是,0,否,否,官方 1.17.1,原版存在；未定义官方处决配对
139501000,[Spirit Summon] Man-Serpent,13950,是,0,否,否,官方 1.17.1,原版存在；未定义官方处决配对
139701100,[Spirit Summon] Azula Beastman,13970,是,0,否,否,官方 1.17.1,原版存在；未定义官方处决配对
140500000,[Spirit Summon] Kaiden Sellsword,14050,是,0,否,否,官方 1.17.1,原版存在；未定义官方处决配对
140700000,[Spirit Summon] Lone Wolf,14070,是,0,否,否,官方 1.17.1,原版存在；未定义官方处决配对
140800000,[Spirit Summon] Giant Rat,14080,是,0,否,否,官方 1.17.1,原版存在；未定义官方处决配对
141000000,[Spirit Summon] Demi-Human 1,14100,是,0,否,否,官方 1.17.1,原版存在；未定义官方处决配对
141001000,[Spirit Summon] Demi-Human 2,14100,是,0,否,否,官方 1.17.1,原版存在；配对已恢复
141002000,[Spirit Summon] Demi-Human 3,14100,是,0,否,否,官方 1.17.1,原版存在；配对已恢复
141010000,[Spirit Summon] Demi-Human 4,14101,是,0,否,否,官方 1.17.1,原版存在；未定义官方处决配对
141100000,[Spirit Summon] Demi-Human 5,14110,是,0,否,否,官方 1.17.1,原版存在；未定义官方处决配对
141660000,[Spirit Summon] Rotten Dog,14166,是,0,否,否,官方 1.17.1,原版存在；未定义官方处决配对
141800000,[Spirit Summon] Spirit Jellyfish,14180,是,0,否,否,官方 1.17.1,原版存在；未定义官方处决配对
142100100,[Spirit Summon] Warhawk,14210,是,0,否,否,官方 1.17.1,原版存在；未定义官方处决配对
142102000,[Spirit Summon] Stormhawk,14210,是,0,否,否,官方 1.17.1,原版存在；配对已恢复
142900000,[Spirit Summon] Bloodhound Knight Floh,14290,是,0,否,否,官方 1.17.1,原版存在；未定义官方处决配对
143000000,[Spirit Summon] Wandering Noble 1,14300,是,0,否,否,官方 1.17.1,原版存在；未定义官方处决配对
143000200,[Spirit Summon] Wandering Noble 2,14300,是,0,否,否,官方 1.17.1,原版存在；配对已恢复
143001000,[Spirit Summon] Wandering Noble 3,14300,是,0,否,否,官方 1.17.1,原版存在；配对已恢复
143002000,[Spirit Summon] Noble Sorcerer,14300,是,0,否,否,官方 1.17.1,原版存在；配对已恢复
143005000,[Spirit Summon] Wandering Noble 4,14300,是,0,否,否,官方 1.17.1,原版存在；配对已恢复
143005100,[Spirit Summon] Wandering Noble 5,14300,是,0,否,否,官方 1.17.1,原版存在；配对已恢复
143111300,[Spirit Summon] Godrick Soldier 1,14311,是,0,否,否,官方 1.17.1,原版存在；未定义官方处决配对
143112000,[Spirit Summon] Godrick Soldier 2,14311,是,0,否,否,官方 1.17.1,原版存在；配对已恢复
143122000,[Spirit Summon] Raya Lucaria Soldier 1,14312,是,0,否,否,官方 1.17.1,原版存在；未定义官方处决配对
143133000,[Spirit Summon] Leyndell Soldier,14313,是,0,否,否,官方 1.17.1,原版存在；未定义官方处决配对
143140100,[Spirit Summon] Radahn Soldier 1,14314,是,0,否,否,官方 1.17.1,原版存在；未定义官方处决配对
143142000,[Spirit Summon] Radahn Soldier 2,14314,是,0,否,否,官方 1.17.1,原版存在；配对已恢复
143150000,[Spirit Summon] Mausoleum Soldier 1,14315,是,0,否,否,官方 1.17.1,原版存在；未定义官方处决配对
143151000,[Spirit Summon] Mausoleum Soldier 2,14315,是,0,否,否,官方 1.17.1,原版存在；配对已恢复
143152000,[Spirit Summon] Mausoleum Soldier 3,14315,是,0,否,否,官方 1.17.1,原版存在；配对已恢复
143210000,[Spirit Summon] Vulgar Militia,14321,是,0,否,否,官方 1.17.1,原版存在；未定义官方处决配对
143410000,[Spirit Summon] Mad Pumpkin Head,14341,是,0,否,否,官方 1.17.1,原版存在；未定义官方处决配对
143531000,[Spirit Summon] Ancient Dragon Knight Kristoff,14353,是,0,否,否,官方 1.17.1,原版存在；未定义官方处决配对
143542000,[Spirit Summon] Redmane Knight Ogha,14354,是,0,否,否,官方 1.17.1,原版存在；未定义官方处决配对
143551000,[Spirit Summon] Lhutel the Headless,14355,是,0,否,否,官方 1.17.1,原版存在；未定义官方处决配对
143720500,[Spirit Summon] Raya Lucaria Foot Soldier 2,14372,是,0,否,否,官方 1.17.1,原版存在；未定义官方处决配对
143722500,[Spirit Summon] Raya Lucaria Foot Soldier 3,14372,是,0,否,否,官方 1.17.1,原版存在；配对已恢复
143760500,[Spirit Summon] Haligtree Foot Soldier,14376,是,0,否,否,官方 1.17.1,原版存在；未定义官方处决配对
143762500,[Spirit Summon] Haligtree Foot Soldier,14376,是,0,否,否,官方 1.17.1,原版存在；配对已恢复
144400000,[Spirit Summon] Land Squirt,14440,是,0,否,否,官方 1.17.1,原版存在；未定义官方处决配对
144810000,[Spirit Summon] Miranda Sprout,14481,是,0,否,否,官方 1.17.1,原版存在；未定义官方处决配对
144910200,[Spirit Summon] Soldjars of Fortune,14491,是,0,否,否,官方 1.17.1,原版存在；未定义官方处决配对
148200000,[Spirit Summon] Omenkiller,14820,是,0,否,否,官方 1.17.1,原版存在；未定义官方处决配对
150000000,[Spirit Summon] Ancient Dragon Florissax,15000,是,0,否,否,官方 1.17.1,原版存在；未定义官方处决配对
150000001,,15000,是,0,否,否,官方 1.17.1,原版存在；配对已恢复
150000002,[Spirit Summon] Fire Knight Queelign,15000,是,0,否,否,官方 1.17.1,原版存在；配对已恢复
150000003,[Spirit Summon] Swordhand of Night Jolan,15000,是,0,否,否,官方 1.17.1,原版存在；配对已恢复
150000004,[Spirit Summon] Jolan and Anna,15000,是,0,否,否,官方 1.17.1,原版存在；配对已恢复
150000005,[Spirit Summon] Jolan and Anna,15000,是,0,否,否,官方 1.17.1,原版存在；配对已恢复
150000006,,15000,是,0,否,否,官方 1.17.1,原版存在；配对已恢复
150000007,,15000,是,0,否,否,官方 1.17.1,原版存在；配对已恢复
150000008,,15000,是,0,否,否,官方 1.17.1,原版存在；配对已恢复
150000009,,15000,是,0,否,否,官方 1.17.1,原版存在；配对已恢复
150000010,,15000,是,0,否,否,官方 1.17.1,原版存在；配对已恢复
150000011,,15000,是,0,否,否,官方 1.17.1,原版存在；配对已恢复
150000012,,15000,是,0,否,否,官方 1.17.1,原版存在；配对已恢复
150400000,[Spirit Summon] Curseblade Meera,15040,是,0,否,否,官方 1.17.1,原版存在；未定义官方处决配对
150800000,[Spirit Summon] Bloodfiend Hexer,15080,是,0,否,否,官方 1.17.1,原版存在；未定义官方处决配对
150900000,[Spirit Summon] Gravebird,15090,是,0,否,否,官方 1.17.1,原版存在；未定义官方处决配对
151600000,[Spirit Summon] Fire Knight Hilde,15160,是,0,否,否,官方 1.17.1,原版存在；未定义官方处决配对
151940000,[Spirit Summon] Spider Scorpion,15194,是,0,否,否,官方 1.17.1,原版存在；未定义官方处决配对
152500000,[Spirit Summon] Divine Bird Warrior Ornis,15250,是,0,否,否,官方 1.17.1,原版存在；未定义官方处决配对
152501000,[Spirit Summon] Horned Warrior,15250,是,0,否,否,官方 1.17.1,原版存在；配对已恢复
152610000,[Spirit Summon] Golem Smith,15261,是,0,否,否,官方 1.17.1,原版存在；未定义官方处决配对
153110000,[Spirit Summon] Inquisitor 1,15311,是,0,否,否,官方 1.17.1,原版存在；未定义官方处决配对
153110100,[Spirit Summon] Inquisitor 2,15311,是,0,否,否,官方 1.17.1,原版存在；配对已恢复
155600000,[Spirit Summon] Fingercreeper,15560,是,0,否,否,官方 1.17.1,原版存在；未定义官方处决配对
158100000,[Spirit Summon] Demi-Human Swordsman Yosh,15810,是,0,否,否,官方 1.17.1,原版存在；未定义官方处决配对
158300000,[Spirit Summon] Messmer Soldier 1,15830,是,0,否,否,官方 1.17.1,原版存在；未定义官方处决配对
158301000,[Spirit Summon] Messmer Soldier 2,15830,是,0,否,否,官方 1.17.1,原版存在；配对已恢复
158400000,[Spirit Summon] Black Knight Commander,15840,是,0,否,否,官方 1.17.1,原版存在；未定义官方处决配对
158400500,[Spirit Summon] Black Knight Captain Huw,15840,是,0,否,否,官方 1.17.1,原版存在；配对已恢复
158700000,[Spirit Summon] Bigmouth Imp,15870,是,0,否,否,官方 1.17.1,原版存在；未定义官方处决配对
159000000,[Spirit Summon] Man-Fly 1/2,15900,是,0,否,否,官方 1.17.1,原版存在；未定义官方处决配对
159000100,[Spirit Summon] Man-Fly 3,15900,是,0,否,否,官方 1.17.1,原版存在；配对已恢复
170001000,[Spirit Summon] Fallen Hawks Greatshield Soldier,17000,是,0,否,否,官方 1.17.1,原版存在；未定义官方处决配对
170002000,[Spirit Summon] Fallen Hawks Archer,17000,是,0,否,否,官方 1.17.1,原版存在；配对已恢复
199999999,,19999,是,0,否,否,官方 1.17.1,原版存在；未定义官方处决配对
500000000,,50000,是,0,否,否,官方 1.17.1,原版存在；未定义官方处决配对
500000006,,50000,是,0,否,否,官方 1.17.1,原版存在；配对已恢复
500000010,Stormhill Colosseum Silent Spirit,50000,是,0,否,否,官方 1.17.1,原版存在；配对已恢复
500000020,Caria Manor Silent Spirit,50000,是,0,否,否,官方 1.17.1,原版存在；配对已恢复
500000032,Stormhill Colosseum Silent Spirit,50000,是,0,否,否,官方 1.17.1,原版存在；配对已恢复
500000040,Stormhill Colosseum Silent Spirit,50000,是,0,否,否,官方 1.17.1,原版存在；配对已恢复
500000042,Dragonbarrow Silent Spirit,50000,是,0,否,否,官方 1.17.1,原版存在；配对已恢复
500000066,Stormhill Colosseum Silent Spirit,50000,是,0,否,否,官方 1.17.1,原版存在；配对已恢复
500001000,,50000,是,0,否,否,官方 1.17.1,原版存在；配对已恢复
500010000,Smithing Table,50001,是,0,否,否,官方 1.17.1,原版存在；未定义官方处决配对
500020079,Twin Maiden Husks,50002,是,0,否,否,官方 1.17.1,原版存在；未定义官方处决配对
500030000,,50003,是,0,否,否,官方 1.17.1,原版存在；未定义官方处决配对
501060020,Ranni/Renna,50106,是,0,否,否,官方 1.17.1,原版存在；未定义官方处决配对
501060024,Ranni/Renna,50106,是,0,否,否,官方 1.17.1,原版存在；配对已恢复
501060062,Ranni/Renna,50106,是,0,否,否,官方 1.17.1,原版存在；配对已恢复
501060078,Ranni/Renna,50106,是,0,否,否,官方 1.17.1,原版存在；配对已恢复
501060162,Ranni/Renna,50106,是,0,否,否,官方 1.17.1,原版存在；配对已恢复
501060262,Ranni/Renna,50106,是,0,否,否,官方 1.17.1,原版存在；配对已恢复
501060362,Ranni/Renna,50106,是,0,否,否,官方 1.17.1,原版存在；配对已恢复
501060462,Ranni/Renna,50106,是,0,否,否,官方 1.17.1,原版存在；配对已恢复
501120034,Talk Dummy,50112,是,0,否,否,官方 1.17.1,原版存在；未定义官方处决配对
502010024,Rennala's Children,50201,是,0,否,否,官方 1.17.1,原版存在；未定义官方处决配对
502160010,Blaidd,50216,是,0,否,否,官方 1.17.1,原版存在；未定义官方处决配对
502160110,Blaidd,50216,是,0,否,否,官方 1.17.1,原版存在；配对已恢复
502160210,,50216,是,0,否,否,官方 1.17.1,原版存在；配对已恢复
502160310,Blaidd,50216,是,0,否,否,官方 1.17.1,原版存在；配对已恢复
502180010,,50218,是,0,否,否,官方 1.17.1,原版存在；未定义官方处决配对
502180062,Asimi,50218,是,0,否,否,官方 1.17.1,原版存在；配对已恢复
502180064,Asimi,50218,是,0,否,否,官方 1.17.1,原版存在；配对已恢复
502180065,Asimi,50218,是,0,否,否,官方 1.17.1,原版存在；配对已恢复
502180164,Asimi,50218,是,0,否,否,官方 1.17.1,原版存在；配对已恢复
502180165,Asimi,50218,是,0,否,否,官方 1.17.1,原版存在；配对已恢复
502180264,Asimi,50218,是,0,否,否,官方 1.17.1,原版存在；配对已恢复
502180265,Asimi,50218,是,0,否,否,官方 1.17.1,原版存在；配对已恢复
502190020,,50219,是,0,否,否,官方 1.17.1,原版存在；未定义官方处决配对
502280050,Latenna,50228,是,0,否,否,官方 1.17.1,原版存在；未定义官方处决配对
502280052,Latenna,50228,是,0,否,否,官方 1.17.1,原版存在；配对已恢复
503180010,Yura,50318,是,0,否,否,官方 1.17.1,原版存在；未定义官方处决配对
503260034,Smithing Table,50326,是,0,否,否,官方 1.17.1,原版存在；未定义官方处决配对
503260038,Sword of Bernahl,50326,是,0,否,否,官方 1.17.1,原版存在；配对已恢复
503300020,Basin of Atonement,50330,是,0,否,否,官方 1.17.1,原版存在；未定义官方处决配对
503390079,Smithing Table,50339,是,0,否,否,官方 1.17.1,原版存在；未定义官方处决配对
503490054,Smithing Table,50349,是,0,否,否,官方 1.17.1,原版存在；未定义官方处决配对
504020088,,50402,是,0,否,否,官方 1.17.1,原版存在；未定义官方处决配对
504020188,,50402,是,0,否,否,官方 1.17.1,原版存在；配对已恢复
504140098,,50414,是,0,否,否,官方 1.17.1,原版存在；未定义官方处决配对
504160099,,50416,是,0,否,否,官方 1.17.1,原版存在；未定义官方处决配对
504180089,,50418,是,0,否,否,官方 1.17.1,原版存在；未定义官方处决配对
506010010,Church of Dragon Communion,50601,是,0,否,否,官方 1.17.1,原版存在；未定义官方处决配对
506010040,Cathedral of Dragon Communion,50601,是,0,否,否,官方 1.17.1,原版存在；配对已恢复
506030012,Wandering Mausoleum Corpse,50603,是,0,否,否,官方 1.17.1,原版存在；未定义官方处决配对
506030020,Wandering Mausoleum Corpse,50603,是,0,否,否,官方 1.17.1,原版存在；配对已恢复
506030050,Wandering Mausoleum Corpse,50603,是,0,否,否,官方 1.17.1,原版存在；配对已恢复
506030052,Wandering Mausoleum Corpse,50603,是,0,否,否,官方 1.17.1,原版存在；配对已恢复
506030066,Wandering Mausoleum Corpse,50603,是,0,否,否,官方 1.17.1,原版存在；配对已恢复
506060020,,50606,是,0,否,否,官方 1.17.1,原版存在；未定义官方处决配对
506070078,Talk Dummy,50607,是,0,否,否,官方 1.17.1,原版存在；未定义官方处决配对
506080079,Clouded Mirror Stand,50608,是,0,否,否,官方 1.17.1,原版存在；未定义官方处决配对
506200034,,50620,是,0,否,否,官方 1.17.1,原版存在；未定义官方处决配对
506200070,,50620,是,0,否,否,官方 1.17.1,原版存在；配对已恢复
506210010,,50621,是,0,否,否,官方 1.17.1,原版存在；未定义官方处决配对
506220040,,50622,是,0,否,否,官方 1.17.1,原版存在；未定义官方处决配对
506230079,,50623,是,0,否,否,官方 1.17.1,原版存在；未定义官方处决配对
506300084,Grand Altar of Dragon Communion,50630,是,0,否,否,官方 1.17.1,原版存在；未定义官方处决配对
506310083,Wandering Mausoleum Corpse,50631,是,0,否,否,官方 1.17.1,原版存在；未定义官方处决配对
506310090,Wandering Mausoleum Corpse,50631,是,0,否,否,官方 1.17.1,原版存在；配对已恢复
506310093,Wandering Mausoleum Corpse,50631,是,0,否,否,官方 1.17.1,原版存在；配对已恢复
520000000,Human,52000,是,0,否,否,官方 1.17.1,原版存在；未定义官方处决配对
520000001,,52000,是,0,否,否,官方 1.17.1,原版存在；配对已恢复
520000002,,52000,是,0,否,否,官方 1.17.1,原版存在；配对已恢复
520000003,,52000,是,0,否,否,官方 1.17.1,原版存在；配对已恢复
520000004,,52000,是,0,否,否,官方 1.17.1,原版存在；配对已恢复
520000005,,52000,是,0,否,否,官方 1.17.1,原版存在；配对已恢复
520000006,,52000,是,0,否,否,官方 1.17.1,原版存在；配对已恢复
520000007,,52000,是,0,否,否,官方 1.17.1,原版存在；配对已恢复
520000008,,52000,是,0,否,否,官方 1.17.1,原版存在；配对已恢复
520000009,,52000,是,0,否,否,官方 1.17.1,原版存在；配对已恢复
520000010,,52000,是,0,否,否,官方 1.17.1,原版存在；配对已恢复
520000011,,52000,是,0,否,否,官方 1.17.1,原版存在；配对已恢复
520000012,,52000,是,0,否,否,官方 1.17.1,原版存在；配对已恢复
520000013,,52000,是,0,否,否,官方 1.17.1,原版存在；配对已恢复
520000014,,52000,是,0,否,否,官方 1.17.1,原版存在；配对已恢复
520000015,,52000,是,0,否,否,官方 1.17.1,原版存在；配对已恢复
520000016,,52000,是,0,否,否,官方 1.17.1,原版存在；配对已恢复
520000017,,52000,是,0,否,否,官方 1.17.1,原版存在；配对已恢复
520000018,,52000,是,0,否,否,官方 1.17.1,原版存在；配对已恢复
520000019,,52000,是,0,否,否,官方 1.17.1,原版存在；配对已恢复
520000020,,52000,是,0,否,否,官方 1.17.1,原版存在；配对已恢复
520000021,,52000,是,0,否,否,官方 1.17.1,原版存在；配对已恢复
523000000,"Tanith, Volcano Manor Proprietress",52300,是,0,否,否,官方 1.17.1,原版存在；未定义官方处决配对
523000038,"Tanith, Volcano Manor Proprietress",52300,是,0,否,否,官方 1.17.1,原版存在；配对已恢复
523000138,"Tanith, Volcano Manor Proprietress",52300,是,0,否,否,官方 1.17.1,原版存在；配对已恢复
523010000,White Mask Varré,52301,是,0,否,否,官方 1.17.1,原版存在；未定义官方处决配对
523010010,White Mask Varré,52301,是,0,否,否,官方 1.17.1,原版存在；配对已恢复
523010020,White Mask Varré,52301,是,0,否,否,官方 1.17.1,原版存在；配对已恢复
523010068,White Mask Varré,52301,是,0,否,否,官方 1.17.1,原版存在；配对已恢复
523010110,White Mask Varré,52301,是,0,否,否,官方 1.17.1,原版存在；配对已恢复
523010168,White Mask Varré,52301,是,0,否,否,官方 1.17.1,原版存在；配对已恢复
523020000,,52302,是,0,否,否,官方 1.17.1,原版存在；未定义官方处决配对
523030000,Guilbert,52303,是,0,否,否,官方 1.17.1,原版存在；未定义官方处决配对
523040000,Festering Fingerprint Vyke,52304,是,0,否,否,官方 1.17.1,原版存在；未定义官方处决配对
523040020,Festering Fingerprint Vyke,52304,是,0,否,否,官方 1.17.1,原版存在；配对已恢复
523040050,Roundtable Knight Vyke (Boss),52304,是,0,否,否,官方 1.17.1,原版存在；配对已恢复
523050000,,52305,是,0,否,否,官方 1.17.1,原版存在；未定义官方处决配对
523060000,,52306,是,0,否,否,官方 1.17.1,原版存在；未定义官方处决配对
523070000,Preceptor Seluvis,52307,是,0,否,否,官方 1.17.1,原版存在；未定义官方处决配对
523070020,Preceptor Seluvis,52307,是,0,否,否,官方 1.17.1,原版存在；配对已恢复
523070120,Preceptor Seluvis,52307,是,0,否,否,官方 1.17.1,原版存在；配对已恢复
523070220,Preceptor Seluvis,52307,是,0,否,否,官方 1.17.1,原版存在；配对已恢复
523070320,Preceptor Seluvis,52307,是,0,否,否,官方 1.17.1,原版存在；配对已恢复
523080000,,52308,是,0,否,否,官方 1.17.1,原版存在；未定义官方处决配对
523090000,Patches,52309,是,0,否,否,官方 1.17.1,原版存在；未定义官方处决配对
523090010,Patches (Boss),52309,是,0,否,否,官方 1.17.1,原版存在；配对已恢复
523090020,Patches,52309,是,0,否,否,官方 1.17.1,原版存在；配对已恢复
523090030,Patches,52309,是,0,否,否,官方 1.17.1,原版存在；配对已恢复
523090032,Patches,52309,是,0,否,否,官方 1.17.1,原版存在；配对已恢复
523090038,Patches,52309,是,0,否,否,官方 1.17.1,原版存在；配对已恢复
523090110,Patches,52309,是,0,否,否,官方 1.17.1,原版存在；配对已恢复
523090132,Patches,52309,是,0,否,否,官方 1.17.1,原版存在；配对已恢复
523090210,Patches,52309,是,0,否,否,官方 1.17.1,原版存在；配对已恢复
523090310,Patches,52309,是,0,否,否,官方 1.17.1,原版存在；配对已恢复
523090410,Patches,52309,是,0,否,否,官方 1.17.1,原版存在；配对已恢复
523100000,Irina of Morne,52310,是,0,否,否,官方 1.17.1,原版存在；未定义官方处决配对
523100010,Lightseeker Hyetta,52310,是,0,否,否,官方 1.17.1,原版存在；配对已恢复
523100012,Irina of Morne,52310,是,0,否,否,官方 1.17.1,原版存在；配对已恢复
523100020,Lightseeker Hyetta,52310,是,0,否,否,官方 1.17.1,原版存在；配对已恢复
523100035,Finger Maiden Hyetta,52310,是,0,否,否,官方 1.17.1,原版存在；配对已恢复
523100112,Irina of Morne,52310,是,0,否,否,官方 1.17.1,原版存在；配对已恢复
523100120,Lightseeker Hyetta,52310,是,0,否,否,官方 1.17.1,原版存在；配对已恢复
523100220,Lightseeker Hyetta,52310,是,0,否,否,官方 1.17.1,原版存在；配对已恢复
523110000,Castellan Edgar,52311,是,0,否,否,官方 1.17.1,原版存在；未定义官方处决配对
523110012,Castellan Edgar,52311,是,0,否,否,官方 1.17.1,原版存在；配对已恢复
523110020,Castellan Edgar,52311,是,0,否,否,官方 1.17.1,原版存在；配对已恢复
523110112,Castellan Edgar,52311,是,0,否,否,官方 1.17.1,原版存在；配对已恢复
523110120,Castellan Edgar,52311,是,0,否,否,官方 1.17.1,原版存在；配对已恢复
523120000,Castellan Jerren,52312,是,0,否,否,官方 1.17.1,原版存在；未定义官方处决配对
523120012,Castellan Jerren,52312,是,0,否,否,官方 1.17.1,原版存在；配对已恢复
523120024,Witch-Hunter Jerren,52312,是,0,否,否,官方 1.17.1,原版存在；配对已恢复
523120040,Castellan Jerren,52312,是,0,否,否,官方 1.17.1,原版存在；配对已恢复
523120124,Witch-Hunter Jerren,52312,是,0,否,否,官方 1.17.1,原版存在；配对已恢复
523120140,Castellan Jerren,52312,是,0,否,否,官方 1.17.1,原版存在；配对已恢复
523120240,Castellan Jerren,52312,是,0,否,否,官方 1.17.1,原版存在；配对已恢复
523120340,Castellan Jerren,52312,是,0,否,否,官方 1.17.1,原版存在；配对已恢复
523130000,Rya the Scout,52313,是,0,否,否,官方 1.17.1,原版存在；未定义官方处决配对
523130020,Rya the Scout,52313,是,0,否,否,官方 1.17.1,原版存在；配对已恢复
523130030,Rya the Scout,52313,是,0,否,否,官方 1.17.1,原版存在；配对已恢复
523130038,Rya the Scout,52313,是,0,否,否,官方 1.17.1,原版存在；配对已恢复
523130130,Rya the Scout,52313,是,0,否,否,官方 1.17.1,原版存在；配对已恢复
523130138,Zorayas the Scout,52313,是,0,否,否,官方 1.17.1,原版存在；配对已恢复
523140000,Knight Diallos,52314,是,0,否,否,官方 1.17.1,原版存在；未定义官方处决配对
523140020,Knight Diallos,52314,是,0,否,否,官方 1.17.1,原版存在；配对已恢复
523140038,Knight Diallos,52314,是,0,否,否,官方 1.17.1,原版存在；配对已恢复
523140079,Knight Diallos,52314,是,0,否,否,官方 1.17.1,原版存在；配对已恢复
523140120,Potentate Diallos,52314,是,0,否,否,官方 1.17.1,原版存在；配对已恢复
523140179,Knight Diallos,52314,是,0,否,否,官方 1.17.1,原版存在；配对已恢复
523140220,Potentate Diallos,52314,是,0,否,否,官方 1.17.1,原版存在；配对已恢复
523150000,,52315,是,0,否,否,官方 1.17.1,原版存在；未定义官方处决配对
523150020,Human,52315,是,0,否,否,官方 1.17.1,原版存在；配对已恢复
523160000,Sorceress Sellen,52316,是,0,否,否,官方 1.17.1,原版存在；未定义官方处决配对
523160010,Sorceress Sellen,52316,是,0,否,否,官方 1.17.1,原版存在；配对已恢复
523160012,Sorceress Sellen,52316,是,0,否,否,官方 1.17.1,原版存在；配对已恢复
523160020,Sorceress Sellen,52316,是,0,否,否,官方 1.17.1,原版存在；配对已恢复
523160024,Sorceress Sellen,52316,是,0,否,否,官方 1.17.1,原版存在；配对已恢复
523160124,Sorceress Sellen,52316,是,0,否,否,官方 1.17.1,原版存在；配对已恢复
523170000,,52317,是,0,否,否,官方 1.17.1,原版存在；未定义官方处决配对
523180000,"Yura, Hunter of Bloody Fingers",52318,是,0,否,否,官方 1.17.1,原版存在；未定义官方处决配对
523180010,"Yura, Hunter of Bloody Fingers",52318,是,0,否,否,官方 1.17.1,原版存在；配对已恢复
523180020,"Yura, Hunter of Bloody Fingers",52318,是,0,否,否,官方 1.17.1,原版存在；配对已恢复
523180030,"Yura, Hunter of Bloody Fingers",52318,是,0,否,否,官方 1.17.1,原版存在；配对已恢复
523180050,Shabriri,52318,是,0,否,否,官方 1.17.1,原版存在；配对已恢复
523180079,"Yura, Hunter of Bloody Fingers",52318,是,0,否,否,官方 1.17.1,原版存在；配对已恢复
523180110,"Yura, Hunter of Bloody Fingers",52318,是,0,否,否,官方 1.17.1,原版存在；配对已恢复
523180130,"Yura, Hunter of Bloody Fingers",52318,是,0,否,否,官方 1.17.1,原版存在；配对已恢复
523180210,"Yura, Hunter of Bloody Fingers",52318,是,0,否,否,官方 1.17.1,原版存在；配对已恢复
523180230,"Yura, Hunter of Bloody Fingers",52318,是,0,否,否,官方 1.17.1,原版存在；配对已恢复
523180330,"Yura, Hunter of Bloody Fingers",52318,是,0,否,否,官方 1.17.1,原版存在；配对已恢复
523190000,"D, Hunter of the Dead",52319,是,0,否,否,官方 1.17.1,原版存在；未定义官方处决配对
523190010,"D, Hunter of the Dead",52319,是,0,否,否,官方 1.17.1,原版存在；配对已恢复
523190065,"D, Beholder of Death",52319,是,0,否,否,官方 1.17.1,原版存在；配对已恢复
523190066,"D, Beholder of Death",52319,是,0,否,否,官方 1.17.1,原版存在；配对已恢复
523190079,"D, Hunter of the Dead",52319,是,0,否,否,官方 1.17.1,原版存在；配对已恢复
523190110,"D, Hunter of the Dead",52319,是,0,否,否,官方 1.17.1,原版存在；配对已恢复
523190179,"D, Hunter of the Dead",52319,是,0,否,否,官方 1.17.1,原版存在；配对已恢复
523200000,Heartbroken Maiden,52320,是,0,否,否,官方 1.17.1,原版存在；未定义官方处决配对
523200010,Heartbroken Maiden,52320,是,0,否,否,官方 1.17.1,原版存在；配对已恢复
523200079,Roderika,52320,是,0,否,否,官方 1.17.1,原版存在；配对已恢复
523200179,"Roderika, Spirit Tuner",52320,是,0,否,否,官方 1.17.1,原版存在；配对已恢复
523200279,"Roderika, Spirit Tuner",52320,是,0,否,否,官方 1.17.1,原版存在；配对已恢复
523210000,"Kenneth Haight, Limgrave Heir",52321,是,0,否,否,官方 1.17.1,原版存在；未定义官方处决配对
523210010,"Kenneth Haight, Limgrave Heir",52321,是,0,否,否,官方 1.17.1,原版存在；配对已恢复
523210014,"Kenneth Haight, Limgrave Heir",52321,是,0,否,否,官方 1.17.1,原版存在；配对已恢复
523210110,"Kenneth Haight, Limgrave Heir",52321,是,0,否,否,官方 1.17.1,原版存在；配对已恢复
523220000,"Fia, Deathbed Companion",52322,是,0,否,否,官方 1.17.1,原版存在；未定义官方处决配对
523220066,"Fia, Deathbed Companion",52322,是,0,否,否,官方 1.17.1,原版存在；配对已恢复
523220079,"Fia, Deathbed Companion",52322,是,0,否,否,官方 1.17.1,原版存在；配对已恢复
523220166,"Fia, Deathbed Companion",52322,是,0,否,否,官方 1.17.1,原版存在；配对已恢复
523220179,"Fia, Deathbed Companion",52322,是,0,否,否,官方 1.17.1,原版存在；配对已恢复
523220266,"Fia, Deathbed Companion",52322,是,0,否,否,官方 1.17.1,原版存在；配对已恢复
523220366,"Fia, Deathbed Companion",52322,是,0,否,否,官方 1.17.1,原版存在；配对已恢复
523230000,Dung Eater,52323,是,0,否,否,官方 1.17.1,原版存在；未定义官方处决配对
523230020,Dung Eater,52323,是,0,否,否,官方 1.17.1,原版存在；配对已恢复
523230033,Dung Eater,52323,是,0,否,否,官方 1.17.1,原版存在；配对已恢复
523230035,Dung Eater,52323,是,0,否,否,官方 1.17.1,原版存在；配对已恢复
523230079,Dung Eater,52323,是,0,否,否,官方 1.17.1,原版存在；配对已恢复
523230135,Dung Eater,52323,是,0,否,否,官方 1.17.1,原版存在；配对已恢复
523230179,Dung Eater,52323,是,0,否,否,官方 1.17.1,原版存在；配对已恢复
523230279,Dung Eater,52323,是,0,否,否,官方 1.17.1,原版存在；配对已恢复
523240000,"Sir Gideon Ofnir, the All-Knowing",52324,是,0,否,否,官方 1.17.1,原版存在；未定义官方处决配对
523240070,"Sir Gideon Ofnir, the All-Knowing",52324,是,0,否,否,官方 1.17.1,原版存在；配对已恢复
523240079,"Sir Gideon Ofnir, the All-Knowing",52324,是,0,否,否,官方 1.17.1,原版存在；配对已恢复
523240179,"Sir Gideon Ofnir, the All-Knowing",52324,是,0,否,否,官方 1.17.1,原版存在；配对已恢复
523250000,Sorcerer Rogier,52325,是,0,否,否,官方 1.17.1,原版存在；未定义官方处决配对
523250014,Sorcerer Rogier,52325,是,0,否,否,官方 1.17.1,原版存在；配对已恢复
523250050,Sorcerer Rogier,52325,是,0,否,否,官方 1.17.1,原版存在；配对已恢复
523250066,Sorcerer Rogier (Fia's Champions Boss),52325,是,0,否,否,官方 1.17.1,原版存在；配对已恢复
523250079,Sorcerer Rogier,52325,是,0,否,否,官方 1.17.1,原版存在；配对已恢复
523250114,Sorcerer Rogier,52325,是,0,否,否,官方 1.17.1,原版存在；配对已恢复
523250166,Sorcerer Rogier,52325,是,0,否,否,官方 1.17.1,原版存在；配对已恢复
523250214,Sorcerer Rogier,52325,是,0,否,否,官方 1.17.1,原版存在；配对已恢复
523260000,Knight Bernahl,52326,是,0,否,否,官方 1.17.1,原版存在；未定义官方处决配对
523260010,Knight Bernahl,52326,是,0,否,否,官方 1.17.1,原版存在；配对已恢复
523260038,Recusant Bernahl,52326,是,0,否,否,官方 1.17.1,原版存在；配对已恢复
523260070,Recusant Bernahl,52326,是,0,否,否,官方 1.17.1,原版存在；配对已恢复
523270000,"Eleonora, Violet Bloody Finger",52327,是,0,否,否,官方 1.17.1,原版存在；未定义官方处决配对
523270030,"Eleonora, Violet Bloody Finger",52327,是,0,否,否,官方 1.17.1,原版存在；配对已恢复
523270130,"Eleonora, Violet Bloody Finger",52327,是,0,否,否,官方 1.17.1,原版存在；配对已恢复
523290000,,52329,是,0,否,否,官方 1.17.1,原版存在；未定义官方处决配对
523290040,Human,52329,是,0,否,否,官方 1.17.1,原版存在；配对已恢复
523290066,Lionel the Lionhearted (Fia's Champions Boss),52329,是,0,否,否,官方 1.17.1,原版存在；配对已恢复
523310000,Blackguard,52331,是,0,否,否,官方 1.17.1,原版存在；未定义官方处决配对
523310020,Blackguard,52331,是,0,否,否,官方 1.17.1,原版存在；配对已恢复
523310033,Blackguard,52331,是,0,否,否,官方 1.17.1,原版存在；配对已恢复
523310133,Blackguard,52331,是,0,否,否,官方 1.17.1,原版存在；配对已恢复
523320000,,52332,是,0,否,否,官方 1.17.1,原版存在；未定义官方处决配对
523320038,Rykard-Hating Ghost,52332,是,0,否,否,官方 1.17.1,原版存在；配对已恢复
523330000,Sorcerer Thops,52333,是,0,否,否,官方 1.17.1,原版存在；未定义官方处决配对
523330020,Sorcerer Thops,52333,是,0,否,否,官方 1.17.1,原版存在；配对已恢复
523330024,Sorcerer Thops,52333,是,0,否,否,官方 1.17.1,原版存在；配对已恢复
523340000,"Nepheli Loux, Warrior",52334,是,0,否,否,官方 1.17.1,原版存在；未定义官方处决配对
523340014,"Nepheli Loux, Warrior",52334,是,0,否,否,官方 1.17.1,原版存在；配对已恢复
523340020,"Nepheli Loux, Warrior",52334,是,0,否,否,官方 1.17.1,原版存在；配对已恢复
523340079,"Nepheli Loux, Warrior",52334,是,0,否,否,官方 1.17.1,原版存在；配对已恢复
523340114,"Nepheli Loux, Warrior",52334,是,0,否,否,官方 1.17.1,原版存在；配对已恢复
523340120,"Nepheli Loux, Warrior",52334,是,0,否,否,官方 1.17.1,原版存在；配对已恢复
523340179,"Nepheli Loux, Warrior",52334,是,0,否,否,官方 1.17.1,原版存在；配对已恢复
523340214,"Nepheli Loux, Warrior",52334,是,0,否,否,官方 1.17.1,原版存在；配对已恢复
523350000,Reeling Rico,52335,是,0,否,否,官方 1.17.1,原版存在；未定义官方处决配对
523350010,Reeling Rico,52335,是,0,否,否,官方 1.17.1,原版存在；配对已恢复
523350052,Reeling Rico,52335,是,0,否,否,官方 1.17.1,原版存在；配对已恢复
523350068,Reeling Rico,52335,是,0,否,否,官方 1.17.1,原版存在；配对已恢复
523350079,Reeling Rico,52335,是,0,否,否,官方 1.17.1,原版存在；配对已恢复
523360000,Vyke's Finger Maiden,52336,是,0,否,否,官方 1.17.1,原版存在；未定义官方处决配对
523360012,Vyke's Finger Maiden,52336,是,0,否,否,官方 1.17.1,原版存在；配对已恢复
523370000,,52337,是,0,否,否,官方 1.17.1,原版存在；未定义官方处决配对
523370034,,52337,是,0,否,否,官方 1.17.1,原版存在；配对已恢复
523370134,,52337,是,0,否,否,官方 1.17.1,原版存在；配对已恢复
523380000,Finger Maiden,52338,是,0,否,否,官方 1.17.1,原版存在；未定义官方处决配对
523380016,Finger Maiden,52338,是,0,否,否,官方 1.17.1,原版存在；配对已恢复
523390000,Ensha of the Royal Remains,52339,是,0,否,否,官方 1.17.1,原版存在；未定义官方处决配对
523390079,Ensha of the Royal Remains,52339,是,0,否,否,官方 1.17.1,原版存在；配对已恢复
523400000,Bloody Finger Ravenmount Assassin,52340,是,0,否,否,官方 1.17.1,原版存在；未定义官方处决配对
523400020,Bloody Finger Ravenmount Assassin,52340,是,0,否,否,官方 1.17.1,原版存在；配对已恢复
523410000,,52341,是,0,否,否,官方 1.17.1,原版存在；未定义官方处决配对
523420000,Boc the Seamster,52342,是,0,否,否,官方 1.17.1,原版存在；未定义官方处决配对
523420024,Boc the Seamster,52342,是,0,否,否,官方 1.17.1,原版存在；配对已恢复
523430000,Bloody Finger Nerijus,52343,是,0,否,否,官方 1.17.1,原版存在；未定义官方处决配对
523440000,Great Horned Tragoth,52344,是,0,否,否,官方 1.17.1,原版存在；未定义官方处决配对
523440026,Great Horned Tragoth,52344,是,0,否,否,官方 1.17.1,原版存在；配对已恢复
523440040,Great Horned Tragoth,52344,是,0,否,否,官方 1.17.1,原版存在；配对已恢复
523450000,Old Knight Istvan,52345,是,0,否,否,官方 1.17.1,原版存在；未定义官方处决配对
523450010,Old Knight Istvan,52345,是,0,否,否,官方 1.17.1,原版存在；配对已恢复
523460000,Rileigh the Idle,52346,是,0,否,否,官方 1.17.1,原版存在；未定义官方处决配对
523460030,Rileigh the Idle,52346,是,0,否,否,官方 1.17.1,原版存在；配对已恢复
523470000,"Juno Hoslow, Knight of Blood",52347,是,0,否,否,官方 1.17.1,原版存在；未定义官方处决配对
523470050,"Juno Hoslow, Knight of Blood",52347,是,0,否,否,官方 1.17.1,原版存在；配对已恢复
523480000,Millicent,52348,是,0,否,否,官方 1.17.1,原版存在；未定义官方处决配对
523480030,Millicent,52348,是,0,否,否,官方 1.17.1,原版存在；配对已恢复
523480040,Millicent,52348,是,0,否,否,官方 1.17.1,原版存在；配对已恢复
523480050,Millicent,52348,是,0,否,否,官方 1.17.1,原版存在；配对已恢复
523480056,Millicent,52348,是,0,否,否,官方 1.17.1,原版存在；配对已恢复
523480130,Millicent,52348,是,0,否,否,官方 1.17.1,原版存在；配对已恢复
523480140,Millicent,52348,是,0,否,否,官方 1.17.1,原版存在；配对已恢复
523480156,Millicent,52348,是,0,否,否,官方 1.17.1,原版存在；配对已恢复
523480230,Millicent,52348,是,0,否,否,官方 1.17.1,原版存在；配对已恢复
523480240,Millicent,52348,是,0,否,否,官方 1.17.1,原版存在；配对已恢复
523480256,Millicent,52348,是,0,否,否,官方 1.17.1,原版存在；配对已恢复
523480340,Millicent,52348,是,0,否,否,官方 1.17.1,原版存在；配对已恢复
523480440,Millicent,52348,是,0,否,否,官方 1.17.1,原版存在；配对已恢复
523490000,Sage Gowry,52349,是,0,否,否,官方 1.17.1,原版存在；未定义官方处决配对
523490040,Sage Gowry,52349,是,0,否,否,官方 1.17.1,原版存在；配对已恢复
523490140,Sage Gowry,52349,是,0,否,否,官方 1.17.1,原版存在；配对已恢复
523490240,Sage Gowry,52349,是,0,否,否,官方 1.17.1,原版存在；配对已恢复
523490340,Sage Gowry,52349,是,0,否,否,官方 1.17.1,原版存在；配对已恢复
523500000,,52350,是,0,否,否,官方 1.17.1,原版存在；未定义官方处决配对
523500032,,52350,是,0,否,否,官方 1.17.1,原版存在；配对已恢复
523510000,Scribe Corhyn,52351,是,0,否,否,官方 1.17.1,原版存在；未定义官方处决配对
523510030,Brother Corhyn,52351,是,0,否,否,官方 1.17.1,原版存在；配对已恢复
523510034,Scribe Corhyn,52351,是,0,否,否,官方 1.17.1,原版存在；配对已恢复
523510050,Scribe Corhyn,52351,是,0,否,否,官方 1.17.1,原版存在；配对已恢复
523510070,Scribe Corhyn,52351,是,0,否,否,官方 1.17.1,原版存在；配对已恢复
523510079,Brother Corhyn,52351,是,0,否,否,官方 1.17.1,原版存在；配对已恢复
523510130,Scribe Corhyn,52351,是,0,否,否,官方 1.17.1,原版存在；配对已恢复
523510170,Scribe Corhyn,52351,是,0,否,否,官方 1.17.1,原版存在；配对已恢复
523520000,Preceptor Miriam,52352,是,0,否,否,官方 1.17.1,原版存在；未定义官方处决配对
523520028,Preceptor Miriam,52352,是,0,否,否,官方 1.17.1,原版存在；配对已恢复
523521000,Preceptor Miriam,52352,是,0,否,否,官方 1.17.1,原版存在；配对已恢复
523521028,Preceptor Miriam,52352,是,0,否,否,官方 1.17.1,原版存在；配对已恢复
523530000,"Anastasia, Tarnished-Eater",52353,是,0,否,否,官方 1.17.1,原版存在；未定义官方处决配对
523530032,"Anastasia, Tarnished-Eater",52353,是,0,否,否,官方 1.17.1,原版存在；配对已恢复
523530040,"Anastasia, Tarnished-Eater",52353,是,0,否,否,官方 1.17.1,原版存在；配对已恢复
523530052,"Anastasia, Tarnished-Eater",52353,是,0,否,否,官方 1.17.1,原版存在；配对已恢复
523540000,,52354,是,0,否,否,官方 1.17.1,原版存在；未定义官方处决配对
523550000,Okina,52355,是,0,否,否,官方 1.17.1,原版存在；未定义官方处决配对
523550040,Okina,52355,是,0,否,否,官方 1.17.1,原版存在；配对已恢复
523550050,Bloody Finger Okina,52355,是,0,否,否,官方 1.17.1,原版存在；配对已恢复
523560000,"Adan, Thief of Fire",52356,是,0,否,否,官方 1.17.1,原版存在；未定义官方处决配对
523560020,"Adan, Thief of Fire (Boss)",52356,是,0,否,否,官方 1.17.1,原版存在；配对已恢复
523570000,,52357,是,0,否,否,官方 1.17.1,原版存在；未定义官方处决配对
523580000,,52358,是,0,否,否,官方 1.17.1,原版存在；未定义官方处决配对
523590000,"Moongrum, Carian Knight",52359,是,0,否,否,官方 1.17.1,原版存在；未定义官方处决配对
523590024,"Moongrum, Carian Knight",52359,是,0,否,否,官方 1.17.1,原版存在；配对已恢复
523600000,Vargram the Raging Wolf,52360,是,0,否,否,官方 1.17.1,原版存在；未定义官方处决配对
523600034,Vargram the Raging Wolf,52360,是,0,否,否,官方 1.17.1,原版存在；配对已恢复
523610000,Fia's Champion,52361,是,0,否,否,官方 1.17.1,原版存在；未定义官方处决配对
523610066,Fia's Champion 1,52361,是,0,否,否,官方 1.17.1,原版存在；配对已恢复
523620000,,52362,是,0,否,否,官方 1.17.1,原版存在；未定义官方处决配对
523630000,Finger Maiden Therolina,52363,是,0,否,否,官方 1.17.1,原版存在；未定义官方处决配对
523630020,Finger Maiden Therolina,52363,是,0,否,否,官方 1.17.1,原版存在；配对已恢复
523630040,Finger Maiden Therolina,52363,是,0,否,否,官方 1.17.1,原版存在；配对已恢复
523640000,Dolores the Sleeping Arrow,52364,是,0,否,否,官方 1.17.1,原版存在；未定义官方处决配对
523640020,Dolores the Sleeping Arrow,52364,是,0,否,否,官方 1.17.1,原版存在；配对已恢复
523650000,Jarwight,52365,是,0,否,否,官方 1.17.1,原版存在；未定义官方处决配对
523650020,Jarwight,52365,是,0,否,否,官方 1.17.1,原版存在；配对已恢复
523670000,"Inaba, Disciple of Okina",52367,是,0,否,否,官方 1.17.1,原版存在；未定义官方处决配对
523670050,"Inaba, Disciple of Okina",52367,是,0,否,否,官方 1.17.1,原版存在；配对已恢复
523680000,Silver Tear,52368,是,0,否,否,官方 1.17.1,原版存在；未定义官方处决配对
523680062,Silver Tear,52368,是,0,否,否,官方 1.17.1,原版存在；配对已恢复
523680065,Silver Tear,52368,是,0,否,否,官方 1.17.1,原版存在；配对已恢复
523690000,Recusant Henricus,52369,是,0,否,否,官方 1.17.1,原版存在；未定义官方处决配对
523700000,Fia's Champion,52370,是,0,否,否,官方 1.17.1,原版存在；未定义官方处决配对
523710000,Fia's Champion,52371,是,0,否,否,官方 1.17.1,原版存在；未定义官方处决配对
523720000,"Maleigh Marais, Shaded Castle Castellan",52372,是,0,否,否,官方 1.17.1,原版存在；未定义官方处决配对
523720030,"Maleigh Marais, Shaded Castle Castellan",52372,是,0,否,否,官方 1.17.1,原版存在；配对已恢复
523730000,Knight of the Great Jar,52373,是,0,否,否,官方 1.17.1,原版存在；未定义官方处决配对
523730040,Knight of the Great Jar,52373,是,0,否,否,官方 1.17.1,原版存在；配对已恢复
523740000,Knight of the Great Jar,52374,是,0,否,否,官方 1.17.1,原版存在；未定义官方处决配对
523740040,Knight of the Great Jar,52374,是,0,否,否,官方 1.17.1,原版存在；配对已恢复
523750000,Knight of the Great Jar,52375,是,0,否,否,官方 1.17.1,原版存在；未定义官方处决配对
523750040,Knight of the Great Jar,52375,是,0,否,否,官方 1.17.1,原版存在；配对已恢复
523760000,Necromancer Garris,52376,是,0,否,否,官方 1.17.1,原版存在；未定义官方处决配对
523760930,Necromancer Garris (Boss),52376,是,0,否,否,官方 1.17.1,原版存在；配对已恢复
523770000,Nameless White Mask,52377,是,0,否,否,官方 1.17.1,原版存在；未定义官方处决配对
523770068,Nameless White Mask,52377,是,0,否,否,官方 1.17.1,原版存在；配对已恢复
523790000,,52379,是,0,否,否,官方 1.17.1,原版存在；未定义官方处决配对
523800000,Errant Sorcerer Wilhelm,52380,是,0,否,否,官方 1.17.1,原版存在；未定义官方处决配对
523800034,Errant Sorcerer Wilhelm,52380,是,0,否,否,官方 1.17.1,原版存在；配对已恢复
523810000,,52381,是,0,否,否,官方 1.17.1,原版存在；未定义官方处决配对
523820000,Chief Guardian Arghanthy,52382,是,0,否,否,官方 1.17.1,原版存在；未定义官方处决配对
523820050,Chief Guardian Arghanthy,52382,是,0,否,否,官方 1.17.1,原版存在；配对已恢复
523830000,Flame Guardian,52383,是,0,否,否,官方 1.17.1,原版存在；未定义官方处决配对
523830050,Flame Guardian,52383,是,0,否,否,官方 1.17.1,原版存在；配对已恢复
523840000,Inquisitor Ghiza,52384,是,0,否,否,官方 1.17.1,原版存在；未定义官方处决配对
523840038,Inquisitor Ghiza,52384,是,0,否,否,官方 1.17.1,原版存在；配对已恢复
523850000,Mad Tongue Alberich,52385,是,0,否,否,官方 1.17.1,原版存在；未定义官方处决配对
523860000,"Esgar, Priest of Blood (Boss)",52386,是,0,否,否,官方 1.17.1,原版存在；未定义官方处决配对
523870000,"Mary, Eldest Sister",52387,是,0,否,否,官方 1.17.1,原版存在；未定义官方处决配对
523870056,"Mary, Eldest Sister",52387,是,0,否,否,官方 1.17.1,原版存在；配对已恢复
523880000,"Maureen, Second Sister",52388,是,0,否,否,官方 1.17.1,原版存在；未定义官方处决配对
523880056,"Maureen, Second Sister",52388,是,0,否,否,官方 1.17.1,原版存在；配对已恢复
523890000,"Amy, Third Sister",52389,是,0,否,否,官方 1.17.1,原版存在；未定义官方处决配对
523890056,"Amy, Third Sister",52389,是,0,否,否,官方 1.17.1,原版存在；配对已恢复
523900000,"Polyanna, Youngest Sister",52390,是,0,否,否,官方 1.17.1,原版存在；未定义官方处决配对
523900056,"Polyanna, Youngest Sister",52390,是,0,否,否,官方 1.17.1,原版存在；配对已恢复
523910000,Magnus the Beast Claw,52391,是,0,否,否,官方 1.17.1,原版存在；未定义官方处决配对
523910030,Magnus the Beast Claw,52391,是,0,否,否,官方 1.17.1,原版存在；配对已恢复
523920000,,52392,是,0,否,否,官方 1.17.1,原版存在；未定义官方处决配对
523930000,,52393,是,0,否,否,官方 1.17.1,原版存在；未定义官方处决配对
524030000,Igon,52403,是,0,否,否,官方 1.17.1,原版存在；未定义官方处决配对
524030081,Igon (NPC) (Gravesite Plain - Pillar Path Waypoint),52403,是,0,否,否,官方 1.17.1,原版存在；配对已恢复
524030085,Igon (NPC) (Foot of the Jagged Peak - Drake Duo Area),52403,是,0,否,否,官方 1.17.1,原版存在；配对已恢复
524060000,Dragon Communion Priestess,52406,是,0,否,否,官方 1.17.1,原版存在；未定义官方处决配对
524060084,Dragon Communion Priestess (NPC) (Foot of the Jagged Peak - Grand Altar),52406,是,0,否,否,官方 1.17.1,原版存在；配对已恢复
524070000,Ancient Dragon-Man,52407,是,0,否,否,官方 1.17.1,原版存在；未定义官方处决配对
524070001,Ancient Dragon-Man,52407,是,0,否,否,官方 1.17.1,原版存在；配对已恢复
524070081,Ancient Dragon-Man (Boss) (Dragon's Pit),52407,是,0,否,否,官方 1.17.1,原版存在；配对已恢复
524090000,Swordhand of Night Jolan,52409,是,0,否,否,官方 1.17.1,原版存在；未定义官方处决配对
524090090,Swordhand of Night Jolan (NPC) (Scadu Altus - Cathedral of Manus Metyr),52409,是,0,否,否,官方 1.17.1,原版存在；配对已恢复
524090100,Swordhand of Night Jolan,52409,是,0,否,否,官方 1.17.1,原版存在；配对已恢复
524090190,Swordhand of Night Jolan (Invader) (Scadu Altus - Cathedral of Manus Metyr),52409,是,0,否,否,官方 1.17.1,原版存在；配对已恢复
524090290,Swordhand of Night Jolan (NPC) (Scadu Altus - Cathedral of Manus Metyr),52409,是,0,否,否,官方 1.17.1,原版存在；配对已恢复
524120000,Swordhand of Night Anna,52412,是,0,否,否,官方 1.17.1,原版存在；未定义官方处决配对
524120090,Swordhand of Night Anna (NPC) (Scadu Altus - Rabbath's Rise),52412,是,0,否,否,官方 1.17.1,原版存在；配对已恢复
524130000,Fire Knight Queelign,52413,是,0,否,否,官方 1.17.1,原版存在；未定义官方处决配对
524130098,Fire Knight Queelign (NPC) (Shadow Keep - Church District),52413,是,0,否,否,官方 1.17.1,原版存在；配对已恢复
524140000,Hornsent,52414,是,0,否,否,官方 1.17.1,原版存在；未定义官方处决配对
524140080,Hornsent (NPC) (Gravesite Plain - Three-Path Cross),52414,是,0,否,否,官方 1.17.1,原版存在；配对已恢复
524140089,Hornsent (NPC) (Enir-Ilim),52414,是,0,否,否,官方 1.17.1,原版存在；配对已恢复
524140090,Hornsent (NPC) (Scadu Altus - Highroad Cross),52414,是,0,否,否,官方 1.17.1,原版存在；配对已恢复
524140099,Hornsent (NPC) (Specimen Storehouse),52414,是,0,否,否,官方 1.17.1,原版存在；配对已恢复
524140189,Hornsent (Boss) (Enir-Ilim),52414,是,0,否,否,官方 1.17.1,原版存在；配对已恢复
524140198,Hornsent (Invasion Target) (Shadow Keep),52414,是,0,否,否,官方 1.17.1,原版存在；配对已恢复
524140289,Hornsent,52414,是,0,否,否,官方 1.17.1,原版存在；配对已恢复
524150000,Moore,52415,是,0,否,否,官方 1.17.1,原版存在；未定义官方处决配对
524150080,Moore (NPC) (Gravesite Plain - Belurat Main Gate Cross),52415,是,0,否,否,官方 1.17.1,原版存在；配对已恢复
524150089,Moore (NPC) (Enir-Ilim),52415,是,0,否,否,官方 1.17.1,原版存在；配对已恢复
524150090,Moore (NPC) (Scadu Altus - Church of the Crusade),52415,是,0,否,否,官方 1.17.1,原版存在；配对已恢复
524150189,Moore (Boss) (Enir-Ilim),52415,是,0,否,否,官方 1.17.1,原版存在；配对已恢复
524150289,Moore,52415,是,0,否,否,官方 1.17.1,原版存在；配对已恢复
524160000,Sir Ansbach,52416,是,0,否,否,官方 1.17.1,原版存在；未定义官方处决配对
524160080,Sir Ansbach (NPC) (Gravesite Plain - Belurat Main Gate Cross),52416,是,0,否,否,官方 1.17.1,原版存在；配对已恢复
524160089,Sir Ansbach (NPC) (Enir-Ilim),52416,是,0,否,否,官方 1.17.1,原版存在；配对已恢复
524160099,Sir Ansbach (NPC) (Specimen Storehouse),52416,是,0,否,否,官方 1.17.1,原版存在；配对已恢复
524160199,Sir Ansbach (Invasion Target) (Specimen Storehouse),52416,是,0,否,否,官方 1.17.1,原版存在；配对已恢复
524160289,Pureblood Knight Ansbach,52416,是,0,否,否,官方 1.17.1,原版存在；配对已恢复
524170000,Redmane Freyja,52417,是,0,否,否,官方 1.17.1,原版存在；未定义官方处决配对
524170080,Redmane Freyja (NPC) (Gravesite Plain - Three-Path Cross),52417,是,0,否,否,官方 1.17.1,原版存在；配对已恢复
524170089,Redmane Freyja (NPC) (Enir-Ilim),52417,是,0,否,否,官方 1.17.1,原版存在；配对已恢复
524170099,Redmane Freyja (NPC) (Specimen Storehouse),52417,是,0,否,否,官方 1.17.1,原版存在；配对已恢复
524170189,Redmane Freyja (Boss) (Enir-Ilim),52417,是,0,否,否,官方 1.17.1,原版存在；配对已恢复
524170289,Redmane Freyja,52417,是,0,否,否,官方 1.17.1,原版存在；配对已恢复
524180000,Needle Knight Leda,52418,是,0,否,否,官方 1.17.1,原版存在；未定义官方处决配对
524180068,Needle Knight Leda (NPC) (Mohgwyn Palace),52418,是,0,否,否,官方 1.17.1,原版存在；配对已恢复
524180089,Needle Knight Leda (NPC) (Enir-Ilim),52418,是,0,否,否,官方 1.17.1,原版存在；配对已恢复
524180090,Needle Knight Leda (NPC) (Scadu Altus - Highroad Cross),52418,是,0,否,否,官方 1.17.1,原版存在；配对已恢复
524180189,Needle Knight Leda (Boss) (Enir-Ilim),52418,是,0,否,否,官方 1.17.1,原版存在；配对已恢复
524180198,Needle Knight Leda (Invasion Target) (Shadow Keep),52418,是,0,否,否,官方 1.17.1,原版存在；配对已恢复
524180199,Needle Knight Leda (Invasion Target) (Specimen Storehouse),52418,是,0,否,否,官方 1.17.1,原版存在；配对已恢复
524180289,Needle Knight Leda,52418,是,0,否,否,官方 1.17.1,原版存在；配对已恢复
524190000,Thiollier,52419,是,0,否,否,官方 1.17.1,原版存在；未定义官方处决配对
524190081,Thiollier (NPC) (Gravesite Plain - Pillar Path Cross),52419,是,0,否,否,官方 1.17.1,原版存在；配对已恢复
524190087,Thiollier (NPC) (Stone Coffin Fissure),52419,是,0,否,否,官方 1.17.1,原版存在；配对已恢复
524190089,Thiollier (NPC) (Enir-Ilim),52419,是,0,否,否,官方 1.17.1,原版存在；配对已恢复
524190189,Thiollier,52419,是,0,否,否,官方 1.17.1,原版存在；配对已恢复
524200000,"Count Ymir, High Priest",52420,是,0,否,否,官方 1.17.1,原版存在；未定义官方处决配对
524200090,"Count Ymir, High Priest (NPC) (Scadu Altus - Cathedral of Manus Metyr)",52420,是,0,否,否,官方 1.17.1,原版存在；配对已恢复
524200190,"Count Ymir, Mother of Fingers (Boss)",52420,是,0,否,否,官方 1.17.1,原版存在；配对已恢复
524210000,(Tarnished) Red Bear,52421,是,0,否,否,官方 1.17.1,原版存在；未定义官方处决配对
524210001,(Tarnished) Red Bear,52421,是,0,否,否,官方 1.17.1,原版存在；配对已恢复
524210090,(Tarnished) Red Bear,52421,是,0,否,否,官方 1.17.1,原版存在；配对已恢复
524210095,(Tarnished) Red Bear (Boss) (Gravesite Plain - Northern Nameless Mausoleum),52421,是,0,否,否,官方 1.17.1,原版存在；配对已恢复
524220000,Dancer of Ranah,52422,是,0,否,否,官方 1.17.1,原版存在；未定义官方处决配对
524220001,Dancer of Ranah,52422,是,0,否,否,官方 1.17.1,原版存在；配对已恢复
524220083,Dancer of Ranah (Boss) (Cerulean Coast - Southern Nameless Mausoleum),52422,是,0,否,否,官方 1.17.1,原版存在；配对已恢复
524230000,Rakshasa,52423,是,0,否,否,官方 1.17.1,原版存在；未定义官方处决配对
524230090,Rakshasa,52423,是,0,否,否,官方 1.17.1,原版存在；配对已恢复
524230091,Rakshasa (Boss) (Scadu Altus - Western Nameless Mausoleum),52423,是,0,否,否,官方 1.17.1,原版存在；配对已恢复
524240000,Knight of the Solitary Gaol,52424,是,0,否,否,官方 1.17.1,原版存在；未定义官方处决配对
524240080,Knight of the Solitary Gaol (Boss) (Gravesite Plain - Western Nameless Mausoleum),52424,是,0,否,否,官方 1.17.1,原版存在；配对已恢复
524250000,Dryleaf Dane,52425,是,0,否,否,官方 1.17.1,原版存在；未定义官方处决配对
524250001,Dryleaf Dane,52425,是,0,否,否,官方 1.17.1,原版存在；配对已恢复
524250002,Dryleaf Dane,52425,是,0,否,否,官方 1.17.1,原版存在；配对已恢复
524250089,Dryleaf Dane (NPC) (Enir-Ilim),52425,是,0,否,否,官方 1.17.1,原版存在；配对已恢复
524250090,Dryleaf Dane (NPC) (Scadu Altus - Moorth Ruins),52425,是,0,否,否,官方 1.17.1,原版存在；配对已恢复
524250189,Dryleaf Dane (Boss) (Enir-Ilim),52425,是,0,否,否,官方 1.17.1,原版存在；配对已恢复
524250190,Dryleaf Dane (Miniboss) (Scadu Altus - Moorth Ruins),52425,是,0,否,否,官方 1.17.1,原版存在；配对已恢复
524250289,Dryleaf Dane,52425,是,0,否,否,官方 1.17.1,原版存在；配对已恢复
524270000,Lamenter,52427,是,0,否,否,官方 1.17.1,原版存在；未定义官方处决配对
524270001,Lamenter (Illusion) (Lamenter's Gaol),52427,是,0,否,否,官方 1.17.1,原版存在；配对已恢复
524270084,Lamenter (Boss) (Lamenter's Gaol),52427,是,0,否,否,官方 1.17.1,原版存在；配对已恢复
524280000,Greater Potentate,52428,是,0,否,否,官方 1.17.1,原版存在；未定义官方处决配对
524280090,Greater Potentate (Scadu Altus - Bonny Village),52428,是,0,否,否,官方 1.17.1,原版存在；配对已恢复
524290000,Madding Hand,52429,是,0,否,否,官方 1.17.1,原版存在；未定义官方处决配对
524290086,Madding Hand (Abyssal Woods - Woodland Trail),52429,是,0,否,否,官方 1.17.1,原版存在；配对已恢复
524310000,"Logur, the Beast Claw",52431,是,0,否,否,官方 1.17.1,原版存在；未定义官方处决配对
524310080,"Logur, the Beast Claw (Gravesite Plain - South of Scorched Ruins)",52431,是,0,否,否,官方 1.17.1,原版存在；配对已恢复
524320000,"Moonrithyll, Carian Knight",52432,是,0,否,否,官方 1.17.1,原版存在；未定义官方处决配对
524320082,"Moonrithyll, Carian Knight (Gravesite Plain - West Castle Ensis)",52432,是,0,否,否,官方 1.17.1,原版存在；配对已恢复
524700000,,52470,是,0,否,否,官方 1.17.1,原版存在；未定义官方处决配对
526000000,,52600,是,0,否,否,官方 1.17.1,原版存在；未定义官方处决配对
526050000,,52605,是,0,否,否,官方 1.17.1,原版存在；未定义官方处决配对
526060000,,52606,是,0,否,否,官方 1.17.1,原版存在；未定义官方处决配对
526100000,,52610,是,0,否,否,官方 1.17.1,原版存在；未定义官方处决配对
526100052,Stray Mimic Tear,52610,是,0,否,否,官方 1.17.1,原版存在；配对已恢复
526100965,Mimic Tear,52610,是,0,否,否,官方 1.17.1,原版存在；配对已恢复
527900000,,52790,是,0,否,否,官方 1.17.1,原版存在；未定义官方处决配对
527900010,Human,52790,是,0,否,否,官方 1.17.1,原版存在；配对已恢复
528500000,,52850,是,0,否,否,官方 1.17.1,原版存在；未定义官方处决配对
529000000,,52900,是,0,否,否,官方 1.17.1,原版存在；未定义官方处决配对
529000085,,52900,是,0,否,否,官方 1.17.1,原版存在；配对已恢复
533030100,,53303,是,0,否,否,官方 1.17.1,原版存在；未定义官方处决配对
533040100,Roundtable Knight Vyke,53304,是,0,否,否,官方 1.17.1,原版存在；未定义官方处决配对
533090000,Patches,53309,是,0,否,否,官方 1.17.1,原版存在；未定义官方处决配对
533090040,Patches,53309,是,0,否,否,官方 1.17.1,原版存在；配对已恢复
533110000,Castellan Edgar,53311,是,0,否,否,官方 1.17.1,原版存在；未定义官方处决配对
533110012,Castellan Edgar,53311,是,0,否,否,官方 1.17.1,原版存在；配对已恢复
533120000,Witch-Hunter Jerren,53312,是,0,否,否,官方 1.17.1,原版存在；未定义官方处决配对
533120024,Witch-Hunter Jerren,53312,是,0,否,否,官方 1.17.1,原版存在；配对已恢复
533121000,Castellan Jerren,53312,是,0,否,否,官方 1.17.1,原版存在；配对已恢复
533121040,Castellan Jerren,53312,是,0,否,否,官方 1.17.1,原版存在；配对已恢复
533160000,Sorceress Sellen,53316,是,0,否,否,官方 1.17.1,原版存在；未定义官方处决配对
533160024,Sorceress Sellen,53316,是,0,否,否,官方 1.17.1,原版存在；配对已恢复
533160124,Sorceress Sellen,53316,是,0,否,否,官方 1.17.1,原版存在；配对已恢复
533180000,"Yura, Hunter of Bloody Fingers",53318,是,0,否,否,官方 1.17.1,原版存在；未定义官方处决配对
533180030,"Yura, Hunter of Bloody Fingers",53318,是,0,否,否,官方 1.17.1,原版存在；配对已恢复
533181000,"Yura, Hunter of Bloody Fingers",53318,是,0,否,否,官方 1.17.1,原版存在；配对已恢复
533181010,"Yura, Hunter of Bloody Fingers",53318,是,0,否,否,官方 1.17.1,原版存在；配对已恢复
533181020,"Yura, Hunter of Bloody Fingers",53318,是,0,否,否,官方 1.17.1,原版存在；配对已恢复
533181070,Shabriri,53318,是,0,否,否,官方 1.17.1,原版存在；配对已恢复
533181110,"Yura, Hunter of Bloody Fingers",53318,是,0,否,否,官方 1.17.1,原版存在；配对已恢复
533190000,"D, Hunter of the Dead",53319,是,0,否,否,官方 1.17.1,原版存在；未定义官方处决配对
533190020,"D, Hunter of the Dead",53319,是,0,否,否,官方 1.17.1,原版存在；配对已恢复
533190065,"D, Beholder of Death",53319,是,0,否,否,官方 1.17.1,原版存在；配对已恢复
533190120,"D, Hunter of the Dead",53319,是,0,否,否,官方 1.17.1,原版存在；配对已恢复
533230000,Dung Eater,53323,是,0,否,否,官方 1.17.1,原版存在；未定义官方处决配对
533230034,Dung Eater,53323,是,0,否,否,官方 1.17.1,原版存在；配对已恢复
533230035,Dung Eater,53323,是,0,否,否,官方 1.17.1,原版存在；配对已恢复
533250000,Sorcerer Rogier,53325,是,0,否,否,官方 1.17.1,原版存在；未定义官方处决配对
533250014,Sorcerer Rogier,53325,是,0,否,否,官方 1.17.1,原版存在；配对已恢复
533260000,Knight Bernahl,53326,是,0,否,否,官方 1.17.1,原版存在；未定义官方处决配对
533260034,Recusant Bernahl,53326,是,0,否,否,官方 1.17.1,原版存在；配对已恢复
533260072,Recusant Bernahl,53326,是,0,否,否,官方 1.17.1,原版存在；配对已恢复
533290000,Recusant Bernahl,53329,是,0,否,否,官方 1.17.1,原版存在；未定义官方处决配对
533290040,Human,53329,是,0,否,否,官方 1.17.1,原版存在；配对已恢复
533310000,Blackguard,53331,是,0,否,否,官方 1.17.1,原版存在；未定义官方处决配对
533310026,Blackguard,53331,是,0,否,否,官方 1.17.1,原版存在；配对已恢复
533340000,"Nepheli Loux, Warrior",53334,是,0,否,否,官方 1.17.1,原版存在；未定义官方处决配对
533340014,"Nepheli Loux, Warrior",53334,是,0,否,否,官方 1.17.1,原版存在；配对已恢复
533340020,"Nepheli Loux, Warrior",53334,是,0,否,否,官方 1.17.1,原版存在；配对已恢复
533340070,"Nepheli Loux, Warrior",53334,是,0,否,否,官方 1.17.1,原版存在；配对已恢复
533350000,Reeling Rico,53335,是,0,否,否,官方 1.17.1,原版存在；未定义官方处决配对
533350068,Reeling Rico,53335,是,0,否,否,官方 1.17.1,原版存在；配对已恢复
533440000,Great Horned Tragoth,53344,是,0,否,否,官方 1.17.1,原版存在；未定义官方处决配对
533440026,Great Horned Tragoth,53344,是,0,否,否,官方 1.17.1,原版存在；配对已恢复
533440033,Great Horned Tragoth,53344,是,0,否,否,官方 1.17.1,原版存在；配对已恢复
533440040,Great Horned Tragoth,53344,是,0,否,否,官方 1.17.1,原版存在；配对已恢复
533450000,Old Knight Istvan,53345,是,0,否,否,官方 1.17.1,原版存在；未定义官方处决配对
533450010,Old Knight Istvan,53345,是,0,否,否,官方 1.17.1,原版存在；配对已恢复
533480000,Millicent,53348,是,0,否,否,官方 1.17.1,原版存在；未定义官方处决配对
533480056,Millicent,53348,是,0,否,否,官方 1.17.1,原版存在；配对已恢复
533481000,Millicent,53348,是,0,否,否,官方 1.17.1,原版存在；配对已恢复
533481026,Millicent,53348,是,0,否,否,官方 1.17.1,原版存在；配对已恢复
533481030,Millicent,53348,是,0,否,否,官方 1.17.1,原版存在；配对已恢复
533481033,Millicent,53348,是,0,否,否,官方 1.17.1,原版存在；配对已恢复
533481050,Millicent,53348,是,0,否,否,官方 1.17.1,原版存在；配对已恢复
533550000,Okina,53355,是,0,否,否,官方 1.17.1,原版存在；未定义官方处决配对
533550040,Okina,53355,是,0,否,否,官方 1.17.1,原版存在；配对已恢复
533630000,Finger Maiden Therolina,53363,是,0,否,否,官方 1.17.1,原版存在；未定义官方处决配对
533630040,Finger Maiden Therolina,53363,是,0,否,否,官方 1.17.1,原版存在；配对已恢复
533870000,"Mary, Eldest Sister",53387,是,0,否,否,官方 1.17.1,原版存在；未定义官方处决配对
533870056,"Mary, Eldest Sister",53387,是,0,否,否,官方 1.17.1,原版存在；配对已恢复
533880000,"Maureen, Second Sister",53388,是,0,否,否,官方 1.17.1,原版存在；未定义官方处决配对
533880056,"Maureen, Second Sister",53388,是,0,否,否,官方 1.17.1,原版存在；配对已恢复
533890000,"Amy, Third Sister",53389,是,0,否,否,官方 1.17.1,原版存在；未定义官方处决配对
533890056,"Amy, Third Sister",53389,是,0,否,否,官方 1.17.1,原版存在；配对已恢复
533900000,"Polyanna, Youngest Sister",53390,是,0,否,否,官方 1.17.1,原版存在；未定义官方处决配对
533900040,"Polyanna, Adopted Daughter",53390,是,0,否,否,官方 1.17.1,原版存在；配对已恢复
533900056,"Polyanna, Youngest Sister",53390,是,0,否,否,官方 1.17.1,原版存在；配对已恢复
534000000,,53400,是,0,否,否,官方 1.17.1,原版存在；未定义官方处决配对
534031000,Igon,53403,是,0,否,否,官方 1.17.1,原版存在；未定义官方处决配对
534031085,Drake Warrior Igon (Co-op) (Jagged Peak),53403,是,0,否,否,官方 1.17.1,原版存在；配对已恢复
534090000,Swordhand of Night Jolan,53409,是,0,否,否,官方 1.17.1,原版存在；未定义官方处决配对
534090083,Swordhand of Night Jolan (Co-op) (Cerulean Coast - Dragon Area),53409,是,0,否,否,官方 1.17.1,原版存在；配对已恢复
534090093,Swordhand of Night Jolan (Co-op) (Scadu Altus - Hinterlands),53409,是,0,否,否,官方 1.17.1,原版存在；配对已恢复
534090099,Swordhand of Night Jolan (Co-op) (Specimen Storehouse),53409,是,0,否,否,官方 1.17.1,原版存在；配对已恢复
534100000,,53410,是,0,否,否,官方 1.17.1,原版存在；未定义官方处决配对
534140000,Hornsent,53414,是,0,否,否,官方 1.17.1,原版存在；未定义官方处决配对
534140098,Hornsent (Co-op) (Shadow Keep),53414,是,0,否,否,官方 1.17.1,原版存在；配对已恢复
534140099,Hornsent (Co-op) (Specimen Storehouse),53414,是,0,否,否,官方 1.17.1,原版存在；配对已恢复
534140198,Hornsent (Assisted Spirit) (Shadow Keep),53414,是,0,否,否,官方 1.17.1,原版存在；配对已恢复
534160000,Sir Ansbach,53416,是,0,否,否,官方 1.17.1,原版存在；未定义官方处决配对
534160089,Pureblood Knight Ansbach (Co-op) (Enir-Ilim),53416,是,0,否,否,官方 1.17.1,原版存在；配对已恢复
534160099,Sir Ansbach (Assisted Spirit) (Specimen Storehouse),53416,是,0,否,否,官方 1.17.1,原版存在；配对已恢复
534160189,Pureblood Knight Ansbach (Helpful Spirit) (Enir-Ilim),53416,是,0,否,否,官方 1.17.1,原版存在；配对已恢复
534160289,Pureblood Knight Ansbach,53416,是,0,否,否,官方 1.17.1,原版存在；配对已恢复
534170000,Redmane Freyja,53417,是,0,否,否,官方 1.17.1,原版存在；未定义官方处决配对
534170088,"Redmane Freyja (Co-op) (Belurat, Tower Settlement)",53417,是,0,否,否,官方 1.17.1,原版存在；配对已恢复
534170090,Redmane Freyja (Co-op) (Rauh Base - Northwest Great Red Bear),53417,是,0,否,否,官方 1.17.1,原版存在；配对已恢复
534170098,Redmane Freyja (Co-op) (Shadow Keep),53417,是,0,否,否,官方 1.17.1,原版存在；配对已恢复
534180000,Needle Knight Leda,53418,是,0,否,否,官方 1.17.1,原版存在；未定义官方处决配对
534180082,Needle Knight Leda (Co-op) (Gravesite Plain - East Castle Ensis),53418,是,0,否,否,官方 1.17.1,原版存在；配对已恢复
534180094,Needle Knight Leda,53418,是,0,否,否,官方 1.17.1,原版存在；配对已恢复
534180098,Needle Knight Leda (Helpful Spirit) (Shadow Keep),53418,是,0,否,否,官方 1.17.1,原版存在；配对已恢复
534180099,Needle Knight Leda (Helpful Spirit) (Specimen Storehouse),53418,是,0,否,否,官方 1.17.1,原版存在；配对已恢复
534181000,Needle Knight Leda,53418,是,0,否,否,官方 1.17.1,原版存在；配对已恢复
534190000,Thiollier,53419,是,0,否,否,官方 1.17.1,原版存在；未定义官方处决配对
534190087,Thiollier (Co-op) (Stone Coffin Fissure),53419,是,0,否,否,官方 1.17.1,原版存在；配对已恢复
534190089,Thiollier (Co-op) (Enir-Ilim),53419,是,0,否,否,官方 1.17.1,原版存在；配对已恢复
534190189,Thiollier (Helpful Spirit) (Enir-Ilim),53419,是,0,否,否,官方 1.17.1,原版存在；配对已恢复
534190289,Thiollier,53419,是,0,否,否,官方 1.17.1,原版存在；配对已恢复
534200000,"Count Ymir, Hight Priest",53420,是,0,否,否,官方 1.17.1,原版存在；未定义官方处决配对
534250000,Dryleaf Dane,53425,是,0,否,否,官方 1.17.1,原版存在；未定义官方处决配对
534250082,Dryleaf Dane (Co-op) (Gravesite Plain - East Castle Ensis) (REMOVED),53425,是,0,否,否,官方 1.17.1,原版存在；配对已恢复
534250094,Dryleaf Dane (Co-op) (Ancient Ruins of Rauh - North Church of the Bud),53425,是,0,否,否,官方 1.17.1,原版存在；配对已恢复
534260000,Sanguine Noble Nataan,53426,是,0,否,否,官方 1.17.1,原版存在；未定义官方处决配对
534260089,Sanguine Noble Nataan (Helpful Spirit) (Enir-Ilim),53426,是,0,否,否,官方 1.17.1,原版存在；配对已恢复
534260189,Sanguine Noble Nataan,53426,是,0,否,否,官方 1.17.1,原版存在；配对已恢复
534300000,,53430,是,0,否,否,官方 1.17.1,原版存在；未定义官方处决配对
534400000,,53440,是,0,否,否,官方 1.17.1,原版存在；未定义官方处决配对
534500000,,53450,是,0,否,否,官方 1.17.1,原版存在；未定义官方处决配对
534600000,,53460,是,0,否,否,官方 1.17.1,原版存在；未定义官方处决配对
534700000,,53470,是,0,否,否,官方 1.17.1,原版存在；未定义官方处决配对
534800000,,53480,是,0,否,否,官方 1.17.1,原版存在；未定义官方处决配对
534900000,,53490,是,0,否,否,官方 1.17.1,原版存在；未定义官方处决配对
543030200,,54303,是,0,否,否,官方 1.17.1,原版存在；未定义官方处决配对
543110000,Edgar the Revenger,54311,是,0,否,否,官方 1.17.1,原版存在；未定义官方处决配对
543110020,Edgar the Revenger,54311,是,0,否,否,官方 1.17.1,原版存在；配对已恢复
543260000,Knight Bernahl,54326,是,0,否,否,官方 1.17.1,原版存在；未定义官方处决配对
543260072,Recusant Bernahl,54326,是,0,否,否,官方 1.17.1,原版存在；配对已恢复
543270000,"Eleonora, Violet Bloody Finger",54327,是,0,否,否,官方 1.17.1,原版存在；未定义官方处决配对
543270030,"Eleonora, Violet Bloody Finger",54327,是,0,否,否,官方 1.17.1,原版存在；配对已恢复
543270130,"Eleonora, Violet Bloody Finger",54327,是,0,否,否,官方 1.17.1,原版存在；配对已恢复
543390000,Ensha of the Royal Remains,54339,是,0,否,否,官方 1.17.1,原版存在；未定义官方处决配对
543390079,Ensha of the Royal Remains,54339,是,0,否,否,官方 1.17.1,原版存在；配对已恢复
543430000,Bloody Finger Nerijus,54343,是,0,否,否,官方 1.17.1,原版存在；未定义官方处决配对
543430010,Bloody Finger Nerijus,54343,是,0,否,否,官方 1.17.1,原版存在；配对已恢复
543430052,Sanguine Noble,54343,是,0,否,否,官方 1.17.1,原版存在；配对已恢复
543480000,Millicent,54348,是,0,否,否,官方 1.17.1,原版存在；未定义官方处决配对
543480040,Millicent,54348,是,0,否,否,官方 1.17.1,原版存在；配对已恢复
543690000,Recusant Henricus,54369,是,0,否,否,官方 1.17.1,原版存在；未定义官方处决配对
543690010,Recusant Henricus,54369,是,0,否,否,官方 1.17.1,原版存在；配对已恢复
543850000,Mad Tongue Alberich,54385,是,0,否,否,官方 1.17.1,原版存在；未定义官方处决配对
543850079,Mad Tongue Alberich,54385,是,0,否,否,官方 1.17.1,原版存在；配对已恢复
544000000,,54400,是,0,否,否,官方 1.17.1,原版存在；未定义官方处决配对
544070000,Ancient Dragon-Man,54407,是,0,否,否,官方 1.17.1,原版存在；未定义官方处决配对
544070081,Ancient Dragon-Man (Invader) (Gravesite Plain - North of Scorched Ruins),54407,是,0,否,否,官方 1.17.1,原版存在；配对已恢复
544090000,Swordhand of Night Jolan,54409,是,0,否,否,官方 1.17.1,原版存在；未定义官方处决配对
544100000,,54410,是,0,否,否,官方 1.17.1,原版存在；未定义官方处决配对
544120000,Swordhand of Night Anna,54412,是,0,否,否,官方 1.17.1,原版存在；未定义官方处决配对
544120090,Swordhand of Night Anna (Invader) (Scadu Altus - Finger Ruins of Miyr),54412,是,0,否,否,官方 1.17.1,原版存在；配对已恢复
544130000,Fire Knight Queelign,54413,是,0,否,否,官方 1.17.1,原版存在；未定义官方处决配对
544130088,"Fire Knight Queelign (Invader) (Belurat, Tower Settlement)",54413,是,0,否,否,官方 1.17.1,原版存在；配对已恢复
544130090,Fire Knight Queelign (Invader) (Scadu Altus - Church of the Crusade),54413,是,0,否,否,官方 1.17.1,原版存在；配对已恢复
544130188,Fire Knight Queelign,54413,是,0,否,否,官方 1.17.1,原版存在；配对已恢复
544130190,Fire Knight Queelign,54413,是,0,否,否,官方 1.17.1,原版存在；配对已恢复
544140000,Hornsent,54414,是,0,否,否,官方 1.17.1,原版存在；未定义官方处决配对
544140094,Hornsent (Invader) (Ancient Ruins of Rauh - Rot Ruins),54414,是,0,否,否,官方 1.17.1,原版存在；配对已恢复
544150000,Moore,54415,是,0,否,否,官方 1.17.1,原版存在；未定义官方处决配对
544150080,Moore (Invader) (Gravesite Plain - Prospect Town),54415,是,0,否,否,官方 1.17.1,原版存在；配对已恢复
544150081,Moore,54415,是,0,否,否,官方 1.17.1,原版存在；配对已恢复
544150083,Moore (Invader) (Gravesite Plain - Ellac River End),54415,是,0,否,否,官方 1.17.1,原版存在；配对已恢复
544150090,Moore (Invader) (Scadu Altus),54415,是,0,否,否,官方 1.17.1,原版存在；配对已恢复
544150180,Moore (Hostile) (Gravesite Plain - Prospect Town),54415,是,0,否,否,官方 1.17.1,原版存在；配对已恢复
544150181,Moore,54415,是,0,否,否,官方 1.17.1,原版存在；配对已恢复
544150183,Moore (Hostile) (Gravesite Plain - Ellac River End),54415,是,0,否,否,官方 1.17.1,原版存在；配对已恢复
544150190,Moore (Hostile) (Scadu Altus),54415,是,0,否,否,官方 1.17.1,原版存在；配对已恢复
544160000,Sir Ansbach,54416,是,0,否,否,官方 1.17.1,原版存在；未定义官方处决配对
544170000,Redmane Freyja,54417,是,0,否,否,官方 1.17.1,原版存在；未定义官方处决配对
544180000,Needle Knight Leda,54418,是,0,否,否,官方 1.17.1,原版存在；未定义官方处决配对
544190000,Thiollier,54419,是,0,否,否,官方 1.17.1,原版存在；未定义官方处决配对
544190087,Thiollier (Invader) (Stone Coffin Fissure),54419,是,0,否,否,官方 1.17.1,原版存在；配对已恢复
544200000,,54420,是,0,否,否,官方 1.17.1,原版存在；未定义官方处决配对
544250000,Dryleaf Dane,54425,是,0,否,否,官方 1.17.1,原版存在；未定义官方处决配对
544300000,,54430,是,0,否,否,官方 1.17.1,原版存在；未定义官方处决配对
544400000,,54440,是,0,否,否,官方 1.17.1,原版存在；未定义官方处决配对
544500000,,54450,是,0,否,否,官方 1.17.1,原版存在；未定义官方处决配对
544600000,,54460,是,0,否,否,官方 1.17.1,原版存在；未定义官方处决配对
544700000,,54470,是,0,否,否,官方 1.17.1,原版存在；未定义官方处决配对
544710000,,54471,是,0,否,否,官方 1.17.1,原版存在；未定义官方处决配对
544800000,,54480,是,0,否,否,官方 1.17.1,原版存在；未定义官方处决配对
544900000,,54490,是,0,否,否,官方 1.17.1,原版存在；未定义官方处决配对
599999999,,59999,是,0,否,否,官方 1.17.1,原版存在；未定义官方处决配对
